,country,income_group,population_2020,overall_performance,factor_knowledge,factor_technology,factor_future_readiness,subfact_know_talent,subfact_know_training_education,subfact_know_scientific_concentration,subfact_tech_regulatory_framework,subfact_tech_capital,subfact_tech_technological_framework,subfact_fr_adaptive_attitudes,subfact_fr_business_agility,subfact_fr_it_integration,gini_value,totalcount,avg,vulnper1k,exposureperperson
0,Afghanistan,Low,38928000.0,,,,,,,,,,,,,,,4126,7.66047018904508,0.10599054665022606,0.0008119374229346487
1,Aland Islands,,29013.0,,,,,,,,,,,,,,,37687,7.17954641909814,1298.9694274980181,9.329228276979283
2,Albania,Upper middle,2878000.0,,,,,,,,,,,,,,33.2,23814,7.920738004281938,8.27449617790132,0.06555938151494095
3,Algeria,Lower middle,43851000.0,,,,,,,,,,,,,,27.6,17428,7.736923341748908,0.3974367745319377,0.0030749378577455467
4,American Samoa,Upper middle,55000.0,,,,,,,,,,,,,,,551,7.49092558983666,10.018181818181818,0.07504545454545454
5,Andorra,High,77000.0,,,,,,,,,,,,,,,24040,7.783913495529215,312.2077922077922,2.430703896103896
6,Angola,Lower middle,32866000.0,,,,,,,,,,,,,,51.3,13366,7.416599371915655,0.406681677113126,0.003018000365118967
7,Anguilla,,15000.0,,,,,,,,,,,,,,,3550,7.333305180180178,236.66666666666666,1.736526666666666
8,Antigua and Barbuda,High,98000.0,,,,,,,,,,,,,,,487699,7.606624993080602,4976.5204081632655,37.859181632653076
9,Argentina,Upper middle,45196000.0,59.0,50.0,62.0,47.0,56.0,43.0,55.0,57.0,62.0,56.0,49.0,39.0,52.0,41.4,415357,7.946288373615951,9.19012744490663,0.07302740286751042
10,Armenia,Upper middle,2963000.0,,,,,,,,,,,,,,34.4,308472,7.071579752563021,104.10799865001688,0.7363297333783331
11,Aruba,High,107000.0,,,,,,,,,,,,,,,1243204,7.357939091234458,11618.728971962617,85.49890841121491
12,Australia,High,25500000.0,15.0,17.0,14.0,17.0,6.0,28.0,19.0,6.0,13.0,20.0,5.0,43.0,12.0,34.4,1128595,7.529559319330674,44.25862745098039,0.3332479607843138
13,Austria,High,9006000.0,17.0,11.0,28.0,16.0,12.0,12.0,14.0,24.0,30.0,33.0,21.0,21.0,9.0,29.7,376985,7.969252092258314,41.859316011547854,0.3335874417055297
14,Azerbaijan,Upper middle,10139000.0,,,,,,,,,,,,,,26.6,24070,7.316836289619076,2.3740013808067855,0.01737234441266397
15,Bahamas,High,393000.0,,,,,,,,,,,,,,,18722,7.470731446876671,47.63867684478372,0.35604783715012733
16,Bahrain,High,1702000.0,,,,,,,,,,,,,,,79952,7.107635735994899,46.975323149236196,0.3338876615746182
17,Bangladesh,Lower middle,164689000.0,,,,,,,,,,,,,,32.4,194658,7.606661909138049,1.1819732951198927,0.008996459994292272
18,Barbados,High,287000.0,,,,,,,,,,,,,,,392404,6.87957364617627,1367.2613240418118,9.40713379790941
19,Belarus,Upper middle,9449000.0,,,,,,,,,,,,,,25.4,50628,7.686863000711071,5.358027304476664,0.041186421843581345
20,Belgium,High,11590000.0,25.0,21.0,19.0,25.0,20.0,31.0,21.0,19.0,21.0,29.0,24.0,35.0,26.0,27.4,593213,7.664759613925907,51.183175150992234,0.39233384814495254
21,Belize,Upper middle,398000.0,,,,,,,,,,,,,,53.3,161317,7.986740639722291,405.31909547738695,3.2372386934673365
22,Benin,Lower middle,12123000.0,,,,,,,,,,,,,,47.8,2021,7.66092977250247,0.16670791058318898,0.0012777695289944728
23,Bermuda,High,62000.0,,,,,,,,,,,,,,,3049,7.506264348966875,49.17741935483871,0.3691387096774194
24,Bhutan,Lower middle,772000.0,,,,,,,,,,,,,,37.4,4192,7.630868320610684,5.430051813471502,0.04143601036269429
25,Bolivia,Lower middle,11673000.0,,,,,,,,,,,,,,44.0,33061,7.687949547805571,2.8322624860789856,0.02177429109911762
26,Bosnia and Herzegovina,Upper middle,3281000.0,,,,,,,,,,,,,,33.0,20444,7.7782011151325445,6.231027125876257,0.048470923498933255
27,Botswana,Upper middle,2352000.0,,,,,,,,,,,,,,53.3,33910,7.440553688307092,14.41751700680272,0.10729961734693874
28,Bouvet Island,,,,,,,,,,,,,,,,,0,7.047999999999999,,
29,Brazil,Upper middle,212559000.0,51.0,57.0,57.0,43.0,62.0,61.0,27.0,52.0,58.0,50.0,39.0,41.0,48.0,53.9,4507085,7.610728935635129,21.203924557417,0.16142129102978475
30,British Indian Ocean Territory,,,,,,,,,,,,,,,,,1717,7.313197674418605,,
31,British Virgin Islands,High,30000.0,,,,,,,,,,,,,,,3790,7.155221518987341,126.33333333333333,0.90442
32,Brunei Darussalam,High,437000.0,,,,,,,,,,,,,,,5138,7.8225379525107,11.757437070938215,0.09197299771167042
33,Bulgaria,Upper middle,6948000.0,45.0,47.0,45.0,44.0,48.0,50.0,42.0,55.0,48.0,39.0,41.0,40.0,47.0,40.4,301717,7.97883606475881,43.42501439263097,0.34650174150834767
34,Burkina Faso,Low,20903000.0,,,,,,,,,,,,,,35.3,52496,7.532637553088162,2.511409845476726,0.01892150409032197
35,Burundi,Low,11891000.0,,,,,,,,,,,,,,38.6,6590,7.156646433990893,0.5542006559582878,0.003966218148179294
36,Cabo Verde,Lower middle,556000.0,,,,,,,,,,,,,,42.4,4596578,7.652342853040919,8267.226618705035,63.27124982014388
37,Cambodia,Lower middle,16719000.0,,,,,,,,,,,,,,,24894,7.561368201172972,1.488964650995873,0.011258609964710807
38,Cameroon,Lower middle,26546000.0,,,,,,,,,,,,,,46.6,6443,7.1095452428992685,0.24271076621713253,0.001725563173359451
39,Canada,High,37742000.0,12.0,5.0,13.0,15.0,8.0,6.0,7.0,12.0,3.0,26.0,16.0,16.0,13.0,34.0,3451079,7.495852369650187,91.43868899369403,0.6854109135710879
40,Caribbean Netherlands,,26000.0,,,,,,,,,,,,,,,861,7.3692218350754946,33.11538461538461,0.2440346153846154
41,Cayman Islands,High,66000.0,,,,,,,,,,,,,,,342977,6.895047634595425,5196.621212121212,35.83627878787878
42,Central African Republic,Low,4830000.0,,,,,,,,,,,,,,56.2,3801,7.372803787480272,0.7869565217391304,0.005803602484472048
43,Chad,Low,16426000.0,,,,,,,,,,,,,,43.3,271,7.673800738007381,0.016498234506270547,0.00012660416413003776
44,Chile,High,19116000.0,41.0,49.0,40.0,39.0,37.0,49.0,58.0,33.0,40.0,44.0,22.0,54.0,40.0,46.6,359398,7.649783832808453,18.800899769826323,0.1438412272441934
45,China,Upper middle,1439324000.0,16.0,8.0,27.0,18.0,13.0,40.0,2.0,18.0,31.0,32.0,17.0,4.0,35.0,38.5,7532736,7.195014175460284,5.233523515205749,0.0376552758795101
46,Christmas Island,,2205.0,,,,,,,,,,,,,,,12162495,7.821178642765296,5515870.748299319,43199.72512471656
47,Cocos (Keeling) Islands,,600.0,,,,,,,,,,,,,,,343079,7.085223050223095,571798.3333333334,4051.9091666666673
48,Colombia,Upper middle,50771878.0,61.0,59.0,61.0,50.0,54.0,48.0,57.0,60.0,56.0,61.0,60.0,38.0,49.0,50.4,307718,7.532529035948026,6.060796096610805,0.04565371601972254
49,Comoros,Lower middle,865696.0,,,,,,,,,,,,,,45.3,3303,6.867817135937028,3.8154271245333233,0.0262036557867889
50,Cook Islands,,18000.0,,,,,,,,,,,,,,,866,7.451385681293302,48.111111111111114,0.35849444444444445
51,Costa Rica,Upper middle,5094000.0,,,,,,,,,,,,,,48.3,49544,7.904315356047151,9.725952100510405,0.07687699254024344
52,"Cote d,Ivoire",Lower middle,26378000.0,,,,,,,,,,,,,,41.5,4467,7.913588538168795,0.16934566684358177,0.00134013192812192
53,Croatia,High,4105000.0,52.0,41.0,49.0,62.0,61.0,26.0,32.0,59.0,43.0,40.0,46.0,63.0,59.0,31.1,82879,7.798938275179773,20.189768574908648,0.15746825822168095
54,Cuba,Upper middle,11327000.0,,,,,,,,,,,,,,,505076,7.139746416976802,44.590447603072306,0.3184174362143552
55,Curacao,High,164000.0,,,,,,,,,,,,,,,5305834,6.816401544177481,32352.646341463416,220.59458963414627
56,Cyprus,High,1207000.0,40.0,40.0,52.0,29.0,57.0,30.0,35.0,47.0,52.0,52.0,28.0,42.0,29.0,34.0,25541,7.695599232606397,21.16072908036454,0.16284449047224522
57,Czech Republic,High,10709000.0,35.0,37.0,36.0,36.0,26.0,46.0,31.0,45.0,27.0,28.0,34.0,27.0,36.0,25.9,771332,7.950227910920273,72.0265197497432,0.5726435801662151
58,Denmark,High,5792000.0,3.0,6.0,9.0,1.0,4.0,9.0,15.0,4.0,23.0,6.0,2.0,5.0,1.0,28.2,144578,8.046172680679762,24.96167127071823,0.20084730662983416
59,Djibouti,Lower middle,988000.0,,,,,,,,,,,,,,41.6,12273,7.294713261648746,12.422064777327936,0.09063755060728745
60,Dominica,Upper middle,72000.0,,,,,,,,,,,,,,,16515,7.535357142857142,229.375,1.7289458333333332
61,Dominican Republic,Upper middle,10848000.0,,,,,,,,,,,,,,45.7,78356,7.456064511189935,7.223082595870206,0.05386814159292035
62,Ecuador,Upper middle,17643000.0,,,,,,,,,,,,,,44.7,183235,7.63956649622649,10.385705378903815,0.07934921498611351
63,Egypt,Lower middle,102334000.0,,,,,,,,,,,,,,31.8,61070,7.588014533789422,0.5967713565383939,0.004530460062149431
64,El Salvador,Lower middle,6486000.0,,,,,,,,,,,,,,38.0,13869,7.720664791982118,2.1382978723404253,0.016509081097748998
65,Equatorial Guinea,Upper middle,1403000.0,,,,,,,,,,,,,,,435,7.880459770114942,0.31004989308624376,0.002443335709194583
66,Eritrea,Low,3546000.0,,,,,,,,,,,,,,,744105,7.296002542334165,209.84348561759728,1.5312099548787368
67,Estonia,High,1327000.0,21.0,23.0,23.0,20.0,31.0,3.0,47.0,30.0,29.0,17.0,18.0,26.0,22.0,32.7,140740,7.764352904399225,106.05877920120572,0.8235480030143179
68,Eswatini,Lower middle,1160000.0,,,,,,,,,,,,,,51.5,297701,6.772177890621849,256.6387931034483,1.7383246551724132
69,Ethiopia,Low,114964000.0,10.0,15.0,10.0,9.0,11.0,20.0,12.0,13.0,6.0,10.0,10.0,22.0,2.0,35.0,6448,7.597363523573204,0.05608712292543753,0.00042611426185588545
70,Falkland Islands (Islas Malvinas),,3000.0,,,,,,,,,,,,,,,143,7.7363636363636346,47.666666666666664,0.3687666666666666
71,Faroe Islands,High,49000.0,,,,,,,,,,,,,,,762,7.7080052493438345,15.551020408163266,0.11986734693877554
72,Federated States of Micronesia ,Lower middle,115000.0,,,,,,,,,,,,,,,775,7.053419354838714,6.739130434782608,0.04753391304347829
73,Fiji,Upper middle,896000.0,,,,,,,,,,,,,,36.7,3725044,6.924863903038631,4157.415178571428,28.79707745535714
74,Finland,High,5541000.0,,,,,,,,,,,,,,27.1,384735,7.7350426395173875,69.43421765024364,0.5370794260963727
75,France,High,65274000.0,24.0,20.0,15.0,31.0,25.0,36.0,13.0,9.0,20.0,19.0,36.0,36.0,21.0,32.7,8102432,7.644526829456115,124.12954622054723,0.9489952661090174
76,French Guiana,,299000.0,,,,,,,,,,,,,,,886,7.743792325056439,2.963210702341137,0.022946488294314397
77,French Polynesia,High,281000.0,,,,,,,,,,,,,,,18198,7.3614704590379985,64.76156583629893,0.47710711743772255
78,French Southern Territories,,,,,,,,,,,,,,,,,552,7.315579710144927,,
79,Gabon,Upper middle,2226000.0,,,,,,,,,,,,,,38.0,1343,7.627773641102008,0.6033243486073675,0.004602021563342317
80,Georgia,Upper middle,3989000.0,,,,,,,,,,,,,,37.9,24426,7.444941060903727,6.123339182752569,0.04559909751817495
81,Germany,High,83784000.0,18.0,12.0,31.0,19.0,22.0,17.0,5.0,28.0,16.0,45.0,23.0,15.0,20.0,31.7,6943710,7.805897682938947,82.87632483529075,0.6469241120022916
82,Ghana,Lower middle,31073000.0,,,,,,,,,,,,,,43.5,8665,7.702850548182339,0.27885945998133427,0.002148012744183052
83,Gibraltar,High,34000.0,,,,,,,,,,,,,,,7676,7.378882230328293,225.76470588235293,1.6658911764705877
84,Greece,High,10423000.0,46.0,48.0,43.0,46.0,50.0,56.0,36.0,41.0,49.0,46.0,44.0,55.0,45.0,36.0,121028,7.906544766500315,11.611628130096902,0.09180785762256549
85,Greenland,High,57000.0,,,,,,,,,,,,,,,2362,7.496062658763758,41.43859649122807,0.31062631578947364
86,Grenada,Upper middle,113000.0,,,,,,,,,,,,,,,1128,7.378014184397163,9.982300884955752,0.07364955752212389
87,Guadeloupe,,400000.0,,,,,,,,,,,,,,,98370,7.168259160309222,245.925,1.7641265000000002
88,Guam,High,169000.0,,,,,,,,,,,,,,,917,7.6865866957470015,5.42603550295858,0.04170769230769231
89,Guatemala,Upper middle,17916000.0,,,,,,,,,,,,,,48.3,31331,7.528292433864117,1.7487720473319937,0.013167788568876971
90,Guernsey,,173863.0,,,,,,,,,,,,,,,1157,7.464075993091538,6.654664879819168,0.04971385516182282
91,Guinea,Low,13133000.0,,,,,,,,,,,,,,33.7,1071,8.061064425770311,0.0815502931546486,0.0006573821670600779
92,Guinea-Bissau,Low,1968000.0,,,,,,,,,,,,,,50.7,587,7.462180579216355,0.29827235772357724,0.002225762195121951
93,Guyana,Upper middle,787000.0,,,,,,,,,,,,,,44.6,6774998,7.921903067167935,8608.637865311308,68.20284434561626
94,Haiti,Low,11403000.0,,,,,,,,,,,,,,41.1,1434,7.785564853556485,0.1257563799000263,0.0009790844514601421
95,Heard Island and McDonald Islands,,,,,,,,,,,,,,,,,20224,7.1704558939873415,,
96,Holy See,,1000.0,,,,,,,,,,,,,,,43017,7.054909023307695,43017.0,303.5939
97,Honduras,Lower middle,9905000.0,,,,,,,,,,,,,,50.5,26987,7.799392367543532,2.724583543664816,0.021252458354366472
98,Hong Kong,High,7497000.0,5.0,7.0,2.0,10.0,7.0,5.0,17.0,7.0,12.0,2.0,4.0,14.0,19.0,,2986994,7.096533732657629,398.4252367613712,2.827487354941982
99,Hungary,High,9660000.0,47.0,44.0,39.0,60.0,44.0,45.0,44.0,39.0,46.0,24.0,62.0,59.0,41.0,30.4,1266700,7.5824483787453,131.12836438923395,0.9944467391304344
100,Iceland,High,341000.0,23.0,27.0,21.0,22.0,33.0,15.0,46.0,15.0,35.0,16.0,25.0,19.0,27.0,27.8,1158535,7.112077652842463,3397.4633431085044,24.165296480938423
101,India,Lower middle,1380004000.0,48.0,39.0,50.0,56.0,41.0,51.0,29.0,53.0,7.0,62.0,55.0,52.0,55.0,35.7,2169200,7.562065568450137,1.5718795017985454,0.011886732574688186
102,Indonesia,Upper middle,273524000.0,56.0,63.0,54.0,48.0,43.0,63.0,51.0,51.0,41.0,55.0,58.0,24.0,60.0,38.1,897423,7.6334411973800655,3.280966204062532,0.025045146312572215
103,Iran,Upper middle,83993000.0,,,,,,,,,,,,,,40.0,1807388,7.174977453404163,21.51831700260736,0.15448646553879491
104,Iraq,Upper middle,40223000.0,,,,,,,,,,,,,,29.5,38654,7.635921250064675,0.9609924669964945,0.007338062799890609
105,Ireland,High,4938000.0,20.0,24.0,30.0,14.0,19.0,35.0,25.0,14.0,45.0,30.0,12.0,9.0,25.0,31.8,1381786,7.58882772815203,279.8270554880518,2.1235608545970046
106,Isle of Man,High,85000.0,,,,,,,,,,,,,,,159692,7.398530074623127,1878.729411764706,13.90366588235294
107,Israel,High,8656000.0,19.0,9.0,32.0,23.0,28.0,1.0,3.0,32.0,26.0,36.0,26.0,29.0,14.0,38.9,113346,7.593523370917368,13.094500924214417,0.09943339879852126
108,Italy,High,60462000.0,42.0,42.0,46.0,38.0,42.0,58.0,22.0,48.0,54.0,43.0,42.0,23.0,39.0,35.4,2895906,7.602255790707589,47.896298501538155,0.36416127981211327
109,Jamaica,Upper middle,2961000.0,,,,,,,,,,,,,,45.5,4399,7.617981359399864,1.48564674096589,0.011317629179331308
110,Japan,High,126476000.0,27.0,22.0,26.0,26.0,46.0,15.0,11.0,44.0,33.0,5.0,19.0,56.0,23.0,32.1,4796647,7.75718869868889,37.92535342673709,0.29419412299566694
111,Jersey,,173863.0,,,,,,,,,,,,,,,6294,7.40479593457202,36.20091681381317,0.2681881711462474
112,Jordan,Upper middle,10203000.0,53.0,54.0,44.0,58.0,40.0,33.0,63.0,42.0,38.0,63.0,61.0,37.0,57.0,33.7,4779398,7.521332369385362,468.4306576497109,3.523917818288738
113,Kazakhstan,Upper middle,18777000.0,36.0,34.0,41.0,33.0,49.0,4.0,54.0,23.0,55.0,48.0,33.0,13.0,46.0,27.5,79283,7.619132167311893,4.2223464877243435,0.03217791979549451
114,Kenya,Lower middle,53771000.0,,,,,,,,,,,,,,40.8,34923,7.700197560556605,0.649476483606405,0.005001526845325547
115,Kiribati,Lower middle,119000.0,,,,,,,,,,,,,,37.0,31593,7.478577305233846,265.4873949579832,1.9860336134453782
116,Kuwait,High,4271000.0,,,,,,,,,,,,,,,21068,9.17481488513385,4.932802622336689,0.04525755092484195
117,Kyrgyz Republic,Lower middle,6524000.0,,,,,,,,,,,,,,27.3,8947,7.876517268358107,1.3713979153893316,0.010801839362354381
118,Laos,Lower middle,7276000.0,,,,,,,,,,,,,,36.4,5206,7.572935074913562,0.7155030236393622,0.005418457943925235
119,Latvia,High,1886000.0,38.0,36.0,34.0,42.0,27.0,27.0,49.0,37.0,50.0,13.0,51.0,45.0,37.0,34.2,108938,8.067863371826178,57.761399787910925,0.46601108165429495
120,Lebanon,Upper middle,6825000.0,,,,,,,,,,,,,,31.8,1976321,7.6526057158224425,289.5708424908425,2.2181097289377285
121,Lesotho,Lower middle,2142000.0,,,,,,,,,,,,,,54.2,7142,7.635759272218334,3.3342670401493932,0.0254703548085901
122,Liberia,Low,5058000.0,,,,,,,,,,,,,,35.3,666,7.448048048048049,0.13167259786476868,0.0009807038355081061
123,Libya,Upper middle,6871000.0,,,,,,,,,,,,,,,49882,7.325929116662991,7.259787512734682,0.05321774123126181
124,Liechtenstein,High,38000.0,,,,,,,,,,,,,,,7367,7.636959175369594,193.8684210526316,1.4817710526315793
125,Lithuania,High,2722000.0,29.0,25.0,29.0,30.0,23.0,16.0,40.0,27.0,42.0,18.0,47.0,18.0,32.0,37.4,382533,8.008226873599813,140.53379867744306,1.1254441954445258
126,Luxembourg,High,626000.0,28.0,35.0,17.0,27.0,39.0,23.0,41.0,8.0,15.0,35.0,48.0,34.0,16.0,33.8,114164,7.839950422199642,182.370607028754,1.4297765175718848
127,Macao,High,649000.0,,,,,,,,,,,,,,,10772,7.6152896398069005,16.597842835130972,0.12639738058551608
128,Madagascar,Low,27691000.0,,,,,,,,,,,,,,42.6,29150,7.48004662643993,1.0526885991838504,0.00787902206493084
129,Malawi,Low,19130000.0,,,,,,,,,,,,,,44.7,2894,7.805943331029716,0.1512807109252483,0.0011808886565603763
130,Malaysia,Upper middle,32366000.0,26.0,19.0,20.0,30.0,30.0,8.0,26.0,35.0,18.0,15.0,30.0,30.0,55.0,41.0,269963,7.660070231586432,8.340944200704444,0.06389245504541802
131,Maldives,Upper middle,541000.0,,,,,,,,,,,,,,,239849,7.289000283465616,443.3438077634011,3.2320585951940846
132,Mali,Low,20251000.0,,,,,,,,,,,,,,,58567,7.104209915323679,2.892054713347489,0.020548921040936242
133,Malta,High,442000.0,,,,,,,,,,,,,,33.0,98799,7.4942811747323255,223.52714932126696,1.6754296380090499
134,Marshall Islands,Upper middle,59000.0,,,,,,,,,,,,,,29.4,4428,7.475570106118763,75.05084745762711,0.5611745762711865
135,Martinique,,375000.0,,,,,,,,,,,,,,,40281,7.445340813185718,107.416,0.7998479999999996
136,Mauritania,Lower middle,4650000.0,,,,,,,,,,,,,,32.6,2758,7.349601160261059,0.5931182795698925,0.004359182795698925
137,Mauritius,High,1272000.0,,,,,,,,,,,,,,38.5,228508,7.846275234014993,179.64465408805032,1.4095599056603774
138,Mayotte,,273000.0,,,,,,,,,,,,,,,10031,7.690213274865457,36.743589743589745,0.2826505494505494
139,Mexico,Upper middle,128933000.0,54.0,52.0,56.0,62.0,45.0,57.0,43.0,50.0,53.0,54.0,52.0,50.0,53.0,48.3,332152,7.789665273730106,2.5761597108575773,0.02006742183924986
140,Monaco,High,39000.0,,,,,,,,,,,,,,,5481,7.320197044334972,140.53846153846155,1.0287692307692304
141,Mongolia,Lower middle,3278000.0,62.0,58.0,60.0,59.0,60.0,41.0,61.0,58.0,60.0,60.0,40.0,61.0,61.0,32.3,13885,7.598638818869282,4.23581452104942,0.03218642464917632
142,Montenegro,Upper middle,628000.0,,,,,,,,,,,,,,31.9,21056,7.433195670749072,33.52866242038217,0.24934347133757953
143,Montserrat,,5000.0,,,,,,,,,,,,,,,830,7.276173285198556,166.0,1.2093
144,Morocco,Lower middle,36911000.0,,,,,,,,,,,,,,39.5,37725,7.770746964957853,1.0220530465172983,0.007942326135840264
145,Mozambique,Low,31255000.0,,,,,,,,,,,,,,54.0,19153,7.272481085311768,0.6127979523276276,0.004459353703407456
146,Myanmar,Lower middle,54410000.0,,,,,,,,,,,,,,38.1,19070,7.627480075503353,0.35048704282301046,0.0026736133063775033
147,Namibia,,2541000.0,,,,,,,,,,,,,,59.1,4880,7.793627049180335,1.9205037386855568,0.014967689885871719
148,Nauru,High,11000.0,,,,,,,,,,,,,,,2306,6.947267996530785,209.63636363636363,1.4563999999999993
149,Nepal,Lower middle,29137000.0,,,,,,,,,,,,,,32.8,29881,7.827257211699348,1.0255345437073138,0.008027391289425813
150,Netherlands,High,17135000.0,7.0,14.0,8.0,4.0,3.0,29.0,16.0,11.0,2.0,12.0,7.0,8.0,6.0,28.2,2590159,7.696677732911381,151.1618908666472,1.1634443594981039
151,New Caledonia,High,285000.0,,,,,,,,,,,,,,,13013,7.581851709565884,45.65964912280702,0.346237894736842
152,New Zealand,High,4822000.0,22.0,28.0,18.0,21.0,17.0,37.0,34.0,21.0,24.0,21.0,54.0,47.0,58.0,,121700,7.922513824638675,25.23849025300705,0.19995721692243895
153,Nicaragua,Lower middle,6625000.0,,,,,,,,,,,,,,46.2,6952,7.680483244642599,1.0493584905660378,0.008060739622641509
154,Niger,Low,24207000.0,,,,,,,,,,,,,,34.3,3226,7.2954756740006195,0.1332672367497005,0.0009725492626099888
155,Nigeria,Lower middle,206140000.0,,,,,,,,,,,,,,43.0,306170,7.336541651428873,1.4852527408557292,0.010899679344135058
156,Niue,,2000.0,,,,,,,,,,,,,,,293914,7.63484988641156,146957.0,1122.4909000000005
157,Norfolk Island,,1748.0,,,,,,,,,,,,,,,3785,7.097862232779098,2165.3318077803206,15.385469107551488
158,North Korea,Low,25779000.0,,,,,,,,,,,,,,,6356,7.188988516595881,0.24655727530160207,0.001772776290779317
159,North Macedonia,Upper middle,2083000.0,,,,,,,,,,,,,,35.6,16496,7.847405431619787,7.919347095535286,0.06214632741238598
160,Northern Mariana Islands,High,58000.0,,,,,,,,,,,,,,,1125,7.242806394316163,19.396551724137932,0.1406103448275862
161,Norway,High,5421000.0,9.0,16.0,3.0,6.0,16.0,10.0,23.0,2.0,9.0,9.0,57.0,32.0,56.0,27.5,155046,7.972579750525653,28.600996126175982,0.22802372256041326
162,Oman,High,5107000.0,,,,,,,,,,,,,,,24627,7.298012492901761,4.822204816917956,0.03523109457607206
163,Pakistan,Lower middle,220892000.0,,,,,,,,,,,,,,33.5,94118,7.636311863830513,0.42608152400268007,0.0032536913967006515
164,Palau,High,18000.0,,,,,,,,,,,,,,,1943862,6.873459952093629,107992.33333333333,742.4134833333335
165,Panama,High,4315000.0,,,,,,,,,,,,,,49.9,138253,7.062233134691044,32.04009269988413,0.22630570104287373
166,Papua New Guinea,Lower middle,8947000.0,,,,,,,,,,,,,,41.9,29684,7.580588671112009,3.3177601430647146,0.025159047725494578
167,Paraguay,Upper middle,7133000.0,,,,,,,,,,,,,,48.8,26989,7.779421245692688,3.7836814804430112,0.029434852095892326
168,Peru,Upper middle,32972000.0,55.0,55.0,58.0,55.0,58.0,39.0,559.0,49.0,37.0,59.0,29.0,33.0,58.0,43.3,80011,7.755713589381459,2.426634720368798,0.01882028387722916
169,Philippines,Lower middle,109581000.0,57.0,62.0,53.0,54.0,55.0,59.0,56.0,62.0,39.0,49.0,57.0,32.0,56.0,44.4,201076,7.638218445105278,1.8349531396866245,0.014017027586899196
170,Poland,High,37847000.0,32.0,30.0,37.0,35.0,29.0,32.0,28.0,46.0,36.0,23.0,29.0,33.0,38.0,31.8,3065464,7.9335082277812035,80.99622162919121,0.6425850291965014
171,Portugal,High,10197000.0,37.0,33.0,38.0,41.0,24.0,38.0,30.0,20.0,44.0,42.0,31.0,57.0,34.0,35.5,206439,7.680450956648099,20.245072080023537,0.1554995685005394
172,Puerto Rico,High,2861000.0,,,,,,,,,,,,,,,87041,7.334772322710302,30.423278573925202,0.22323498776651507
173,Qatar,High,2881000.0,30.0,45.0,25.0,24.0,15.0,53.0,60.0,29.0,19.0,31.0,27.0,17.0,28.0,,6940,7.441527377521614,2.4088858035404375,0.017925789656369314
174,Republic of Moldova,Lower middle,4034000.0,,,,,,,,,,,,,,25.9,222126,8.02722766705533,55.063460585027265,0.4420089241447693
175,Reunion,,895000.0,,,,,,,,,,,,,,,118014,7.323141755961206,131.85921787709498,0.9659592178770953
176,Romania,High,19238000.0,49.0,53.0,48.0,49.0,51.0,54.0,39.0,43.0,61.0,37.0,45.0,53.0,54.0,35.9,847778,7.669462844229308,44.067886474685515,0.3380001403472294
177,Russia,Upper middle,145934000.0,43.0,26.0,47.0,53.0,47.0,13.0,24.0,40.0,57.0,41.0,43.0,60.0,51.0,37.7,3768363,7.78857065146005,25.82237860950841,0.2011285999150301
178,Rwanda,Low,12952000.0,,,,,,,,,,,,,,43.7,5455,7.810724106324474,0.4211704756022236,0.0032896463866584316
179,Saint Barthelemy,,10000.0,,,,,,,,,,,,,,,18748,7.299728014505891,1874.8,13.687719999999995
180,"Saint Helena, Ascension and Tristan da Cunha",,6000.0,,,,,,,,,,,,,,,11965,7.594258733077053,1994.1666666666667,15.145483333333337
181,Saint Kitts and Nevis,High,53000.0,,,,,,,,,,,,,,,178857,7.4368037387357155,3374.6603773584907,25.100475471698108
182,Saint Lucia,Upper middle,184000.0,,,,,,,,,,,,,,,525,7.655047619047617,2.8532608695652173,0.021841847826086953
183,Saint Martin,High,39000.0,,,,,,,,,,,,,,,28273,7.291836085280913,724.9487179487179,5.2880769230769245
184,Saint Pierre and Miquelon,,6000.0,,,,,,,,,,,,,,,4697,7.33397190293742,782.8333333333334,5.7425
185,Saint Vincent and the Grenadines,Upper middle,111000.0,,,,,,,,,,,,,,,3989,7.299699248120301,35.93693693693694,0.2623945945945946
186,Samoa,Upper middle,198000.0,,,,,,,,,,,,,,38.7,883002,6.661089319240584,4459.606060606061,29.709198484848475
187,San Marino,High,34000.0,,,,,,,,,,,,,,,68982,7.327310272870866,2028.8823529411766,14.871638235294112
188,Sao Tome and Principe,Lower middle,219000.0,,,,,,,,,,,,,,30.8,2494957,7.429004138169831,11392.497716894977,84.64675159817355
189,Saudi Arabia,High,34814000.0,34.0,46.0,24.0,28.0,34.0,34.0,62.0,25.0,5.0,47.0,37.0,28.0,24.0,,32885,7.467331367601907,0.9445912563911071,0.007056149824783131
190,Senegal,Lower middle,16744000.0,,,,,,,,,,,,,,40.3,35957,7.417032326149746,2.1474558050645007,0.01595034042044912
191,Serbia,Upper middle,8737000.0,,,,,,,,,,,,,,39.6,70954,7.734821151732106,8.121094197092823,0.06281521117088244
192,Seychelles,High,98000.0,,,,,,,,,,,,,,46.8,60467,7.178073062230233,617.0102040816327,4.42909081632653
193,Sierra Leone,Low,7977000.0,,,,,,,,,,,,,,34.0,3183,7.08494825964252,0.39902218879277923,0.002832380594208348
194,Singapore,High,5850000.0,2.0,2.0,1.0,12.0,1.0,7.0,10.0,1.0,11.0,1.0,20.0,11.0,3.0,,2439834,7.447993227557985,417.065641025641,3.10637082051282
195,Sint Maarten,High,43000.0,,,,,,,,,,,,,,,1661146,7.049376173511142,38631.3023255814,272.41412558139524
196,Slovak Republic,High,5460000.0,50.0,51.0,51.0,51.0,53.0,52.0,38.0,61.0,47.0,38.0,50.0,62.0,44.0,26.5,117363,8.029062822184164,21.495054945054946,0.17258514652014656
197,Slovenia,High,2079000.0,31.0,29.0,35.0,37.0,35.0,22.0,33.0,38.0,28.0,34.0,38.0,31.0,31.0,25.4,123015,7.586453600370641,59.17027417027417,0.44894362674362653
198,Solomon Islands,Lower middle,687000.0,,,,,,,,,,,,,,37.1,430,7.657441860465119,0.6259097525473072,0.004792867540029114
199,Somalia,Low,15893000.0,,,,,,,,,,,,,,,85949,6.997711859477695,5.407978355250739,0.03785051909645756
200,South Africa,Upper middle,59309000.0,60.0,60.0,55.0,57.0,59.0,60.0,53.0,56.0,32.0,57.0,59.0,58.0,50.0,63.0,639820,7.290603607264546,10.787907400225935,0.0786503566069231
201,South Georgia and the South Sandwich Islands,,,,,,,,,,,,,,,,,1654,7.156952841596131,,
202,South Korea,High,51269000.0,8.0,10.0,12.0,3.0,21.0,11.0,4.0,26.0,25.0,3.0,1.0,3.0,15.0,31.6,1598821,7.626783669257113,31.184946068774504,0.23784143244455722
203,South Sudan,Low,11194000.0,,,,,,,,,,,,,,,903,7.171602209944752,0.0806682151152403,0.0005798016794711454
204,Spain,High,46755000.0,33.0,32.0,33.0,40.0,32.0,42.0,20.0,36.0,34.0,27.0,35.0,48.0,30.0,36.2,771556,7.784897531741052,16.50210672655331,0.1284672099240723
205,Sri Lanka,Lower middle,21413000.0,,,,,,,,,,,,,,39.8,28611,7.745689022472305,1.336150936347079,0.010350133096716951
206,State of Palestine,Lower middle,5101000.0,,,,,,,,,,,,,,,10145,7.728099743741379,1.9888257204469713,0.015371358557145665
207,Sudan,Low,43849000.0,,,,,,,,,,,,,,35.4,14262,7.231583006169378,0.32525257132431756,0.0023524208077721274
208,Suriname,Upper middle,587000.0,,,,,,,,,,,,,,57.6,1334,7.737031484257877,2.2725724020442932,0.017582964224872245
209,Svalbard and Jan Mayen,,2428.0,,,,,,,,,,,,,,,89296,6.250635519670314,36777.59472817134,229.88591433278418
210,Sweden,High,10099000.0,4.0,4.0,6.0,7.0,9.0,2.0,6.0,5.0,4.0,11.0,8.0,10.0,4.0,29.2,614310,7.897995474597506,60.82879493019111,0.4804255470838691
211,Switzerland,High,8655000.0,6.0,3.0,11.0,5.0,2.0,14.0,9.0,10.0,14.0,14.0,9.0,6.0,7.0,32.3,428157,7.797807112811418,49.46932409012132,0.3857522472559212
212,Syrian Arab Republic,Low,17501000.0,,,,,,,,,,,,,,35.8,57796,7.519737365698372,3.3024398605793954,0.024834769441746198
213,Taiwan,,23817000.0,11.0,18.0,5.0,8.0,18.0,21.0,18.0,16.0,8.0,4.0,14.0,1.0,17.0,,926288,7.729512095590141,38.89188394844019,0.3006152873997565
214,Tajikistan,Low,9538000.0,,,,,,,,,,,,,,34.0,5786,7.76137227791221,0.6066261270706647,0.004708251205703506
215,Thailand,Upper middle,69800000.0,39.0,43.0,22.0,45.0,36.0,55.0,37.0,31.0,17.0,25.0,53.0,44.0,43.0,36.5,986643,7.627701607959448,14.13528653295129,0.10784816045845277
216,The Congo,Lower middle,5518000.0,,,,,,,,,,,,,,48.9,4150,7.386512524084776,0.7520840884378398,0.0055579557810801
217,The Democratic Republic of the Congo,Low,89561000.0,,,,,,,,,,,,,,42.1,3533,7.00138692329465,0.03944797400654303,0.0002761905293598776
218,The Gambia,Low,2417000.0,,,,,,,,,,,,,,,2226,7.587112707678488,0.9209764170459247,0.0069906909391808
219,Timor-Leste,Lower middle,1318000.0,,,,,,,,,,,,,,28.7,2778,6.999136069114471,2.1077389984825494,0.014752352048558421
220,Togo,Low,8279000.0,,,,,,,,,,,,,,43.1,14666,7.383074407195422,1.7714699842976205,0.013087812537746107
221,Tokelau,,1000.0,,,,,,,,,,,,,,,305,7.159344262295083,305.0,2.1836
222,Tonga,Upper middle,106000.0,,,,,,,,,,,,,,37.6,595347,7.740066902437305,5616.481132075472,43.48267358490566
223,Trinidad and Tobago,High,1399000.0,,,,,,,,,,,,,,40.3,4778,7.663708664713268,3.41529664045747,0.026173838456040027
224,Tunisia,Lower middle,11819000.0,,,,,,,,,,,,,,32.8,16725,7.894397608370698,1.4150943396226414,0.011171317370335894
225,Turkey,Upper middle,84339000.0,44.0,56.0,42.0,34.0,38.0,62.0,45.0,34.0,51.0,51.0,32.0,20.0,42.0,41.9,1582397,7.6727029909130495,18.762340079915578,0.1440061703363807
226,Turkmenistan,Upper middle,6031000.0,,,,,,,,,,,,,,40.8,11132,7.157132610060075,1.845796716962361,0.013235533079091364
227,Turks and Caicos Islands ,High,39000.0,,,,,,,,,,,,,,,638274,7.544560526237467,16366.0,123.48762564102572
228,Tuvalu,Upper middle,12000.0,,,,,,,,,,,,,,39.1,9196,6.902977290014127,766.3333333333334,5.294008333333334
229,Uganda,Low,45427637.0,,,,,,,,,,,,,,42.8,11875,7.868143157894736,0.26140474795112056,0.0020567699790328075
230,Ukraine,Lower middle,43785122.0,58.0,38.0,59.0,61.0,52.0,19.0,50.0,54.0,59.0,58.0,56.0,51.0,52.0,25.0,34661255,7.1763797012458586,791.6217522472588,5.681925451755051
231,United Arab Emirates,High,9865845.0,14.0,31.0,4.0,11.0,5.0,44.0,52.0,3.0,10.0,8.0,15.0,12.0,8.0,,68668,7.300608655134247,6.960174217210994,0.05081942803682802
232,United Kingdom,High,67886000.0,13.0,13.0,16.0,13.0,10.0,25.0,8.0,17.0,22.0,22.0,11.0,25.0,11.0,33.2,3119707,7.655727187987625,45.955086468491295,0.351820619862711
233,United Republic of Tanzania,Lower middle,59734000.0,,,,,,,,,,,,,,37.8,12621,7.7235084383170935,0.21128670438945993,0.001631874644256203
234,United States Minor Outlying Islands,,,,,,,,,,,,,,,,,30,7.230000000000002,,
235,United States of America,High,331003000.0,1.0,1.0,7.0,2.0,14.0,24.0,1.0,22.0,1.0,7.0,3.0,2.0,10.0,41.5,33633144,7.5631273453050145,101.60978601402404,0.7684879339462182
236,United States Virgin Islands,High,104000.0,,,,,,,,,,,,,,,1880,7.629186602870811,18.076923076923077,0.13798557692307686
237,Uruguay,High,3474000.0,,,,,,,,,,,,,,39.5,37028,7.911394080155556,10.65860679332182,0.08432443868739203
238,Uzbekistan,Lower middle,33469000.0,,,,,,,,,,,,,,35.3,343130,7.60418024883405,10.252173653231349,0.07799368370731129
239,Vanuatu,Lower middle,307000.0,,,,,,,,,,,,,,37.6,811,7.648458692971645,2.6416938110749184,0.020204885993485355
240,Venezuela,Upper middle,28436000.0,63.0,61.0,63.0,63.0,63.0,47.0,48.0,63.0,63.0,63.0,63.0,49.0,63.0,46.9,37339,8.169533195854203,1.3130890420593613,0.01072732451821635
241,Vietnam,Lower middle,97339000.0,,,,,,,,,,,,,,35.3,292468,7.501663087927566,3.0046332918973895,0.02253974665858494
242,Wallis and Futuna,,11000.0,,,,,,,,,,,,,,,2136,7.992134831460676,194.1818181818182,1.551927272727273
243,Western Sahara,,597000.0,,,,,,,,,,,,,,,208,7.321153846153845,0.34840871021775544,0.0025507537688442207
244,Yemen,Low,29826000.0,,,,,,,,,,,,,,36.7,1262846,7.752766314262546,42.34044122577617,0.3282810199155099
245,Zambia,Lower middle,18384000.0,,,,,,,,,,,,,,57.1,10102,7.357657301147609,0.5494995648389904,0.004045430809399479
246,Zimbabwe,Lower middle,14863000.0,,,,,,,,,,,,,,43.2,11340,7.425216011285488,0.7629684451322075,0.005666204669313059
