port,port_number,capture_date,totalcount,CVE-2017-1000369,CVE-2017-1000600,CVE-2017-1001000,CVE-2017-10140,CVE-2017-10391,CVE-2017-11142,CVE-2017-11143,CVE-2017-11144,CVE-2017-11145,CVE-2017-11147,CVE-2017-11362,CVE-2017-11364,CVE-2017-11612,CVE-2017-11628,CVE-2017-12172,CVE-2017-12868,CVE-2017-12932,CVE-2017-12933,CVE-2017-12934,CVE-2017-11145,CVE-2017-11147,CVE-2017-11362,CVE-2017-11364,CVE-2017-11612,CVE-2017-11628,CVE-2017-12172,CVE-2017-12868,CVE-2017-12932,CVE-2017-12933,CVE-2017-12934,CVE-2017-14595,CVE-2017-14596,CVE-2017-14718,CVE-2017-14719,CVE-2017-14720,CVE-2017-14721,CVE-2017-14722,CVE-2017-14723,CVE-2017-14724,CVE-2017-14725,CVE-2017-14726,CVE-2017-14798,CVE-2017-14990,CVE-2017-15098,CVE-2017-15099,CVE-2017-15130,CVE-2017-15132,CVE-2017-15710,CVE-2017-15715,CVE-2017-15906,CVE-2017-16510,CVE-2017-16633,CVE-2017-16634,CVE-2017-16642,CVE-2017-16944,CVE-2017-17091,CVE-2017-17663,CVE-2017-3167,CVE-2017-3169,CVE-2017-3239,CVE-2017-3247,CVE-2017-3249,CVE-2017-3250,CVE-2017-3626,CVE-2017-3730,CVE-2017-3731,CVE-2017-3732,CVE-2017-3735,CVE-2017-3736,CVE-2017-3737,CVE-2017-3738,CVE-2017-5340,CVE-2017-5487,CVE-2017-5488,CVE-2017-5489,CVE-2017-5490,CVE-2017-5491,CVE-2017-5492,CVE-2017-5493,CVE-2017-5610,CVE-2017-5611,CVE-2017-5612,CVE-2017-6377,CVE-2017-6379,CVE-2017-6381,CVE-2017-6441,CVE-2017-6514,CVE-2017-6814,CVE-2017-6815,CVE-2017-6816,CVE-2017-6817,CVE-2017-6818,CVE-2017-6819,CVE-2017-6919,CVE-2017-6920,CVE-2017-6921,CVE-2017-6922,CVE-2017-6923,CVE-2017-6924,CVE-2017-6925,CVE-2017-6926,CVE-2017-6927,CVE-2017-6928,CVE-2017-6929,CVE-2017-6932,CVE-2017-7189,CVE-2017-7269,CVE-2017-7272,CVE-2017-7418,CVE-2017-7484,CVE-2017-7485,CVE-2017-7486,CVE-2017-7546,CVE-2017-7547,CVE-2017-7548,CVE-2017-7659,CVE-2017-7668,CVE-2017-7679,CVE-2017-7890,CVE-2017-7963,CVE-2017-7983,CVE-2017-7984,CVE-2017-7986,CVE-2017-7987,CVE-2017-7988,CVE-2017-7989,CVE-2017-8057,CVE-2017-8295,CVE-2017-9061,CVE-2017-9062,CVE-2017-9063,CVE-2017-9064,CVE-2017-9065,CVE-2017-9066,CVE-2017-9067,CVE-2017-9118,CVE-2017-9120,CVE-2017-9788,CVE-2017-9789,CVE-2017-9798,CVE-2017-9933,CVE-2017-9934,CVE-2018-0732,CVE-2018-0733,CVE-2018-0734,CVE-2018-0735,CVE-2018-0737,CVE-2018-0739,CVE-2018-1000024,CVE-2018-1000027,CVE-2018-1000773,CVE-2018-10100,CVE-2018-10101,CVE-2018-10102,CVE-2018-1053,CVE-2018-10545,CVE-2018-10546,CVE-2018-10547,CVE-2018-10548,CVE-2018-10549,CVE-2018-1058,CVE-2018-10915,CVE-2018-10925,CVE-2018-1115,CVE-2018-11321,CVE-2018-11322,CVE-2018-11323,CVE-2018-11324,CVE-2018-11325,CVE-2018-11326,CVE-2018-11327,CVE-2018-11328,CVE-2018-1172,CVE-2018-11756,CVE-2018-11763,CVE-2018-12711,CVE-2018-12712,CVE-2018-1283,CVE-2018-12882,CVE-2018-12895,CVE-2018-1301,CVE-2018-1302,CVE-2018-1303,CVE-2018-1312,CVE-2018-1333,CVE-2018-14028,CVE-2018-14851,CVE-2018-14883,CVE-2018-14884,CVE-2018-15132,CVE-2018-15473,CVE-2018-15880,CVE-2018-15881,CVE-2018-15882,CVE-2018-15919,CVE-2018-16850,CVE-2018-17082,CVE-2018-17189,CVE-2018-17199,CVE-2018-17855,CVE-2018-17856,CVE-2018-17857,CVE-2018-17858,CVE-2018-17859,CVE-2018-19052,CVE-2018-19131,CVE-2018-19132,CVE-2018-19395,CVE-2018-19396,CVE-2018-19518,CVE-2018-19520,CVE-2018-19935,CVE-2018-20147,CVE-2018-20148,CVE-2018-20149,CVE-2018-20150,CVE-2018-20151,CVE-2018-20152,CVE-2018-20153,CVE-2018-20685,CVE-2018-20783,CVE-2018-2911,CVE-2018-3152,CVE-2018-5407,CVE-2018-6376,CVE-2018-6377,CVE-2018-6378,CVE-2018-6379,CVE-2018-6380,CVE-2018-6389,CVE-2018-6789,CVE-2018-7584,CVE-2018-7600,CVE-2018-7602,CVE-2018-8011,CVE-2018-8045,CVE-2018-8581,CVE-2018-9861,CVE-2019-0190,CVE-2019-0196,CVE-2019-0197,CVE-2019-0211,CVE-2019-0215,CVE-2019-0217,CVE-2019-0220,CVE-2019-0708,CVE-2019-10129,CVE-2019-10130,CVE-2019-10149,CVE-2019-10164,CVE-2019-10691,CVE-2019-10909,CVE-2019-10945,CVE-2019-10946,CVE-2019-11034,CVE-2019-11035,CVE-2019-11036,CVE-2019-11038,CVE-2019-11039,CVE-2019-11040,CVE-2019-11072,CVE-2019-11358,CVE-2019-11510,CVE-2019-11809,CVE-2019-11876,CVE-2019-12525,CVE-2019-12527,CVE-2019-12529,CVE-2019-12764,CVE-2019-12765,CVE-2019-12766,CVE-2019-12815,CVE-2019-13345,CVE-2019-13917,CVE-2019-14654,CVE-2019-1543,CVE-2019-1552,CVE-2019-1559,CVE-2019-1652,CVE-2019-1653,CVE-2019-19781,CVE-2019-3814,CVE-2019-6109,CVE-2019-6110,CVE-2019-6111,CVE-2019-6261,CVE-2019-6262,CVE-2019-6263,CVE-2019-6264,CVE-2019-6338,CVE-2019-6339,CVE-2019-6340,CVE-2019-6341,CVE-2019-6977,CVE-2019-7524,CVE-2019-7739,CVE-2019-7740,CVE-2019-7741,CVE-2019-7742,CVE-2019-7743,CVE-2019-7744,CVE-2019-8942,CVE-2019-8943,CVE-2019-9020,CVE-2019-9021,CVE-2019-9022,CVE-2019-9023,CVE-2019-9024,CVE-2019-9025,CVE-2019-9193,CVE-2019-9637,CVE-2019-9638,CVE-2019-9639,CVE-2019-9640,CVE-2019-9641,CVE-2019-9675,CVE-2019-9711,CVE-2019-9712,CVE-2019-9713,CVE-2019-9714,CVE-2019-9787,CVE-2020-0796,CVE-2020-11651,CVE-2020-11652,CVE-2020-1938,CVE-2020-5902,MS17-010
Port 11,11,10/26/2020,2032,1,0,0,0,0,0,0,0,0,0,0,0,0,0,0,0,0,0,0,0,0,0,0,0,0,0,0,0,0,0,0,0,0,0,0,0,0,0,0,0,0,0,0,0,0,0,0,0,0,977,0,0,0,0,2,0,0,0,0,0,0,0,0,0,0,0,0,0,0,0,0,0,0,0,0,0,0,0,0,0,0,0,0,0,0,0,0,0,0,0,0,0,0,0,0,0,0,0,0,0,0,0,0,0,0,0,0,0,0,0,0,0,0,0,0,0,0,0,0,0,0,0,0,0,0,0,0,0,0,0,0,0,0,0,0,0,0,0,0,0,0,0,0,0,0,0,0,0,0,0,0,0,0,0,0,0,0,0,0,0,0,0,0,0,0,0,0,0,0,0,0,0,0,0,0,0,0,0,0,0,0,0,0,0,0,0,0,0,0,0,12,0,0,0,926,0,0,0,0,0,0,0,0,0,0,0,0,0,0,0,0,0,0,0,0,0,0,0,0,5,0,0,0,0,0,0,0,0,0,0,1,0,0,0,0,0,0,0,0,0,0,0,0,0,0,0,0,0,46,0,0,0,0,0,0,0,0,0,0,0,0,0,0,0,0,0,0,0,0,0,0,1,0,46,0,0,0,0,0,0,0,0,5,5,5,0,0,0,0,0,0,0,0,0,0,0,0,0,0,0,0,0,0,0,0,0,0,0,0,0,0,0,0,0,0,0,0,0,0,0,0,0,0,0,0,0,0
Port 21,21,10/26/2020,78051,4,0,0,0,0,0,0,0,0,0,0,0,0,0,0,0,0,0,0,0,0,0,0,0,0,0,0,0,0,0,0,0,0,0,0,0,0,0,0,0,0,0,0,0,0,0,0,0,0,0,0,0,0,0,4,0,0,0,0,0,0,0,0,0,0,0,0,0,0,0,0,0,0,0,0,0,0,0,0,0,0,0,0,0,0,0,0,0,0,0,0,0,0,0,0,0,0,0,0,0,0,0,0,0,0,0,0,0,1,0,0,0,0,0,0,0,0,0,0,0,0,0,0,0,0,0,0,0,0,0,0,0,0,0,0,0,0,0,0,0,0,0,0,0,0,0,0,0,0,0,0,0,0,0,0,0,0,0,0,0,0,0,0,0,0,0,0,0,0,0,0,0,0,0,0,0,0,0,0,0,0,0,0,0,0,0,0,0,0,0,0,0,0,0,0,0,0,0,0,0,0,0,0,0,0,0,0,0,0,0,0,0,0,0,0,0,0,0,0,0,0,0,0,0,0,0,0,0,0,0,3,0,0,0,0,0,0,0,0,0,0,0,0,0,0,0,0,0,0,0,0,0,0,0,0,0,0,0,0,0,0,0,0,0,0,0,0,0,0,0,0,78039,0,0,0,0,0,0,0,0,0,0,0,0,0,0,0,0,0,0,0,0,0,0,0,0,0,0,0,0,0,0,0,0,0,0,0,0,0,0,0,0,0,0,0,0,0,0,0,0,0,0,0,0,0,0,0
Port 22,22,10/26/2020,12117538,0,0,0,0,0,0,0,0,0,0,0,0,0,0,0,0,0,0,0,0,0,0,0,0,0,0,0,0,0,0,0,0,0,0,0,0,0,0,0,0,0,0,0,0,0,0,0,0,0,6358481,0,0,0,0,0,0,0,0,0,0,0,0,0,0,0,0,0,0,0,0,0,0,0,0,0,0,0,0,0,0,0,0,0,0,0,0,0,0,0,0,0,0,0,0,0,0,0,0,0,0,0,0,0,0,0,0,0,0,0,0,0,0,0,0,0,0,0,0,0,0,0,0,0,0,0,0,0,0,0,0,0,0,0,0,0,0,0,0,0,0,0,0,0,0,0,0,0,0,0,0,0,0,0,0,0,0,0,0,0,0,0,0,0,0,0,0,0,0,0,0,0,0,0,0,0,0,0,0,0,0,0,0,0,0,0,0,0,0,0,0,26834,0,0,0,4671036,0,0,0,0,0,0,0,0,0,0,0,0,0,0,0,0,0,0,0,0,0,0,0,0,264438,0,0,0,0,0,0,0,0,0,0,2,0,0,0,0,0,0,0,0,0,0,0,0,0,0,0,0,0,8,0,0,0,0,0,0,0,0,0,0,0,0,0,0,0,0,0,0,0,0,0,0,20,0,8,0,0,0,0,0,0,0,0,265558,265566,265587,0,0,0,0,0,0,0,0,0,0,0,0,0,0,0,0,0,0,0,0,0,0,0,0,0,0,0,0,0,0,0,0,0,0,0,0,0,0,0,0,0,0
Port 23,23,10/26/2020,9646,1,0,0,0,0,0,0,0,0,0,0,0,0,0,0,0,0,0,0,0,0,0,0,0,0,0,0,0,0,0,0,0,0,0,0,0,0,0,0,0,0,0,0,0,0,0,0,0,0,5441,0,0,0,0,1,0,0,0,0,0,0,0,0,0,0,0,0,0,0,0,0,0,0,0,0,0,0,0,0,0,0,0,0,0,0,0,0,0,0,0,0,0,0,0,0,0,0,0,0,0,0,0,0,0,0,0,0,0,0,0,0,0,0,0,0,0,0,0,0,0,0,0,0,0,0,0,0,0,0,0,0,0,0,0,0,0,0,0,0,0,0,0,0,0,0,0,0,0,0,0,0,0,0,0,0,0,0,0,0,0,0,0,0,0,0,0,0,0,0,0,0,0,0,0,0,0,0,0,0,0,0,0,0,0,0,0,0,0,0,0,22,0,0,0,3698,0,0,0,0,0,0,0,0,0,0,0,0,0,0,0,0,0,0,0,0,0,0,0,0,117,0,0,0,0,0,0,0,0,0,0,1,0,0,0,0,0,0,0,0,0,0,0,0,0,0,0,0,0,0,0,0,0,0,0,0,0,0,0,0,0,0,0,0,0,0,0,0,0,0,0,0,14,0,0,0,0,0,0,0,0,0,0,117,117,117,0,0,0,0,0,0,0,0,0,0,0,0,0,0,0,0,0,0,0,0,0,0,0,0,0,0,0,0,0,0,0,0,0,0,0,0,0,0,0,0,0,0
Port 24,24,10/26/2020,4555,0,0,0,0,0,3,3,3,3,0,0,0,0,3,0,0,0,3,0,3,0,0,0,0,3,0,0,0,3,0,0,0,0,0,0,0,0,0,0,0,0,0,0,0,0,0,0,0,0,929,0,0,0,111,0,0,0,0,0,0,0,0,0,0,0,3,0,18,8,8,8,0,0,0,0,0,0,0,0,0,0,0,0,0,0,0,0,0,0,0,0,0,0,0,0,0,0,0,0,0,0,0,0,0,0,0,1,0,0,0,0,0,0,0,0,0,0,0,3,0,0,0,0,0,0,0,0,0,0,0,0,0,0,0,4,0,0,0,0,0,0,0,9,0,11,0,9,8,0,0,0,0,0,0,0,113,113,113,113,113,0,0,0,0,0,0,0,0,0,0,0,0,0,0,0,0,0,0,1,0,0,0,0,0,0,0,2,114,0,114,4,0,0,0,672,0,114,0,0,0,0,0,0,0,0,0,0,113,113,9,112,117,0,0,0,0,0,0,0,25,114,0,0,11,0,0,0,0,0,0,1,1,0,0,0,0,0,0,1,0,0,0,0,0,0,0,0,0,0,0,0,0,0,0,3,3,4,4,4,4,0,0,0,0,0,0,0,0,0,0,0,7,0,0,0,1,15,14,0,0,0,0,25,25,25,0,0,0,0,0,0,0,0,115,0,0,0,0,0,0,0,0,0,116,116,2,116,116,0,0,119,119,119,3,119,1,0,0,0,0,0,0,0,0,0,0,0
Port 25,25,10/26/2020,174041,30052,0,0,179,0,0,0,0,0,0,0,0,0,0,0,0,0,0,0,0,0,0,0,0,0,0,0,0,0,0,0,0,0,0,0,0,0,0,0,0,0,0,0,0,0,0,0,0,0,12,0,0,0,0,30843,0,0,0,0,0,0,0,0,0,0,0,0,0,0,0,0,0,0,0,0,0,0,0,0,0,0,0,0,0,0,0,0,0,0,0,0,0,0,0,0,0,0,0,0,0,0,0,0,0,0,0,0,0,0,0,0,0,0,0,0,0,0,0,0,0,0,0,0,0,0,0,0,0,0,0,0,0,0,0,0,0,0,0,0,0,0,0,0,0,0,0,0,0,0,0,0,0,0,0,0,0,0,0,0,0,0,0,0,0,0,0,0,0,0,0,0,0,0,0,0,0,0,0,0,0,0,0,0,0,0,0,0,0,0,0,0,0,0,0,11,0,0,0,0,0,0,0,0,0,0,0,0,0,0,0,0,0,0,0,0,0,0,0,0,0,0,0,0,0,0,0,0,0,0,0,33240,0,0,0,0,0,17741,0,0,0,0,0,0,0,0,0,0,0,30280,0,0,0,0,0,0,0,0,0,0,0,0,0,0,0,0,0,0,0,0,0,0,8,0,31675,0,0,0,0,0,0,0,0,0,0,0,0,0,0,0,0,0,0,0,0,0,0,0,0,0,0,0,0,0,0,0,0,0,0,0,0,0,0,0,0,0,0,0,0,0,0,0,0,0,0,0,0,0
Port 26,26,10/26/2020,97650,458,0,0,3,0,0,0,0,0,0,0,0,0,0,0,0,0,0,0,0,0,0,0,0,0,0,0,0,0,0,0,0,0,0,0,0,0,0,0,0,0,0,0,0,0,0,0,0,0,3794,0,0,0,0,482,0,0,0,0,0,0,0,0,0,0,0,0,0,0,0,0,0,0,0,0,0,0,0,0,0,0,0,0,0,0,0,0,0,0,0,0,0,0,0,0,0,0,0,0,0,0,0,0,0,0,0,0,0,0,0,0,0,0,0,0,0,0,0,0,0,0,0,0,0,0,0,0,0,0,0,0,0,0,0,0,0,0,0,0,0,0,0,0,0,0,0,0,0,0,0,0,0,0,0,0,0,0,0,0,0,0,0,0,0,0,0,0,0,0,0,0,0,0,0,0,0,0,0,0,0,0,0,0,0,0,0,0,0,0,0,9,0,0,0,2570,0,0,0,0,0,0,0,0,0,0,0,0,0,0,0,0,0,0,0,0,0,0,0,0,79,0,0,0,0,0,0,0,0,0,0,1611,0,0,0,0,0,394,0,0,0,0,0,0,0,0,0,0,0,43906,0,0,0,0,0,0,0,0,0,0,0,0,0,0,0,0,0,0,0,0,0,0,6,0,44101,0,0,0,0,0,0,0,0,79,79,79,0,0,0,0,0,0,0,0,0,0,0,0,0,0,0,0,0,0,0,0,0,0,0,0,0,0,0,0,0,0,0,0,0,0,0,0,0,0,0,0,0,0
Port 80,80,10/26/2020,90673775,2,31223,1138,0,111,49606,21371,69301,69302,23738,47932,0,0,69307,0,48386,56449,69310,47934,69302,23738,47932,0,0,68682,0,47847,55970,68680,47508,0,0,661,27746,661,661,4068,661,661,661,661,0,518,0,0,0,0,2796973,2797185,1100,518,0,0,1197386,2,234,0,2110222,2110241,109,109,109,109,109,15,50857,22244,869581,641684,639915,646118,20745,177,177,177,177,177,177,177,112,112,112,109,109,155,513,844,844,844,844,844,844,844,223,223,287,3588,394,337,337,0,3567,3567,3790,3567,22220,218593,541,0,0,0,0,0,0,0,284399,2111849,3232004,68749,1445,0,0,0,0,0,0,0,395,395,395,395,395,395,395,175076,1194,94355,2122768,3564,2214910,0,0,673174,5489,700455,31290,672502,656319,383688,387402,2438,21996,36528,22001,0,1258454,1263748,1263775,1263778,1263802,0,0,0,0,0,0,0,0,0,0,0,0,2901,2121,1579480,0,0,2802253,22751,36716,638431,638430,638439,3973260,1531474,494,169624,1330476,68692,1330493,36,0,0,0,763,0,1346214,77095,2961325,0,0,0,0,0,710214,383855,387571,1304153,1304168,306343,1182589,1485871,40926,40927,40928,40928,40928,40925,40925,37,1364109,108,108,679199,0,0,0,0,0,268,1,96283,1676,4871,33380,0,1,1042,147569,1882375,1882394,1882395,289627,212469,3175750,0,0,0,0,0,0,16476,0,0,81447,81449,124353,137777,137779,137779,11170,11563,0,0,1153,22020,592,388333,0,0,0,1,22,1,0,88127,764705,676592,0,0,357,0,37,37,37,0,0,0,0,10373,10373,1374,11367,1356542,0,0,0,0,0,0,0,41015,965,1468025,1468031,242842,1468086,1468088,1703,0,1630724,1630761,1630809,98478,1630856,198362,0,0,0,0,43133,0,0,0,0,0,0
Port 81,81,10/26/2020,768269,0,54,1,0,0,432,233,494,494,191,261,0,0,492,0,157,308,492,259,494,191,261,0,0,487,0,156,307,487,260,0,0,0,44,0,0,2,0,0,0,0,0,0,0,0,0,0,18481,18481,1484,0,0,0,12235,0,1,0,22092,22093,0,0,0,0,0,0,1088,398,9865,5164,5155,5224,166,0,0,0,0,0,0,0,0,0,0,0,0,0,5,1,1,1,1,1,1,1,0,0,2,13,2,2,2,0,11,11,11,11,170,1769,11,0,0,0,0,0,0,0,2386,22044,29287,490,12,0,0,0,0,0,0,0,0,0,0,0,0,0,0,723,7,415,15781,89,16115,0,0,5514,70,5723,220,5508,5263,187,187,3,37,57,37,0,12552,12602,12601,12603,12604,0,0,0,0,0,0,0,0,0,0,0,0,10,21,9022,0,0,18456,258,56,2411,2411,2411,32177,8566,1,1196,13195,454,13193,3,0,0,0,231,0,13259,349,19605,0,0,0,0,0,38926,181,181,12797,12796,2882,12170,13817,61,61,61,61,61,61,62,16,13389,0,0,5585,0,0,0,0,0,0,0,561,24,32,431,0,0,4,1045,10621,10622,10622,1517,1165,20751,0,0,0,0,0,0,63,0,0,592,592,1099,1193,1194,1194,234,51,0,0,4,134,1,181,0,0,0,3,0,0,0,925,6452,5531,0,0,2,0,16,16,16,0,0,0,0,48,48,6,51,13334,0,0,0,0,0,0,0,60,0,13753,13754,1250,13750,13749,10,0,16445,16447,16454,831,16458,852,0,0,0,0,64,0,0,0,0,0,0
Port 82,82,10/26/2020,255163,0,6,0,0,1,145,77,159,159,62,82,0,0,158,0,63,98,158,82,159,62,82,0,0,156,0,62,98,157,82,0,0,0,6,0,0,0,0,0,0,0,0,0,0,0,0,0,5700,5700,633,0,0,0,4068,0,0,0,5527,5527,1,1,1,1,1,0,331,107,3386,2616,2614,2634,52,0,0,0,0,0,0,0,0,0,0,0,0,0,1,0,0,0,0,0,0,0,0,0,0,3,0,0,0,0,3,3,3,3,54,654,0,0,0,0,0,0,0,0,938,5528,8090,155,3,0,0,0,0,0,0,0,0,0,0,0,0,0,0,139,3,119,5061,42,5172,0,0,2727,20,2789,58,2725,2653,22,22,1,4,10,4,0,4156,4168,4169,4169,4170,0,0,0,0,0,0,0,0,0,0,0,0,3,3,2516,0,0,5665,95,8,527,527,527,8753,2388,0,462,4465,133,4465,2,0,0,0,554,0,4500,97,5974,0,0,0,0,0,14595,22,22,4228,4228,1018,4004,4768,10,10,10,10,10,10,10,15,4535,1,1,2768,0,0,0,0,0,0,0,168,1,5,79,0,0,0,358,3061,3061,3060,477,378,6356,0,0,0,0,0,0,9,0,0,245,243,415,631,631,631,622,4,0,0,1,8,1,22,0,0,0,3,0,0,0,339,3100,2759,0,0,0,0,15,15,15,0,0,0,0,4,4,0,4,4544,0,0,0,0,0,0,0,10,0,4656,4657,436,4660,4660,6,0,5848,5849,5846,328,5846,298,0,0,0,0,11,0,0,0,0,0,0
Port 83,83,10/26/2020,281441,0,5,0,0,0,139,82,169,169,49,87,0,0,170,0,100,106,170,87,169,49,87,0,0,166,0,96,103,166,84,0,0,0,4,0,0,0,0,0,0,0,0,0,0,0,0,0,7768,7768,118,0,0,0,4362,0,0,0,7058,7058,0,0,0,0,0,0,282,125,3821,2892,2891,2929,43,0,0,0,0,0,0,0,0,0,0,0,0,0,2,0,0,0,0,0,0,0,0,0,0,3,1,1,1,0,3,3,3,3,45,621,1,0,0,0,0,0,0,0,1234,7071,10790,166,1,0,0,0,0,0,0,0,0,0,0,0,0,0,0,336,7,122,7182,87,7320,0,0,3061,38,3130,82,3061,2966,29,29,0,2,5,2,0,4515,4533,4533,4533,4535,0,0,0,0,0,0,0,0,0,0,0,0,2,8,2870,0,0,7808,98,5,503,503,503,11550,2728,0,336,4677,140,4678,0,0,0,0,72,0,4713,114,8100,0,0,0,0,0,9792,29,29,4516,4516,959,4278,4926,5,5,5,5,5,5,5,13,4760,0,0,3106,0,0,0,0,0,0,0,198,3,5,84,0,0,1,318,3376,3376,3376,471,357,8462,0,0,0,0,0,0,9,0,0,272,272,479,506,506,507,17,7,0,0,0,6,1,30,0,0,0,1,0,0,0,296,3384,3088,0,0,0,0,13,13,13,0,0,0,0,7,7,0,7,4756,0,0,0,0,0,0,0,5,0,4935,4935,493,4936,4936,5,0,5118,5118,5118,358,5119,345,0,0,0,0,5,0,0,0,0,0,0
Port 84,84,10/26/2020,269944,0,4,0,0,0,85,59,100,100,21,41,0,0,100,0,61,55,100,41,100,21,41,0,0,100,0,58,54,100,41,0,0,1,4,1,1,1,1,1,1,1,0,0,0,0,0,0,7988,7988,149,0,0,0,3520,0,0,0,6534,6534,0,0,0,0,0,0,163,73,6220,4629,4628,4641,18,0,0,0,0,0,0,0,0,0,0,0,0,0,3,0,0,0,0,0,0,0,0,0,0,4,0,0,0,0,4,4,4,4,19,296,1,0,0,0,0,0,0,0,971,6542,11488,101,4,0,0,0,0,0,0,0,0,0,0,0,0,0,0,83,6,55,7597,34,7665,0,0,4725,13,4773,37,4725,4684,28,28,1,4,7,4,0,3802,3814,3814,3814,3814,0,0,0,0,0,0,0,0,0,0,0,0,1,3,1962,0,0,8012,66,6,342,342,342,11969,1887,0,271,3982,69,3983,0,0,0,0,122,0,3997,53,8174,0,0,0,0,0,5568,28,28,3866,3866,798,3763,4087,8,8,8,8,8,8,8,2,4018,0,0,4766,0,0,0,0,0,0,0,296,2,4,46,0,0,2,126,2264,2264,2264,276,223,8408,0,0,0,0,0,0,10,0,0,153,153,250,258,258,258,14,10,0,0,0,5,2,30,0,0,0,2,0,0,0,117,4883,4766,0,0,0,0,2,2,2,0,0,0,0,8,8,2,8,4016,0,0,0,0,0,0,0,8,0,4109,4109,253,4109,4109,4,0,4421,4421,4422,209,4422,176,0,0,0,0,8,0,0,0,0,0,0
Port 85,85,10/26/2020,56249,0,2,0,0,0,18,12,19,19,6,7,0,0,19,0,11,7,19,7,19,6,7,0,0,18,0,9,7,18,7,0,0,0,2,0,0,0,0,0,0,0,0,0,0,0,0,0,1512,1512,139,0,0,0,1165,0,0,0,1786,1786,0,0,0,0,0,0,29,14,298,106,104,108,6,0,0,0,0,0,0,0,0,0,0,0,0,0,0,0,0,0,0,0,0,0,0,0,0,0,0,0,0,0,0,0,0,0,6,80,0,0,0,0,0,0,0,0,289,1793,2056,18,0,0,0,0,0,0,0,0,0,0,0,0,0,0,0,16,1,9,1436,7,1449,0,0,121,4,130,16,121,112,7,7,0,0,2,0,0,1189,1194,1194,1194,1194,0,0,0,0,0,0,0,0,0,0,0,0,0,0,600,0,0,1530,7,2,77,77,77,2164,579,0,31,1210,13,1210,2,0,0,0,120,0,1216,22,1603,0,0,0,0,0,1079,7,7,1205,1205,112,1183,1245,2,2,2,2,2,2,2,1,1225,0,0,122,0,0,0,0,0,0,0,22,1,0,25,0,0,1,33,671,671,671,59,37,1644,0,0,0,0,0,0,2,0,0,34,34,45,49,49,49,4,2,0,0,1,0,0,7,0,0,0,0,0,0,0,27,152,125,0,0,0,0,1,1,1,0,0,0,0,2,2,2,2,1227,0,0,0,0,0,0,0,2,0,1245,1245,49,1245,1245,1,0,1275,1275,1275,39,1275,31,0,0,0,0,2,0,0,0,0,0,0
Port 86,86,10/26/2020,9801,0,0,0,0,0,10,8,11,11,2,3,0,0,11,0,1,4,11,3,11,2,3,0,0,10,0,1,4,10,3,0,0,0,0,0,0,0,0,0,0,0,0,0,0,0,0,0,0,0,168,0,0,0,334,0,0,0,0,0,0,0,0,0,0,0,20,9,77,58,58,60,2,0,0,0,0,0,0,0,0,0,0,0,0,0,0,0,0,0,0,0,0,0,0,0,0,1,0,0,0,0,1,1,1,1,2,9,0,0,0,0,0,0,0,0,0,0,0,10,0,0,0,0,0,0,0,0,0,0,0,0,0,0,0,8,0,3,0,0,0,0,0,65,2,67,4,65,61,0,0,0,0,0,0,0,345,345,345,345,345,0,0,0,0,0,0,0,0,0,0,0,0,0,0,0,0,0,0,7,0,0,0,0,0,0,0,16,354,5,354,0,0,0,0,127,0,358,0,0,0,0,0,0,0,0,0,0,350,350,47,341,371,0,0,0,0,0,0,0,2,362,0,0,67,0,0,0,0,0,0,0,11,0,1,0,0,0,0,12,0,0,0,0,0,0,0,0,0,0,0,0,2,0,0,14,14,23,26,26,26,0,2,0,0,0,0,0,0,0,0,0,0,0,0,0,15,80,65,0,0,0,0,2,2,2,0,0,0,0,2,2,0,2,362,0,0,0,0,0,0,0,0,0,370,370,22,370,370,0,0,384,384,384,19,384,11,0,0,0,0,0,0,0,0,0,0,0
Port 88,88,10/26/2020,735592,0,6,2,0,0,353,209,425,425,156,216,0,0,425,0,2780,249,425,216,425,156,216,0,0,417,0,2735,241,418,210,0,0,0,6,0,0,2,0,0,0,0,0,0,0,0,0,0,14944,14944,1850,0,0,0,16230,0,0,0,16612,16613,0,0,0,0,0,0,1215,309,3974,1914,1911,1953,112,0,0,0,0,0,0,0,2,2,2,0,0,0,3,0,0,0,0,0,0,0,0,0,0,8,0,0,0,0,8,8,8,8,116,3029,1,0,0,0,0,0,0,0,2188,16643,20144,419,10,0,0,0,0,0,0,0,0,0,0,0,0,0,0,1362,33,265,13702,27,14052,0,0,2378,42,2487,127,2378,2000,66,66,0,6,9,6,0,16481,16507,16507,16508,16508,0,0,0,0,0,0,0,0,0,0,0,0,6,16,7106,0,0,14995,164,7,996,996,996,21555,6840,0,1055,17181,311,17181,3,0,0,0,1697,0,17235,216,15759,0,0,0,0,0,36903,67,67,16961,16961,2505,16556,17688,9,9,9,9,9,9,9,7,17298,0,0,2433,0,0,0,0,0,1,0,391,0,8,349,0,0,0,855,7906,7906,7906,728,512,16302,0,0,0,0,0,0,19,0,0,482,482,910,949,949,949,43,15,0,0,1,42,3,70,0,0,0,5,0,0,0,788,3253,2465,0,0,0,0,7,7,7,0,0,0,0,14,14,3,15,17305,0,0,0,0,0,0,0,9,0,17641,17642,859,17642,17642,13,0,18007,18007,18009,631,18008,587,0,0,0,0,9,0,0,0,0,0,0
Port 98,98,10/26/2020,6891,0,0,0,0,0,3,1,3,3,2,2,0,0,3,0,0,2,3,2,3,2,2,0,0,3,0,0,2,3,2,0,0,0,0,0,0,0,0,0,0,0,0,0,0,0,0,0,0,0,105,0,0,0,122,0,0,0,0,0,0,0,0,0,0,0,7,4,44,15,15,16,2,0,0,0,0,0,0,0,0,0,0,0,0,0,0,0,0,0,0,0,0,0,0,0,0,0,0,0,0,0,0,0,0,0,2,4,0,0,0,0,0,0,0,0,0,0,0,3,0,0,0,0,0,0,0,0,0,0,0,0,0,0,0,7,0,2,0,0,0,0,0,19,1,21,2,19,19,0,0,0,0,0,0,0,127,127,127,127,127,0,0,0,0,0,0,0,0,0,0,0,0,0,1,0,0,0,0,148,0,0,0,0,0,0,0,150,274,3,274,0,0,0,0,38,0,275,0,0,0,0,0,0,0,0,0,0,126,126,158,123,279,0,0,0,0,0,0,0,0,275,0,0,21,0,0,0,0,0,0,0,4,0,0,0,0,0,0,3,0,0,0,0,0,0,0,0,0,0,0,0,0,0,0,5,5,154,157,157,157,0,0,0,0,0,0,0,0,0,0,0,0,0,0,0,5,24,19,0,0,0,0,0,0,0,0,0,0,0,0,0,0,0,275,0,0,0,0,0,0,0,0,0,278,278,155,278,278,0,0,281,281,281,153,281,6,0,0,0,0,0,0,0,0,0,0,0
Port 102,102,10/26/2020,3813,0,0,0,0,0,0,0,0,0,0,0,0,0,0,0,0,0,0,0,0,0,0,0,0,0,0,0,0,0,0,0,0,0,0,0,0,0,0,0,0,0,0,0,0,0,0,0,0,0,1898,0,0,0,0,0,0,0,0,0,0,0,0,0,0,0,0,0,0,0,0,0,0,0,0,0,0,0,0,0,0,0,0,0,0,0,0,0,0,0,0,0,0,0,0,0,0,0,0,0,0,0,0,0,0,0,0,0,0,0,0,0,0,0,0,0,0,0,0,0,0,0,0,0,0,0,0,0,0,0,0,0,0,0,0,0,0,0,0,0,0,0,0,0,0,0,0,0,0,0,0,0,0,0,0,0,0,0,0,0,0,0,0,0,0,0,0,0,0,0,0,0,0,0,0,0,0,0,0,0,0,0,0,0,0,0,0,0,0,0,0,0,0,0,0,1890,0,0,0,0,0,0,0,0,0,0,0,0,0,0,0,0,0,0,0,0,0,0,0,0,6,0,0,0,0,0,0,0,0,0,0,0,0,0,0,0,0,0,0,0,0,0,0,0,0,0,0,0,0,0,0,0,0,0,0,0,0,0,0,0,0,0,0,0,0,0,0,0,0,0,0,0,1,0,0,0,0,0,0,0,0,0,0,6,6,6,0,0,0,0,0,0,0,0,0,0,0,0,0,0,0,0,0,0,0,0,0,0,0,0,0,0,0,0,0,0,0,0,0,0,0,0,0,0,0,0,0,0
Port 113,113,10/26/2020,23143,0,0,0,0,0,0,0,0,0,0,0,0,0,0,0,0,0,0,0,0,0,0,0,0,0,0,0,0,0,0,0,0,0,0,0,0,0,0,0,0,0,0,0,0,0,0,0,1537,1537,61,0,0,0,0,0,0,10,1571,1571,0,0,0,0,0,0,0,0,0,0,0,0,0,0,0,0,0,0,0,0,0,0,0,0,0,0,0,0,0,0,0,0,0,0,0,0,0,0,0,0,0,0,0,0,0,0,0,1,0,0,0,0,0,0,0,0,531,1572,1603,0,0,0,0,0,0,0,0,0,0,0,0,0,0,0,0,0,0,0,1481,3,1485,0,0,0,0,0,0,0,0,22,23,0,0,0,0,0,0,0,0,0,0,0,0,0,0,0,0,0,0,0,0,0,0,12,0,638,0,0,1545,0,0,57,57,57,1673,630,0,0,0,0,0,0,0,0,0,49,0,0,12,1572,0,0,0,0,0,0,23,23,0,0,0,0,0,0,0,0,0,0,0,0,6,0,0,0,0,0,0,0,0,0,0,0,0,0,0,4,0,0,0,12,679,679,679,40,28,1601,0,0,0,0,0,0,0,0,0,0,0,0,0,0,0,0,0,0,0,0,17,0,23,0,0,0,1,0,0,0,0,0,0,0,0,0,0,6,6,6,0,0,0,0,0,0,0,0,0,0,0,0,0,0,0,0,0,0,0,0,0,0,0,0,0,0,0,0,0,0,0,0,0,0,0,0,0,0,0,0,0,0
Port 119,119,10/26/2020,3,1,0,0,0,0,0,0,0,0,0,0,0,0,0,0,0,0,0,0,0,0,0,0,0,0,0,0,0,0,0,0,0,0,0,0,0,0,0,0,0,0,0,0,0,0,0,0,0,0,0,0,0,0,0,1,0,0,0,0,0,0,0,0,0,0,0,0,0,0,0,0,0,0,0,0,0,0,0,0,0,0,0,0,0,0,0,0,0,0,0,0,0,0,0,0,0,0,0,0,0,0,0,0,0,0,0,0,0,0,0,0,0,0,0,0,0,0,0,0,0,0,0,0,0,0,0,0,0,0,0,0,0,0,0,0,0,0,0,0,0,0,0,0,0,0,0,0,0,0,0,0,0,0,0,0,0,0,0,0,0,0,0,0,0,0,0,0,0,0,0,0,0,0,0,0,0,0,0,0,0,0,0,0,0,0,0,0,0,0,0,0,0,0,0,0,0,0,0,0,0,0,0,0,0,0,0,0,0,0,0,0,0,0,0,0,0,0,0,0,0,0,0,0,0,0,0,0,0,0,0,0,0,0,0,0,0,0,0,0,0,0,0,0,0,0,0,0,0,0,0,0,0,0,0,0,0,0,0,0,0,0,0,0,0,0,0,0,0,0,0,0,1,0,0,0,0,0,0,0,0,0,0,0,0,0,0,0,0,0,0,0,0,0,0,0,0,0,0,0,0,0,0,0,0,0,0,0,0,0,0,0,0,0,0,0,0,0,0,0,0,0,0,0,0,0,0,0
Port 143,143,10/26/2020,415,0,0,0,0,0,0,0,0,0,0,0,0,0,0,0,0,0,0,0,0,0,0,0,0,0,0,0,0,0,0,0,0,0,0,0,0,0,0,0,0,0,0,0,0,0,83,83,0,0,0,0,0,0,0,0,0,0,0,0,0,0,0,0,0,0,0,0,0,0,0,0,0,0,0,0,0,0,0,0,0,0,0,0,0,0,0,0,0,0,0,0,0,0,0,0,0,0,0,0,0,0,0,0,0,0,0,0,0,0,0,0,0,0,0,0,0,0,0,0,0,0,0,0,0,0,0,0,0,0,0,0,0,0,0,0,0,0,0,0,0,0,0,0,0,0,0,0,0,0,0,0,0,0,0,0,0,0,0,0,0,0,0,0,0,0,0,0,0,0,0,0,0,0,0,0,0,0,0,0,0,0,0,0,0,0,0,0,0,0,0,0,0,0,0,0,0,0,0,0,0,0,0,0,0,0,0,0,0,0,0,0,0,0,0,0,0,0,0,0,0,0,0,0,0,0,0,0,0,0,0,0,0,0,0,0,0,0,0,0,0,0,0,0,0,0,0,0,0,0,0,83,0,0,0,0,0,0,0,0,0,0,0,0,0,0,0,0,0,0,0,0,0,0,0,0,0,0,0,0,0,0,83,0,0,0,0,0,0,0,0,0,0,0,0,83,0,0,0,0,0,0,0,0,0,0,0,0,0,0,0,0,0,0,0,0,0,0,0,0,0,0,0,0,0,0,0,0
Port 222,222,10/26/2020,11352,0,0,0,0,0,2,2,2,2,0,0,0,0,2,0,0,0,2,0,2,0,0,0,0,2,0,0,0,2,0,0,0,0,0,0,0,0,0,0,0,0,0,0,0,0,0,0,0,0,5688,0,0,0,23,0,0,0,0,0,0,0,0,0,0,0,3,1,23,9,9,10,0,0,0,0,0,0,0,0,0,0,0,0,0,0,0,0,0,0,0,0,0,0,0,0,0,0,0,0,0,0,0,0,0,0,0,3,0,0,0,0,0,0,0,0,0,0,0,2,0,0,0,0,0,0,0,0,0,0,0,0,0,0,0,2,0,0,0,0,0,0,0,13,1,18,6,13,12,0,0,0,0,0,0,0,25,26,26,26,26,0,0,0,0,0,0,0,0,0,0,0,0,0,0,0,0,0,0,1,0,0,0,0,0,0,0,2,27,0,27,31,0,0,0,3999,0,27,0,0,0,0,0,0,0,0,0,0,27,27,7,27,31,0,0,0,0,0,0,0,178,30,0,0,14,0,0,0,0,0,0,0,1,0,0,0,0,0,0,6,0,0,0,0,0,0,0,0,0,0,0,0,0,0,0,3,3,4,4,4,4,0,0,0,0,0,0,0,0,0,0,0,4,0,0,0,7,22,15,0,0,0,0,178,178,178,0,0,0,0,0,0,0,0,29,0,0,0,0,0,0,0,0,0,30,30,3,30,30,0,0,36,36,36,4,36,3,0,0,0,0,0,0,0,0,0,0,0
Port 225,225,10/26/2020,3354,1,0,0,0,0,2,1,2,2,1,1,0,0,2,0,0,1,2,1,2,1,1,0,0,2,0,0,1,2,1,0,0,0,0,0,0,0,0,0,0,0,0,0,0,0,0,0,0,0,426,0,0,0,102,0,0,0,0,0,0,0,0,0,0,0,3,2,17,8,7,11,1,0,0,0,0,0,0,0,0,0,0,0,0,0,0,0,0,0,0,0,0,0,0,0,0,0,0,0,0,0,0,0,0,0,1,1,0,0,0,0,0,0,0,0,0,0,0,2,0,0,0,0,0,0,0,0,0,0,0,0,0,0,0,1,0,1,0,0,0,0,0,14,4,14,4,14,12,0,0,0,0,0,0,0,105,105,105,105,105,0,0,0,0,0,0,0,0,0,0,0,0,0,1,0,0,0,0,2,0,0,0,0,0,0,0,3,106,2,106,0,0,0,0,161,0,106,0,0,0,0,0,0,0,0,0,0,104,104,7,103,112,0,0,0,0,0,0,0,7,106,0,0,14,0,0,0,0,0,0,1,3,0,0,0,0,4,0,1,0,0,0,0,0,0,0,0,0,1,0,0,0,0,0,3,3,6,6,6,6,0,0,0,0,0,0,0,0,0,0,0,0,0,1,0,5,16,11,0,0,0,0,7,7,7,0,0,0,0,0,0,0,0,107,0,0,0,0,0,0,0,0,0,111,111,5,111,111,0,0,113,114,114,6,114,3,0,0,0,0,0,0,0,0,0,0,0
Port 443,443,10/26/2020,54034886,6,19314,899,0,97,43616,22547,60562,60558,17240,38010,16,16,60559,0,33550,46388,60563,38017,60558,17240,38010,16,16,60190,0,33210,46132,60188,37798,1,16,599,16374,598,598,3968,598,598,598,598,0,624,0,0,0,0,1671163,1671385,5844,625,1,8,875531,6,235,0,1153657,1153658,97,97,97,97,97,0,32,25,1030,885,882,892,13404,135,135,135,135,135,135,135,67,67,67,113,113,139,810,695,695,695,695,695,695,695,203,203,264,3234,334,299,299,0,3253,3253,3456,3253,14968,10424,588,0,0,0,0,0,0,0,176729,1154277,1808698,60245,1396,15,7,15,7,14,7,6,317,318,318,318,318,318,318,57304,2240,84125,1250128,2797,1304031,14,16,900,10,4078,3189,900,888,10095,10456,4406,11927,25577,11927,0,915974,920959,920954,920960,920978,0,0,0,0,17,17,17,17,17,17,17,17,647,1876,957375,16,16,1673928,19902,26533,396699,396705,396705,2267122,922771,792,137292,973474,58630,973490,61,16,16,16,3654,0,991188,46645,1773361,19,18,12,18,18,754861,10112,10476,959538,959540,244209,849574,1136131,32947,32948,32950,32953,32952,32952,32951,258,1012444,97,97,895,16,16,16,16,15,324,5,79782,1979,5108,21285,6,2,993,49848,1157643,1157649,1157667,195132,148440,1922700,0,0,0,0,0,0,22385,18,13,94747,94747,134663,151958,151957,151959,12551,17283,467,18,1438,8424,373,10843,18,1,11,1,32,0,2,3180,4060,880,5292,5292,419,0,257,257,257,18,18,18,18,15502,15501,1577,16976,1002026,0,19,19,19,19,19,18,33041,1248,1096570,1096571,219748,1096592,1096585,2549,0,1257161,1257173,1257175,107133,1257218,173949,14,14,5,14,36077,0,4,4,0,385,0
Port 444,444,10/26/2020,59301,0,44,3,0,0,91,44,97,97,51,53,0,0,97,0,20,64,97,53,97,51,53,0,0,96,0,20,62,96,52,0,0,1,36,1,1,9,1,1,1,1,0,1,0,0,0,0,0,0,1138,1,0,0,1942,0,0,0,0,0,0,0,0,0,0,0,1,1,9,6,6,6,40,0,0,0,0,0,0,0,0,0,0,0,0,0,2,3,3,3,3,3,3,3,0,0,0,4,0,0,0,0,4,4,4,4,42,0,3,0,0,0,0,0,0,0,0,0,0,97,1,0,0,0,0,0,0,0,1,1,1,1,1,1,1,71,0,63,0,0,0,0,0,10,0,212,202,10,7,0,0,16,23,59,23,0,2000,2012,2012,2012,2012,0,0,0,0,0,0,0,0,0,0,0,0,0,3,0,0,0,0,50,57,0,0,0,0,0,2,173,2078,73,2078,2,0,0,0,578,0,2088,0,0,0,0,0,0,0,0,0,0,1970,1970,436,1865,2246,76,76,76,76,76,76,76,29,2118,0,0,10,0,0,0,0,0,0,0,97,1,5,0,0,2,1,202,0,0,0,0,0,0,0,0,0,0,0,0,12,0,0,140,140,203,218,218,218,0,9,0,0,0,0,0,0,0,0,0,3,0,0,0,207,216,9,45,45,0,0,29,29,29,0,0,0,0,9,9,1,9,2111,0,0,0,0,0,0,0,75,4,2278,2278,328,2278,2278,3,0,2824,2824,2824,189,2826,239,0,0,0,0,86,0,0,0,0,0,0
Port 445,445,10/26/2020,155,0,0,0,0,0,0,0,0,0,0,0,0,0,0,0,0,0,0,0,0,0,0,0,0,0,0,0,0,0,0,0,0,0,0,0,0,0,0,0,0,0,0,0,0,0,0,0,0,0,0,0,0,0,0,0,0,0,0,0,0,0,0,0,0,0,0,0,0,0,0,0,0,0,0,0,0,0,0,0,0,0,0,0,0,0,0,0,0,0,0,0,0,0,0,0,0,0,0,0,0,0,0,0,0,0,0,0,0,0,0,0,0,0,0,0,0,0,0,0,0,0,0,0,0,0,0,0,0,0,0,0,0,0,0,0,0,0,0,0,0,0,0,0,0,31,31,0,0,0,0,0,0,0,0,0,0,0,0,0,0,0,0,0,0,0,0,0,0,0,0,0,0,0,0,0,0,0,0,0,0,0,0,0,0,0,0,0,0,0,0,0,0,0,0,0,0,0,0,0,0,0,0,0,0,0,0,0,0,0,0,0,0,0,0,0,0,0,0,0,0,0,0,0,0,0,0,0,0,0,0,0,0,0,0,0,0,0,0,31,0,0,0,0,0,0,0,0,0,0,0,0,0,0,0,0,0,0,0,0,0,0,0,0,0,0,0,0,0,0,0,0,0,0,0,0,31,31,0,0,0,0,0,0,0,0,0,0,0,0,0,0,0,0,0,0,0,0,0,0,0,0,0,0,0,0,0,0,0,0,0,0,0,0,0,0,0,0,0,0,0,0,105570,0,0,0,0,9791
Port 465,465,10/26/2020,278348,26625,0,0,15,0,0,0,0,0,0,0,0,0,0,0,0,0,0,0,0,0,0,0,0,0,0,0,0,0,0,0,0,0,0,0,0,0,0,0,0,0,0,0,0,0,0,0,0,0,0,0,0,0,0,27594,0,0,0,0,0,0,0,0,0,0,0,0,0,0,0,0,0,0,0,0,0,0,0,0,0,0,0,0,0,0,0,0,0,0,0,0,0,0,0,0,0,0,0,0,0,0,0,0,0,0,0,0,0,0,0,0,0,0,0,0,0,0,0,0,0,0,0,0,0,0,0,0,0,0,0,0,0,0,0,0,0,0,0,0,0,0,0,0,0,0,0,0,0,0,0,0,0,0,0,0,0,0,0,0,0,0,0,0,0,0,0,0,0,0,0,0,0,0,0,0,0,0,0,0,0,0,0,0,0,0,0,0,0,0,0,0,0,0,0,0,0,0,0,0,0,0,0,0,0,0,0,0,0,0,0,0,0,0,0,0,0,0,0,0,0,0,0,0,0,0,0,0,0,0,0,19871,0,0,0,0,0,50,0,0,0,0,0,0,0,0,0,0,0,101479,0,0,0,0,0,0,0,0,0,0,0,0,0,0,0,0,0,0,0,0,0,0,0,0,102714,0,0,0,0,0,0,0,0,0,0,0,0,0,0,0,0,0,0,0,0,0,0,0,0,0,0,0,0,0,0,0,0,0,0,0,0,0,0,0,0,0,0,0,0,0,0,0,0,0,0,0,0,0
Port 587,587,10/26/2020,257913,25282,0,0,36,0,0,0,0,0,0,0,0,0,0,0,0,0,0,0,0,0,0,0,0,0,0,0,0,0,0,0,0,0,0,0,0,0,0,0,0,0,0,0,0,0,0,0,0,0,12,0,0,0,0,26251,0,0,0,0,0,0,0,0,0,0,0,0,0,0,0,0,0,0,0,0,0,0,0,0,0,0,0,0,0,0,0,0,0,0,0,0,0,0,0,0,0,0,0,0,0,0,0,0,0,0,0,0,0,0,0,0,0,0,0,0,0,0,0,0,0,0,0,0,0,0,0,0,0,0,0,0,0,0,0,0,0,0,0,0,0,0,0,0,0,0,0,0,0,0,0,0,0,0,0,0,0,0,0,0,0,0,0,0,0,0,0,0,0,0,0,0,0,0,0,0,0,0,0,0,0,0,0,0,0,0,0,0,0,0,0,0,0,0,0,12,0,0,0,0,0,0,0,0,0,0,0,0,0,0,0,0,0,0,0,0,0,0,0,0,0,0,0,0,0,0,0,0,0,0,0,22638,0,0,0,0,0,1286,0,0,0,0,0,0,0,0,0,0,0,90589,0,0,0,0,0,0,0,0,0,0,0,0,0,0,0,0,0,0,0,0,0,0,0,0,91807,0,0,0,0,0,0,0,0,0,0,0,0,0,0,0,0,0,0,0,0,0,0,0,0,0,0,0,0,0,0,0,0,0,0,0,0,0,0,0,0,0,0,0,0,0,0,0,0,0,0,0,0,0
Port 666,666,10/26/2020,16251,0,0,0,0,0,0,0,0,0,0,0,0,0,0,0,0,0,0,0,0,0,0,0,0,0,0,0,0,0,0,0,0,0,0,0,0,0,0,0,0,0,0,0,0,0,0,0,0,0,10839,0,0,0,0,0,0,0,0,0,0,0,0,0,0,0,0,0,0,0,0,0,0,0,0,0,0,0,0,0,0,0,0,0,0,0,0,0,0,0,0,0,0,0,0,0,0,0,0,0,0,0,0,0,0,0,0,0,0,0,0,0,0,0,0,0,0,0,0,0,0,0,0,0,0,0,0,0,0,0,0,0,0,0,0,0,0,0,0,0,0,0,0,0,0,8,8,0,0,0,0,0,0,0,0,0,0,0,0,0,0,0,0,0,0,0,0,0,0,0,0,0,0,0,0,0,0,0,0,0,0,0,0,0,0,0,0,0,0,0,0,6,0,0,0,5231,0,0,0,0,0,0,0,0,0,0,0,0,0,0,0,0,0,0,0,0,0,0,0,0,31,0,0,0,0,0,0,0,0,0,0,1,0,0,0,0,0,1,0,8,0,0,0,0,0,0,0,0,0,0,0,0,0,0,0,0,0,0,0,0,0,0,0,0,0,0,0,0,0,0,0,0,5,0,0,0,8,8,0,0,0,0,0,31,31,31,0,0,0,0,0,0,0,0,0,0,0,0,0,0,0,0,0,0,0,0,0,0,0,0,0,1,1,1,0,1,0,0,0,0,0,0,0,0,0,0,0,0
Port 830,830,10/26/2020,22041,0,0,0,0,0,2,1,2,2,1,1,0,0,2,0,0,1,2,1,2,1,1,0,0,2,0,0,1,2,1,0,0,0,0,0,0,0,0,0,0,0,0,0,0,0,0,0,0,0,9932,0,0,0,106,0,0,0,0,0,0,0,0,0,0,0,4,3,19,9,9,9,1,0,0,0,0,0,0,0,0,0,0,0,0,0,0,0,0,0,0,0,0,0,0,0,0,0,0,0,0,0,0,0,0,0,1,2,0,0,0,0,0,0,0,0,0,0,0,2,0,0,0,0,0,0,0,0,0,0,0,0,0,0,0,2,0,1,0,0,0,0,0,12,0,14,0,12,10,0,0,0,0,0,0,0,107,107,107,107,107,0,0,0,0,0,0,0,0,0,0,0,0,0,0,0,0,0,0,0,0,0,0,0,0,0,0,1,107,1,107,0,0,0,0,9376,0,107,0,0,0,0,0,0,0,0,0,0,107,107,8,106,109,0,0,0,0,0,0,0,9,107,0,0,14,0,0,0,0,0,0,0,2,0,0,0,0,0,0,1,0,0,0,0,0,0,0,0,0,0,0,0,0,0,0,1,1,1,1,1,1,0,0,0,0,0,0,0,0,0,0,0,0,0,0,0,1,16,15,0,0,0,0,9,9,9,0,0,0,0,0,0,0,0,107,0,0,0,0,0,0,0,0,0,109,109,2,109,109,0,0,113,113,113,1,113,1,0,0,0,0,0,0,0,0,0,0,0
Port 888,888,10/26/2020,816280,0,0,0,0,0,49,7,51,51,37,44,0,0,51,0,23,52,51,44,51,37,44,0,0,48,0,21,49,48,41,0,0,0,0,0,0,0,0,0,0,0,0,0,0,0,0,0,22964,22965,106,0,0,0,22720,0,0,0,443,444,0,0,0,0,0,0,15,3,158,117,116,120,35,0,0,0,0,0,0,0,0,0,0,0,0,0,3,0,0,0,0,0,0,0,0,0,0,0,0,0,0,0,0,0,0,0,35,85,0,0,0,0,0,0,0,0,213,448,519,50,0,0,0,0,0,0,0,0,0,0,0,0,0,0,0,8,1,44,406,0,23132,0,0,129,4,140,12,129,125,6,6,0,0,0,0,0,22934,22934,22935,22939,22944,0,0,0,0,0,0,0,0,0,0,0,0,0,3,23150,0,0,23242,4,0,30,30,30,23372,23163,0,66,23008,56,23010,0,0,0,0,59,0,23021,9,23289,0,0,0,0,0,535,6,6,23029,23030,104,22972,23054,0,0,0,0,0,0,0,12,23056,0,0,134,0,0,0,0,0,0,0,59,0,0,8,0,1,0,28,23298,23300,23301,37,28,23400,0,0,0,1,0,0,0,0,0,27,27,32,36,36,36,2,0,0,0,0,6,0,6,0,0,0,1,0,1,0,28,159,131,0,0,0,0,12,12,12,0,0,0,0,0,0,0,0,23226,0,0,0,0,0,0,0,0,0,23256,23258,74,23260,23260,1,0,23285,23286,23289,33,23297,64,0,0,0,0,0,0,0,0,0,0,0
Port 993,993,10/26/2020,3776,0,0,0,0,0,0,0,0,0,0,0,0,0,0,0,0,0,0,0,0,0,0,0,0,0,0,0,0,0,0,0,0,0,0,0,0,0,0,0,0,0,0,0,0,0,753,753,0,0,0,0,0,0,0,0,0,0,0,0,0,0,0,0,0,0,0,0,0,0,0,0,0,0,0,0,0,0,0,0,0,0,0,0,0,0,0,0,0,0,0,0,0,0,0,0,0,0,0,0,0,0,0,0,0,0,0,0,0,0,0,0,0,0,0,0,0,0,0,0,0,0,0,0,0,0,0,0,0,0,0,0,0,0,0,0,0,0,0,0,0,0,0,0,0,0,0,0,0,0,0,0,0,0,0,0,0,0,0,0,0,0,0,0,0,0,0,0,0,0,0,0,0,0,0,0,0,0,0,0,0,0,0,0,0,0,0,0,0,0,0,0,0,0,0,0,0,0,0,0,0,0,0,0,0,0,0,0,0,0,0,0,0,0,0,0,0,0,0,0,0,0,0,0,0,0,0,0,0,0,0,0,0,0,0,0,0,0,0,0,0,0,0,0,0,0,0,0,0,0,0,756,0,0,0,0,0,0,0,0,0,0,0,0,0,0,0,0,0,0,0,0,0,0,0,0,0,0,0,0,0,0,757,0,0,0,0,0,0,0,0,0,0,0,0,757,0,0,0,0,0,0,0,0,0,0,0,0,0,0,0,0,0,0,0,0,0,0,0,0,0,0,0,0,0,0,0,0
Port 999,999,10/26/2020,697975,0,0,0,0,0,149,96,242,242,54,146,0,0,242,0,1700,146,242,146,242,54,146,0,0,238,0,1641,145,238,145,0,0,0,0,0,0,0,0,0,0,0,0,0,0,0,0,0,0,0,138,0,0,0,27637,0,0,0,0,0,0,0,0,0,0,0,3,3,29,12,12,13,53,0,0,0,0,0,0,0,0,0,0,0,0,0,0,0,0,0,0,0,0,0,0,0,0,0,0,0,0,0,0,0,0,0,54,62,0,0,0,0,0,0,0,0,0,0,0,241,2,0,0,0,0,0,0,0,0,0,0,0,0,0,0,0,0,147,0,0,0,0,0,220,1,229,9,220,13,0,0,0,0,0,0,0,27863,27867,27868,27870,27870,0,0,0,0,0,0,0,0,0,0,0,0,0,0,0,0,0,0,3,0,0,0,0,0,0,0,155,27920,151,27922,2,0,0,0,112,0,27936,0,0,0,0,0,0,0,0,0,0,27962,27963,1880,27814,28342,0,0,0,0,0,0,0,2,27988,0,0,222,0,0,0,0,0,0,0,152,0,0,0,0,0,0,13,0,0,0,0,0,0,0,0,0,1,0,0,0,0,0,50,50,69,611,611,611,0,0,0,0,0,0,0,0,0,0,0,1,0,1,0,14,238,224,0,0,0,0,2,2,2,0,0,0,0,0,0,0,0,28137,0,0,0,0,0,0,0,0,0,28396,28398,422,28401,28403,0,0,37901,37901,37907,53,37921,419,0,0,0,0,0,0,0,0,0,0,0
Port 1024,1024,10/26/2020,58284,0,0,0,0,0,24,21,170,170,2,149,0,0,170,0,2,149,170,149,170,2,149,0,0,167,0,2,146,167,146,0,0,0,0,0,0,0,0,0,0,0,0,0,0,0,0,0,0,0,4593,0,0,0,1378,0,0,0,0,0,0,0,0,0,0,0,31,14,290,161,160,167,1,0,0,0,0,0,0,0,0,0,0,0,0,0,0,0,0,0,0,0,0,0,0,0,0,0,0,0,0,0,0,0,0,0,1,13,0,0,0,0,0,0,0,0,0,0,0,167,0,0,0,0,0,0,0,0,0,0,0,0,0,0,0,8,0,147,0,0,0,0,0,249,7,342,24,249,197,0,0,0,0,0,0,0,1398,1400,1400,1400,1400,0,0,0,0,0,0,0,0,0,0,0,0,0,2,0,0,0,0,10,0,0,0,0,0,0,0,218,1417,199,1417,0,0,0,0,4282,0,1419,0,0,0,0,0,0,0,0,0,0,1388,1388,294,1180,2272,0,0,0,0,0,0,0,16,1425,0,0,329,0,0,0,0,0,0,0,204,0,0,0,0,0,0,50,0,0,0,0,0,0,0,0,0,0,0,0,0,0,0,81,81,94,96,96,96,0,0,0,0,0,0,0,0,0,0,0,2,0,0,0,59,388,329,0,0,0,0,16,16,16,0,0,0,0,0,0,0,0,1433,0,0,0,0,0,0,0,0,0,2297,2297,1055,2298,2298,1,0,2318,2318,2318,90,2318,1041,0,0,0,0,0,0,0,0,0,0,0
Port 3388,3388,10/26/2020,4328,0,0,0,0,0,0,0,0,0,0,0,0,0,0,0,0,0,0,0,0,0,0,0,0,0,0,0,0,0,0,0,0,0,0,0,0,0,0,0,0,0,0,0,0,0,0,0,0,0,509,0,0,0,0,0,0,0,0,0,0,0,0,0,0,0,0,0,0,0,0,0,0,0,0,0,0,0,0,0,0,0,0,0,0,0,0,0,0,0,0,0,0,0,0,0,0,0,0,0,0,0,0,0,0,0,0,0,0,0,0,0,0,0,0,0,0,0,0,0,0,0,0,0,0,0,0,0,0,0,0,0,0,0,0,0,0,0,0,0,0,0,0,0,0,0,0,0,0,0,0,0,0,0,0,0,0,0,0,0,0,0,0,0,0,0,0,0,0,0,0,0,0,0,0,0,0,0,0,0,0,0,0,0,0,0,0,0,0,0,0,0,0,0,0,458,0,0,0,0,0,0,0,0,0,0,0,0,0,0,0,0,0,0,0,0,0,0,0,0,2,0,0,0,0,0,0,0,0,0,0,0,0,0,0,0,0,0,0,0,0,0,0,0,0,0,3352,0,0,0,0,0,0,0,0,0,0,0,0,0,0,0,0,0,0,0,0,0,0,0,0,0,1,0,0,0,0,0,0,0,0,0,0,2,2,2,0,0,0,0,0,0,0,0,0,0,0,0,0,0,0,0,0,0,0,0,0,0,0,0,0,0,0,0,0,0,0,0,0,0,0,0,0,0,0,0,0,0
Port 3389,3389,10/26/2020,364661,0,0,0,0,0,0,0,0,0,0,0,0,0,0,0,0,0,0,0,0,0,0,0,0,0,0,0,0,0,0,0,0,0,0,0,0,0,0,0,0,0,0,0,0,0,0,0,0,0,59928,0,0,0,0,0,0,0,0,0,0,0,0,0,0,0,0,0,0,0,0,0,0,0,0,0,0,0,0,0,0,0,0,0,0,0,0,0,0,0,0,0,0,0,0,0,0,0,0,0,0,0,0,0,0,0,0,0,0,0,0,0,0,0,0,0,0,0,0,0,0,0,0,0,0,0,0,0,0,0,0,0,0,0,0,0,0,0,0,0,0,0,0,0,0,0,0,0,0,0,0,0,0,0,0,0,0,0,0,0,0,0,0,0,0,0,0,0,0,0,0,0,0,0,0,0,0,0,0,0,0,0,0,0,0,0,0,0,0,0,0,0,0,0,0,59845,0,0,0,0,0,0,0,0,0,0,0,0,0,0,0,0,0,0,0,0,0,0,0,0,5,0,0,0,0,0,0,0,0,0,0,0,0,0,0,0,0,0,0,0,0,0,0,0,0,0,244868,0,0,0,0,0,0,0,0,0,0,0,0,0,0,0,0,0,0,0,0,0,0,0,0,0,0,0,0,0,0,0,0,0,0,0,0,5,5,5,0,0,0,0,0,0,0,0,0,0,0,0,0,0,0,0,0,0,0,0,0,0,0,0,0,0,0,0,0,0,0,0,0,0,0,0,0,0,0,0,0,0
Port 4000,4000,10/26/2020,1657,0,0,0,0,0,0,0,0,0,0,0,0,0,0,0,0,0,0,0,0,0,0,0,0,0,0,0,0,0,0,0,0,0,0,0,0,0,0,0,0,0,0,0,0,0,0,0,6,6,839,0,0,0,1,0,0,0,2,2,0,0,0,0,0,0,0,0,0,0,0,0,0,0,0,0,0,0,0,0,0,0,0,0,0,0,0,0,0,0,0,0,0,0,0,0,0,0,0,0,0,0,0,0,0,0,0,1,0,0,0,0,0,0,0,0,0,2,7,0,0,0,0,0,0,0,0,0,0,0,0,0,0,0,0,0,0,0,5,0,5,0,0,0,0,0,0,0,0,0,0,0,0,0,0,0,1,1,1,1,1,0,0,0,0,0,0,0,0,0,0,0,0,0,0,1,0,0,6,0,0,1,1,1,8,1,0,0,1,0,1,2,0,0,0,674,0,1,0,6,0,0,0,0,0,1,0,0,1,1,1,1,1,0,0,0,0,0,0,0,7,1,0,0,0,0,0,0,0,0,0,0,0,0,0,0,0,4,0,0,1,1,1,0,0,6,0,0,0,0,0,0,0,0,0,0,0,0,0,0,0,0,0,0,0,0,0,0,0,0,0,0,15,0,0,0,0,0,0,0,0,0,0,7,7,7,0,0,0,0,0,0,0,0,1,0,0,0,0,0,0,0,0,0,1,1,0,1,1,0,0,1,1,1,0,1,0,0,0,0,0,0,0,0,0,0,0,0
Port 4444,4444,10/26/2020,4065,0,0,0,0,0,0,0,0,0,0,0,0,0,0,0,0,0,0,0,0,0,0,0,0,0,0,0,0,0,0,0,0,0,0,0,0,0,0,0,0,0,0,0,0,0,0,0,7,7,2252,0,0,0,0,0,0,0,2,2,0,0,0,0,0,0,0,0,0,0,0,0,0,0,0,0,0,0,0,0,0,0,0,0,0,0,0,0,0,0,0,0,0,0,0,0,0,0,0,0,0,0,0,0,0,0,0,0,0,0,0,0,0,0,0,0,1,2,2,0,0,0,0,0,0,0,0,0,0,0,0,0,0,0,0,0,0,0,1,0,1,0,0,0,0,124,124,0,0,0,0,0,0,0,0,0,0,0,0,0,0,0,0,0,0,0,0,0,0,0,0,0,0,0,0,7,0,0,7,0,0,6,6,6,8,7,0,0,0,0,0,28,0,0,0,874,0,0,0,7,0,0,0,0,0,0,0,0,0,0,0,0,0,0,0,0,0,0,0,0,43,0,0,0,0,0,0,0,0,0,0,1,0,0,0,0,0,0,0,124,8,8,8,1,1,8,0,0,0,0,0,0,0,0,0,0,0,0,0,0,0,0,0,0,0,0,0,0,0,0,0,0,5,0,0,0,124,124,0,0,0,0,0,43,43,43,0,0,0,0,0,0,0,0,0,0,0,0,0,0,0,0,0,0,0,0,0,0,0,0,0,0,0,0,0,0,0,0,0,0,0,0,0,0,0,0,0,0
Port 4506,4506,10/26/2020,67,0,0,0,0,0,0,0,0,0,0,0,0,0,0,0,0,0,0,0,0,0,0,0,0,0,0,0,0,0,0,0,0,0,0,0,0,0,0,0,0,0,0,0,0,0,0,0,0,0,29,0,0,0,0,0,0,0,0,0,0,0,0,0,0,0,0,0,0,0,0,0,0,0,0,0,0,0,0,0,0,0,0,0,0,0,0,0,0,0,0,0,0,0,0,0,0,0,0,0,0,0,0,0,0,0,0,0,0,0,0,0,0,0,0,0,0,0,0,0,0,0,0,0,0,0,0,0,0,0,0,0,0,0,0,0,0,0,0,0,0,0,0,0,0,0,0,0,0,0,0,0,0,0,0,0,0,0,0,0,0,0,0,0,0,0,0,0,0,0,0,0,0,0,0,0,0,0,0,0,0,0,0,0,0,0,0,0,0,0,0,0,0,0,0,21,0,0,0,0,0,0,0,0,0,0,0,0,0,0,0,0,0,0,0,0,0,0,0,0,4,0,0,0,0,0,0,0,0,0,0,0,0,0,0,0,0,0,0,0,0,0,0,0,0,0,0,0,0,0,0,0,0,0,0,0,0,0,0,0,0,0,0,0,0,0,0,0,0,0,0,0,1,0,0,0,0,0,0,0,0,0,0,4,4,4,0,0,0,0,0,0,0,0,0,0,0,0,0,0,0,0,0,0,0,0,0,0,0,0,0,0,0,0,0,0,0,0,0,0,0,0,0,94,94,0,0,0
Port 4545,4545,10/26/2020,3429,0,0,0,0,0,3,3,6,6,0,3,0,0,6,0,0,3,6,3,6,0,3,0,0,6,0,0,3,6,3,0,0,0,0,0,0,0,0,0,0,0,0,0,0,0,0,0,0,0,59,0,0,0,74,0,0,0,0,0,0,0,0,0,0,0,3,0,23,6,6,7,0,0,0,0,0,0,0,0,0,0,0,0,0,0,0,0,0,0,0,0,0,0,0,0,0,0,0,0,0,0,0,0,0,0,0,2,0,0,0,0,0,0,0,0,0,0,0,6,0,0,0,0,0,0,0,0,0,0,0,0,0,0,0,0,0,3,0,0,0,0,0,7,1,10,3,8,8,0,0,0,0,0,0,0,75,76,76,76,76,0,0,0,0,0,0,0,0,0,0,0,0,0,0,0,0,0,0,1,0,0,0,0,0,0,0,5,77,4,77,0,0,0,0,20,0,77,0,0,0,0,0,0,0,0,0,0,76,76,9,72,153,0,0,0,0,0,0,0,1,113,0,0,9,0,0,0,0,0,0,1,4,0,0,0,0,1,0,1,0,0,0,0,0,0,0,0,0,0,0,0,0,0,0,77,77,79,79,79,79,0,0,0,0,0,0,0,0,0,0,0,0,0,0,0,3,13,10,0,0,0,0,1,1,1,0,0,0,0,0,0,0,0,77,0,0,0,0,0,0,0,0,0,154,154,82,154,154,0,0,156,156,156,79,156,4,0,0,0,0,0,0,0,0,0,0,0
Port 4567,4567,10/26/2020,53599,0,0,0,0,0,15,15,15,15,1,0,0,0,15,0,1,0,15,0,15,1,0,0,0,15,0,1,0,15,0,0,0,0,0,0,0,0,0,0,0,0,0,0,0,0,0,0,917,917,461,0,0,0,1105,0,0,0,485,485,0,0,0,0,0,0,34,16,168,100,92,111,0,0,0,0,0,0,0,0,0,0,0,0,0,0,0,0,0,0,0,0,0,0,0,0,0,0,0,0,0,0,0,0,0,0,0,43,0,0,0,0,0,0,0,0,72,488,642,15,0,0,0,0,0,0,0,0,0,0,0,0,0,0,0,8,0,0,325,2,341,0,0,127,19,149,33,127,116,76,76,0,0,0,0,0,1130,1131,1131,1131,1131,0,0,0,0,0,0,0,0,0,0,0,0,6,1,763,0,0,921,6,2,583,583,583,1245,742,0,13,1138,5,1138,1,0,0,0,135,0,1142,17,961,0,0,0,0,0,1050,76,76,1132,1133,61,1125,1619,2,2,2,2,2,2,2,3,1375,0,0,136,0,0,0,0,0,0,0,10,0,0,6,0,0,0,35,845,845,845,78,61,1023,0,0,0,0,0,0,0,0,0,475,475,484,487,487,487,1,0,0,0,0,119,44,120,0,0,0,1,39,0,0,45,167,122,0,0,0,0,3,3,3,0,0,0,0,0,0,0,0,1150,0,0,0,0,0,0,0,2,0,1618,1618,476,1618,1618,0,0,1641,1641,1641,484,1641,13,0,0,0,0,2,0,0,0,0,0,0
Port 5000,5000,10/26/2020,153193,0,4,0,0,0,35,24,43,43,12,19,0,0,43,0,8,24,43,19,43,12,19,0,0,43,0,7,24,43,19,0,0,1,4,1,1,1,1,1,1,1,0,0,0,0,0,0,4009,4009,1012,0,0,0,1697,0,0,0,4917,4917,0,0,0,0,0,0,61,36,2207,340,327,504,10,0,0,0,0,0,0,0,0,0,0,0,0,0,0,0,0,0,0,0,0,0,0,0,0,1,0,0,0,0,1,1,1,1,10,597,1,0,0,0,0,0,0,0,403,4933,6553,43,1,0,0,0,0,0,0,0,0,0,0,0,0,0,0,69,0,23,2786,7,2827,0,0,546,166,592,186,535,504,920,921,0,2,5,2,0,1771,1774,1774,1774,1774,0,0,0,0,0,0,0,0,0,0,0,0,497,2,2406,0,0,4025,22,5,1213,1213,1213,7826,2368,0,77,1800,38,1800,0,0,0,0,508,0,1814,85,4173,0,0,0,0,0,4669,920,921,1759,1759,265,1706,3004,5,5,5,5,5,5,5,54,2050,0,0,580,0,0,0,0,0,0,0,50,0,1,26,0,5,0,134,2878,2878,2878,455,370,4550,0,0,0,0,0,0,3,0,0,1187,1187,1227,1238,1238,1238,15,2,0,0,0,997,87,1010,0,0,0,8,35,0,0,228,653,425,0,0,0,0,54,54,54,0,0,0,0,1,1,0,2,1831,0,0,0,0,0,0,0,5,2,2329,2329,557,2329,2329,2,0,2640,2640,2640,774,2640,81,0,0,0,0,9,0,0,0,0,0,0
Port 5003,5003,10/26/2020,9912,0,0,0,0,0,1,1,1,1,0,0,0,0,1,0,0,0,1,0,1,0,0,0,0,1,0,0,0,1,0,0,0,0,0,0,0,0,0,0,0,0,0,0,0,0,0,0,0,0,40,0,0,0,311,0,0,0,0,0,0,0,0,0,0,0,3,2,34,13,13,14,0,0,0,0,0,0,0,0,0,0,0,0,0,0,0,0,0,0,0,0,0,0,0,0,0,0,0,0,0,0,0,0,0,0,0,0,0,0,0,0,0,0,0,0,0,0,0,1,0,0,0,0,0,0,0,0,0,0,0,0,0,0,0,2,0,0,0,0,0,0,0,17,1,21,4,17,14,0,0,0,0,0,0,0,315,315,315,315,315,0,0,0,0,0,0,0,0,0,0,0,0,0,1,0,0,0,0,3,0,0,0,0,0,0,0,4,317,1,317,0,0,0,0,35,0,317,0,0,0,0,0,0,0,0,0,0,314,314,6,313,512,0,0,0,0,0,0,0,2,352,0,0,19,0,0,0,0,0,0,0,2,0,0,0,0,0,0,3,0,0,0,0,0,0,0,0,0,0,0,0,0,0,0,190,190,194,195,195,195,0,0,0,0,0,0,0,0,0,0,0,0,0,0,0,5,22,17,0,0,0,0,2,2,2,0,0,0,0,0,0,0,0,319,0,0,0,0,0,0,0,0,0,396,396,77,396,396,0,0,424,424,424,102,424,2,0,0,0,0,0,0,0,0,0,0,0
Port 5025,5025,10/26/2020,353,1,0,0,2,0,0,0,0,0,0,0,0,0,0,0,0,0,0,0,0,0,0,0,0,0,0,0,0,0,0,0,0,0,0,0,0,0,0,0,0,0,0,0,0,0,0,0,0,0,192,0,0,0,1,1,0,0,0,0,0,0,0,0,0,0,0,0,0,0,0,0,0,0,0,0,0,0,0,0,0,0,0,0,0,0,0,0,0,0,0,0,0,0,0,0,0,0,0,0,0,0,0,0,0,0,0,0,0,0,0,0,0,0,0,0,0,0,0,0,0,0,0,0,0,0,0,0,0,0,0,0,0,0,0,0,0,0,0,0,0,0,0,0,0,0,0,0,0,0,0,0,0,0,0,0,1,1,1,1,1,0,0,0,0,0,0,0,0,0,0,0,0,0,0,0,0,0,0,0,0,0,0,0,0,0,0,0,1,0,1,2,0,0,0,115,0,1,0,0,0,0,0,0,0,0,0,0,1,1,1,1,1,0,0,0,0,0,0,0,2,1,0,0,0,0,0,0,0,0,0,0,0,0,0,0,0,7,0,0,0,0,0,0,0,0,0,0,0,0,0,0,0,0,0,0,0,0,0,0,0,0,0,0,0,0,0,0,0,0,0,0,1,0,0,0,0,0,0,0,0,0,0,2,2,2,0,0,0,0,0,0,0,0,1,0,0,0,0,0,0,0,0,0,1,1,0,1,1,0,0,1,1,1,0,1,0,0,0,0,0,0,0,0,0,0,0,0
Port 5190,5190,10/26/2020,4402,0,0,0,0,0,1,1,1,1,0,0,0,0,1,0,0,0,1,0,1,0,0,0,0,1,0,0,0,1,0,0,0,0,0,0,0,0,0,0,0,0,0,0,0,0,0,0,0,0,14,0,0,0,84,0,0,0,0,0,0,0,0,0,0,0,2,2,13,6,6,6,0,0,0,0,0,0,0,0,0,0,0,0,0,0,0,0,0,0,0,0,0,0,0,0,0,0,0,0,0,0,0,0,0,0,0,2,0,0,0,0,0,0,0,0,0,0,0,1,0,0,0,0,0,0,0,0,0,0,0,0,0,0,0,1,0,0,0,0,0,0,0,7,0,9,0,7,6,0,0,0,0,0,0,0,86,86,86,86,86,0,0,0,0,0,0,0,0,0,0,0,0,0,0,0,0,0,0,0,0,0,0,0,0,0,0,1,87,0,87,0,0,0,0,10,0,87,0,0,0,0,0,0,0,0,0,0,86,86,3,85,275,0,0,0,0,0,0,0,0,129,0,0,9,0,0,0,0,0,0,0,0,0,0,0,0,0,0,1,0,0,0,0,0,0,0,0,0,1,0,0,0,0,0,190,190,190,190,190,190,0,0,0,0,0,0,0,0,0,0,0,0,0,1,0,1,11,10,0,0,0,0,0,0,0,0,0,0,0,0,0,0,0,88,0,0,0,0,0,0,0,0,0,160,160,72,160,160,0,0,195,195,195,106,195,1,0,0,0,0,0,0,0,0,0,0,0
Port 5432,5432,10/26/2020,4896732,0,0,0,0,0,0,0,0,0,0,0,0,0,0,395614,0,0,0,0,0,0,0,0,0,0,390219,0,0,0,0,0,0,0,0,0,0,0,0,0,0,0,104984,0,386186,106646,0,0,0,0,0,0,0,0,0,0,0,0,0,0,0,0,0,0,0,0,0,0,0,0,0,0,0,0,0,0,0,0,0,0,0,0,0,0,0,0,0,0,0,0,0,0,0,0,0,0,0,0,0,0,0,0,0,0,0,0,0,0,0,0,314527,314538,343825,321123,321130,275122,0,0,0,0,0,0,0,0,0,0,0,0,0,0,0,0,0,0,0,0,0,0,0,0,0,0,0,0,0,0,0,0,0,0,0,0,0,0,0,155096,0,0,0,0,0,317386,155118,155120,362522,0,0,0,0,0,0,0,0,0,0,0,0,0,0,0,0,0,0,0,0,0,0,0,0,0,0,0,0,0,0,0,155199,0,0,0,0,0,0,0,0,0,0,0,0,0,0,0,0,0,0,0,0,0,0,0,0,0,0,0,0,0,0,0,0,0,0,0,0,0,0,0,0,0,0,0,0,0,0,0,0,0,0,0,4003,0,0,0,0,0,0,0,0,0,0,0,0,0,0,0,0,0,0,0,0,0,0,0,0,0,0,0,0,0,0,0,0,0,0,0,0,0,0,0,0,0,0,0,0,0,0,0,0,0,0,0,0,0,0,0,0,0,0,0,0,0,318374,0,0,0,0,0,0,0,0,0,0,0,0,0,0,0,0,0
Port 5555,5555,10/26/2020,43614,0,1,0,0,0,246,18,250,250,224,232,0,0,250,0,6,237,250,232,250,224,232,0,0,250,0,6,237,250,232,0,0,0,1,0,0,0,0,0,0,0,0,0,0,0,0,0,0,0,3884,0,0,0,632,0,0,0,0,0,0,0,0,0,0,0,63,31,350,188,159,196,224,0,0,0,0,0,0,0,0,0,0,0,0,0,1,0,0,0,0,0,0,0,0,0,0,0,0,0,0,0,0,0,0,0,225,30,0,0,0,0,0,0,0,0,0,0,0,251,0,0,0,0,0,0,0,0,0,0,0,0,0,0,0,14,2,243,0,0,0,0,0,238,37,281,70,238,204,0,0,0,1,1,1,0,654,655,655,655,655,0,0,0,0,0,0,0,0,0,0,0,0,0,2,0,0,0,0,14,1,0,0,0,0,0,0,283,681,247,681,3,0,0,0,2603,0,686,0,0,0,0,0,0,0,0,0,0,662,662,379,399,1612,1,1,1,1,1,1,1,28,921,0,0,250,0,0,0,0,0,0,0,255,0,0,0,0,0,0,49,0,0,0,0,0,0,0,0,0,0,0,0,2,0,0,929,929,953,958,958,958,0,2,0,0,0,0,0,0,0,0,0,10,0,0,0,89,308,219,0,0,0,0,28,28,28,0,0,0,0,2,2,0,2,690,0,0,0,0,0,0,0,1,0,1180,1180,751,1180,1180,0,0,1277,1277,1277,520,1277,278,0,0,0,0,1,0,0,0,0,0,0
Port 5900,5900,10/26/2020,61501,0,0,0,0,0,10,8,11,11,3,3,0,0,11,0,1,3,11,3,11,3,3,0,0,11,0,1,3,11,3,0,0,0,0,0,0,0,0,0,0,0,0,0,0,0,0,0,816,816,3631,0,0,0,1068,0,0,0,445,445,0,0,0,0,0,0,24,14,155,67,67,74,2,0,0,0,0,0,0,0,0,0,0,0,0,0,0,0,0,0,0,0,0,0,0,0,0,0,0,0,0,0,0,0,0,0,2,37,0,0,0,0,0,0,0,0,67,446,571,11,0,0,0,0,0,0,0,0,0,0,0,0,0,0,0,10,1,3,273,3,278,0,0,93,7,106,9,94,79,86,87,0,0,0,0,0,1081,1082,1082,1082,1082,0,0,0,0,0,0,0,0,0,0,0,0,4,1,686,0,0,821,7,0,541,541,541,1125,668,0,15,1088,6,1088,0,0,0,0,3628,0,1091,17,858,0,0,0,0,0,1034,86,87,1080,1080,45,1071,2026,0,0,0,0,0,0,0,7,1316,0,0,105,0,0,0,0,0,0,0,10,0,0,6,0,0,0,21,754,754,754,63,46,904,0,0,0,0,0,0,0,0,0,948,948,956,959,959,959,5,0,0,0,0,163,77,164,0,0,0,2,37,0,0,16,120,104,0,0,0,0,7,7,7,0,0,0,0,0,0,0,0,1097,0,0,0,0,0,0,0,0,0,1550,1550,463,1550,1550,0,0,1802,1802,1802,689,1802,14,0,0,0,0,0,0,0,0,0,0,0
Port 7070,7070,10/26/2020,35129,0,1,0,0,1,14,14,14,14,0,0,0,0,14,0,11,1,14,0,14,0,0,0,0,14,0,11,1,14,0,0,0,0,1,0,0,1,0,0,0,0,0,0,0,0,0,0,1572,1572,41,0,0,0,407,0,0,0,589,589,1,1,1,1,1,0,3,1,43,19,19,20,0,0,0,0,0,0,0,0,0,0,0,0,0,0,0,0,0,0,0,0,0,0,0,0,0,0,0,0,0,0,0,0,0,0,0,18,0,0,0,0,0,0,0,0,14,592,692,14,0,0,0,0,0,0,0,0,1,1,1,1,1,1,1,132,0,0,358,3,359,0,0,25,1,27,2,25,22,7,7,0,0,1,0,0,416,418,418,418,418,0,0,0,0,0,0,0,0,0,0,0,0,1,0,1470,0,0,1583,2,1,1222,1222,1222,1923,1466,0,13,424,3,424,0,0,0,0,25,0,426,2,1590,0,0,0,0,0,210,7,7,373,374,46,367,392,1,1,1,1,1,1,1,1,430,1,1,26,0,0,0,0,0,0,0,5,0,0,0,0,0,0,5,1507,1507,1507,30,28,1624,0,0,0,0,0,0,0,0,0,15,15,19,20,20,20,0,0,0,0,0,18,11,18,0,0,0,1,7,0,0,5,31,26,0,0,0,0,1,1,1,0,0,0,0,0,0,0,0,431,0,0,0,0,0,0,0,1,0,437,437,14,437,437,0,0,445,445,445,16,445,8,0,0,0,0,1,0,0,0,0,0,0
Port 7080,7080,10/26/2020,18468,0,35,0,0,0,16,13,17,17,2,4,0,0,17,0,21,12,17,4,17,2,4,0,0,17,0,21,12,17,4,0,0,1,27,1,1,2,1,1,1,1,0,2,0,0,0,0,0,0,12,2,0,0,567,0,0,0,0,0,0,0,0,0,0,0,7,4,46,22,22,23,2,0,0,0,0,0,0,0,0,0,0,0,0,0,0,0,0,0,0,0,0,0,0,0,0,4,0,0,0,0,4,4,4,4,2,2,1,0,0,0,0,0,0,0,0,0,0,17,0,0,0,0,0,0,0,0,0,0,0,0,0,0,0,34,0,11,0,0,0,0,0,27,1,32,4,27,24,0,0,0,21,36,21,0,592,594,594,594,594,0,0,0,0,0,0,0,0,0,0,0,0,0,0,0,0,0,0,9,35,0,0,0,0,0,1,34,608,14,608,0,0,0,0,9,0,610,0,0,0,0,0,0,0,0,0,0,598,598,84,577,810,37,37,37,37,37,37,37,1,620,0,0,29,0,0,0,0,0,0,0,31,1,4,0,0,0,1,8,0,0,0,0,0,0,0,0,0,0,0,0,15,0,0,29,29,44,71,71,71,0,9,0,0,0,0,0,0,0,0,0,1,0,0,0,10,38,28,0,0,0,0,1,1,1,0,0,0,0,8,8,1,9,620,0,0,0,0,0,0,0,37,1,798,798,205,798,798,0,0,983,983,983,37,983,188,0,0,0,0,38,0,0,0,0,0,0
Port 7443,7443,10/26/2020,39966,0,0,0,0,0,34,13,35,35,43,22,0,0,35,0,5,25,35,22,35,43,22,0,0,35,0,5,24,35,22,0,0,0,0,0,0,0,0,0,0,0,0,0,0,0,0,0,0,0,49,0,0,0,1542,0,0,0,0,0,0,0,0,0,0,0,4,0,39,26,26,26,21,0,0,0,0,0,0,0,0,0,0,0,0,0,0,0,0,0,0,0,0,0,0,0,0,0,0,0,0,0,0,0,0,0,21,0,0,0,0,0,0,0,0,0,0,0,0,35,0,0,0,0,0,0,0,0,0,0,0,0,0,0,0,43,0,28,0,0,0,0,0,28,0,146,119,28,26,0,0,0,0,0,0,0,1575,1579,1579,1579,1579,0,0,0,0,0,0,0,0,0,0,0,0,0,2,0,0,0,0,16,0,0,0,0,0,0,0,62,1600,30,1600,1,0,0,0,43,0,1605,0,0,0,0,0,0,0,0,0,0,1586,1586,161,1541,1664,0,0,0,0,0,0,0,4,1616,0,0,28,0,0,0,0,0,0,0,39,0,0,0,0,0,0,121,0,0,0,0,0,0,0,0,0,0,0,0,1,0,0,49,49,70,81,81,81,0,1,0,0,0,0,0,0,0,0,0,0,0,0,0,121,150,29,10,10,0,0,4,4,4,0,0,0,0,1,1,0,1,1619,0,0,0,0,0,0,0,0,0,1655,1655,86,1656,1656,2,0,1710,1710,1710,61,1710,60,0,0,0,0,0,0,0,0,0,1,0
Port 7510,7510,10/26/2020,3508,0,0,0,0,0,2,2,2,2,0,0,0,0,2,0,5,0,2,0,2,0,0,0,0,2,0,5,0,2,0,0,0,0,0,0,0,0,0,0,0,0,0,0,0,0,0,0,0,0,1,0,0,0,133,0,0,0,0,0,0,0,0,0,0,0,3,1,20,9,8,9,0,0,0,0,0,0,0,0,0,0,0,0,0,0,0,0,0,0,0,0,0,0,0,0,0,0,0,0,0,0,0,0,0,0,0,1,0,0,0,0,0,0,0,0,0,0,0,2,0,0,0,0,0,0,0,0,0,0,0,0,0,0,0,1,0,0,0,0,0,0,0,10,1,11,1,10,9,0,0,0,0,0,0,0,138,139,139,139,139,0,0,0,0,0,0,0,0,0,0,0,0,0,0,0,0,0,0,0,0,0,0,0,0,0,0,2,141,0,141,0,0,0,0,1,0,143,0,0,0,0,0,0,0,0,0,0,142,142,5,140,143,0,0,0,0,0,0,0,2,144,0,0,11,0,0,0,0,0,0,0,1,0,0,0,0,0,0,1,0,0,0,0,0,0,0,0,0,0,0,0,0,0,0,4,4,4,4,4,4,0,0,0,0,0,0,0,0,0,0,0,0,0,0,0,2,13,11,0,0,0,0,2,2,2,0,0,0,0,0,0,0,0,145,0,0,0,0,0,0,0,0,0,146,146,4,146,146,0,0,150,150,150,4,150,4,0,0,0,0,0,0,0,0,0,0,0
Port 7779,7779,10/26/2020,34583,0,0,0,0,0,16,11,16,16,7,5,0,0,16,0,72,5,16,5,16,7,5,0,0,16,0,72,5,16,5,0,0,0,0,0,0,0,0,0,0,0,0,0,0,0,0,0,0,0,74,0,0,0,1383,0,0,0,0,0,0,0,0,0,0,0,29,16,128,65,64,75,5,0,0,0,0,0,0,0,0,0,0,0,0,0,0,0,0,0,0,0,0,0,0,0,0,0,0,0,0,0,0,0,0,0,5,8,0,0,0,0,0,0,0,0,0,0,0,16,0,0,0,0,0,0,0,0,0,0,0,0,0,0,0,9,0,5,0,0,0,0,0,91,11,100,13,91,80,0,0,0,0,0,0,0,1401,1402,1402,1402,1402,0,0,0,0,0,0,0,0,0,0,0,0,0,1,0,0,0,0,8,0,0,0,0,0,0,0,17,1410,8,1410,0,0,0,0,45,0,1413,0,0,0,0,0,0,0,0,0,0,1399,1399,55,1389,1430,0,0,0,0,0,0,0,6,1415,0,0,100,0,0,0,0,0,0,1,13,0,0,0,0,0,0,10,0,0,0,0,0,0,0,0,0,0,0,0,0,0,0,17,17,28,31,31,31,0,0,0,0,0,0,0,0,0,0,0,1,0,0,0,22,115,93,0,0,0,0,6,6,6,0,0,0,0,0,0,0,0,1422,0,0,0,0,0,0,0,0,0,1435,1435,22,1435,1435,0,0,1456,1456,1456,24,1456,14,0,0,0,0,0,0,0,0,0,0,0
Port 8000,8000,10/26/2020,3753100,0,40,1,0,2,307,154,372,372,103,218,0,0,372,0,153,272,372,218,372,103,218,0,0,365,0,152,269,365,215,0,0,0,38,0,0,4,0,0,0,0,0,0,0,0,0,0,13906,13906,528,0,0,0,8028,0,0,0,15339,15339,2,2,2,2,2,0,570,370,4598,1777,1757,1823,88,1,1,1,1,1,1,1,0,0,0,0,0,0,3,0,0,0,0,0,0,0,0,0,0,14,0,0,0,0,14,14,14,14,94,1139,4,0,0,0,0,0,0,0,2195,15369,20587,366,27,0,0,0,0,0,0,0,2,2,2,2,2,2,2,402,8,270,11327,25,11562,0,0,2160,57,2277,154,2151,1856,585564,585598,15,27,46,27,0,8424,8465,8465,8465,8465,0,0,0,0,0,0,0,0,0,0,0,0,577,58,8707,0,0,13972,292,48,2493,2493,2493,23403,8372,1,851,8789,369,8790,8,0,0,0,374,0,9007,250,14792,0,0,0,0,0,27532,586293,586318,8391,8391,2617,7773,9897,66,66,66,66,66,66,66,5,9203,2,2,2228,0,0,0,0,0,1,0,470,2,14,210,0,1,2,546,11961,11961,11961,3131,2880,17697,0,0,0,0,0,0,33,0,0,1136,1136,1589,1681,1681,1681,80,30,0,0,5,273241,389,587468,0,0,0,2,38,0,0,469,2640,2171,0,0,0,0,5,5,5,0,0,0,0,27,27,3,30,9120,0,0,0,0,0,0,0,66,0,9639,9640,1500,9640,9640,13,0,10231,10231,10235,1399,10235,1068,0,0,0,0,66,0,0,0,0,0,0
Port 8001,8001,10/26/2020,315697,0,14,1,0,0,203,121,272,272,61,151,0,0,272,0,104,184,272,151,272,61,151,0,0,271,0,104,184,271,151,0,0,0,14,0,0,3,0,0,0,0,0,0,0,0,0,0,8182,8182,743,0,0,0,4814,0,0,0,7164,7165,0,0,0,0,0,0,356,172,1721,1251,1241,1280,53,0,0,0,0,0,0,0,0,0,0,0,0,0,7,1,1,1,1,1,1,1,0,0,0,7,0,0,0,0,7,7,7,7,56,764,5,0,0,0,0,0,0,0,873,7170,8760,272,21,0,0,0,0,0,0,0,1,1,1,1,1,1,1,124,15,199,6590,31,6743,0,0,1490,35,1660,76,1486,1312,1741,2155,3,14,18,14,0,5026,5058,5057,5058,5058,0,0,0,0,0,0,0,0,0,0,0,0,180,25,5032,0,0,8211,341,17,1491,1491,1491,10471,4815,1,793,5439,306,5439,10,0,0,0,515,0,5518,133,8771,0,0,0,0,0,7176,1741,2155,5026,5026,1478,4599,5940,22,22,22,22,22,22,22,10,5633,0,0,1634,0,0,0,0,0,0,0,369,2,9,147,0,3,0,283,6264,6264,6264,1105,971,9753,0,0,0,0,0,0,20,0,0,603,603,1040,1077,1077,1077,22,15,0,0,4,869,81,2238,0,0,0,3,33,0,0,225,1855,1630,0,0,0,0,10,10,10,0,0,0,0,15,15,0,15,5572,0,0,0,0,0,0,0,22,0,5885,5885,1106,5885,5886,6,0,6507,6507,6507,948,6508,606,0,0,0,0,23,0,0,0,0,0,0
Port 8009,8009,10/26/2020,83120,0,1,0,0,0,30,24,33,33,9,9,0,0,33,0,24,15,33,9,33,9,9,0,0,33,0,24,15,33,9,0,0,0,1,0,0,0,0,0,0,0,0,0,0,0,0,0,2211,2211,100,0,0,0,1433,0,0,0,1501,1501,0,0,0,0,0,0,0,0,0,0,0,0,6,0,0,0,0,0,0,0,0,0,0,0,0,0,0,0,0,0,0,0,0,0,0,0,0,0,0,0,0,0,0,0,0,0,6,66,0,0,0,0,0,0,0,0,131,1506,1811,33,0,0,0,0,0,0,0,0,0,0,0,0,0,0,0,19,0,15,1457,8,1508,0,0,0,0,0,0,0,0,1404,1645,0,1,1,1,0,1476,1477,1477,1477,1477,0,0,0,0,0,0,0,0,0,0,0,0,3,2,1898,0,0,2222,30,1,725,725,725,2599,1870,0,79,1510,27,1511,4,0,0,0,71,0,1523,42,2298,0,0,0,0,0,1372,1406,1647,1468,1468,179,1428,1587,1,1,1,1,1,1,1,5,1537,0,0,0,0,0,0,0,0,0,0,44,0,0,12,0,0,0,42,2079,2080,2080,171,129,2433,0,0,0,0,0,0,1,0,0,64,64,102,107,107,107,4,1,0,0,1,357,60,1711,0,0,0,2,34,0,0,0,0,0,0,0,0,0,5,5,5,0,0,0,0,1,1,0,1,1533,0,0,0,0,0,0,0,1,0,1584,1584,115,1584,1584,0,0,1705,1705,1705,91,1705,67,0,0,0,0,1,0,0,0,37298,0,0
Port 8010,8010,10/26/2020,162959,0,6,0,0,0,70,51,82,82,20,31,0,0,82,0,20,38,82,31,82,20,31,0,0,80,0,20,38,80,31,0,0,0,6,0,0,1,0,0,0,0,0,0,0,0,0,0,3868,3868,168,0,0,0,1802,0,0,0,3544,3544,0,0,0,0,0,0,123,43,1526,970,974,989,15,0,0,0,0,0,0,0,0,0,0,0,0,0,0,0,0,0,0,0,0,0,0,0,0,1,0,0,0,0,1,1,1,1,15,295,0,0,0,0,0,0,0,0,595,3552,4398,80,3,0,0,0,0,0,0,0,1,1,1,1,1,1,1,50,2,47,2986,242,3097,0,0,1521,15,1552,506,1522,1003,2112,2357,0,4,6,4,0,1988,1994,1994,1994,1994,0,0,0,0,0,0,0,0,0,0,0,0,3,2,3397,0,0,3877,53,6,833,833,833,5595,3351,0,532,2327,176,2328,4,0,0,0,129,0,2353,41,4474,0,0,0,0,0,3341,2113,2358,2248,2248,794,1772,2501,6,6,6,6,6,6,6,5,2386,0,0,1544,0,0,0,0,0,0,0,197,0,1,518,0,2,0,104,3720,3720,3720,302,261,4739,0,0,0,0,0,0,9,0,0,524,524,607,631,631,631,8,6,0,0,0,610,59,2422,0,0,0,1,35,0,0,572,1637,1065,0,0,0,0,5,5,5,0,0,0,0,6,6,0,6,2380,0,0,0,0,0,0,0,6,0,2480,2480,636,2481,2481,0,0,2688,2689,2689,579,2690,534,0,0,0,0,6,0,0,0,0,0,0
Port 8023,8023,10/26/2020,3931,0,0,0,0,0,3,2,3,3,0,1,0,0,3,0,2,1,3,1,3,0,1,0,0,3,0,2,1,3,1,0,0,0,0,0,0,0,0,0,0,0,0,0,0,0,0,0,0,0,84,0,0,0,107,0,0,0,0,0,0,0,0,0,0,0,2,1,28,67,67,68,0,0,0,0,0,0,0,0,0,0,0,0,0,0,0,0,0,0,0,0,0,0,0,0,0,0,0,0,0,0,0,0,0,0,0,2,0,0,0,0,0,0,0,0,0,0,0,3,0,0,0,0,0,0,0,0,0,0,0,0,0,0,0,3,0,1,0,0,0,0,0,78,1,86,9,78,70,0,0,0,0,0,0,0,110,112,112,112,112,0,0,0,0,0,0,0,0,0,0,0,0,0,0,0,0,0,0,3,0,0,0,0,0,0,0,5,113,1,113,0,0,0,0,60,0,113,0,0,0,0,0,0,0,0,0,0,109,109,13,107,122,0,0,0,0,0,0,0,5,114,0,0,80,0,0,0,0,0,0,0,2,0,0,0,0,0,0,18,0,0,0,0,0,0,0,0,0,0,0,0,0,0,0,5,5,9,12,12,12,0,0,0,0,0,0,0,0,0,0,0,0,0,0,0,20,100,80,0,0,0,0,5,5,5,0,0,0,0,0,0,0,0,115,0,0,0,0,0,0,0,0,1,122,122,9,122,122,0,0,150,150,150,8,150,4,0,0,0,0,1,0,0,0,0,0,0
Port 8069,8069,10/26/2020,33238,0,2,0,0,0,18,14,26,26,6,12,0,0,26,0,8,13,26,12,26,6,12,0,0,26,0,8,13,26,12,0,0,0,2,0,0,2,0,0,0,0,0,0,0,0,0,0,0,0,33,0,0,0,1135,0,0,0,0,0,0,0,0,0,0,0,34,17,174,379,376,383,4,0,0,0,0,0,0,0,0,0,0,0,0,0,0,0,0,0,0,0,0,0,0,0,0,0,1,0,0,0,0,0,0,0,4,11,0,0,0,0,0,0,0,0,0,0,0,26,0,0,0,0,0,0,0,0,1,1,1,1,1,1,1,14,7,12,0,0,0,0,0,401,7,415,10,401,390,0,0,0,1,2,1,0,1159,1159,1159,1160,1160,0,0,0,0,0,0,0,0,0,0,0,0,0,0,0,0,0,0,5,2,0,0,0,0,0,0,26,1164,17,1164,1,0,0,0,22,0,1165,0,0,0,0,0,0,0,0,0,0,1155,1156,84,1134,1213,2,2,2,2,2,2,2,45,1172,0,0,414,0,0,0,0,0,0,0,23,1,0,0,0,0,1,11,0,0,0,0,0,0,0,0,0,0,0,0,1,0,0,35,35,42,45,45,45,0,0,0,0,5,0,0,0,0,0,0,3,0,0,0,21,432,411,0,0,0,0,45,45,45,0,0,0,0,0,0,0,0,1182,0,0,0,0,0,0,0,2,0,1219,1219,56,1219,1219,0,0,1357,1357,1357,38,1357,48,0,0,0,0,2,0,0,0,0,0,0
Port 8080,8080,10/26/2020,9924072,1,635,16,0,168,1779,855,2076,2076,891,1221,224,224,2076,0,661,1855,2076,1221,2076,891,1221,224,220,2056,0,656,1838,2056,1209,15,228,11,563,11,11,63,11,11,11,11,0,11,0,0,0,0,139767,139767,1418,11,18,70,186249,1,1,0,112593,112593,168,168,168,168,168,0,1426,724,15846,7763,7765,8019,680,3,3,3,3,3,3,3,0,0,0,35,35,38,24,12,12,12,12,12,12,12,40,40,41,194,47,42,42,0,166,166,206,166,738,4663,32,0,0,0,0,0,0,0,21189,112653,150526,2060,41,212,54,212,54,149,54,45,10,10,10,10,10,10,10,3218,87,1801,109729,1477,115396,144,152,8827,244,12472,3816,8809,8236,497832,563336,34,394,704,394,0,188202,188433,188433,188436,188436,0,0,0,0,228,228,228,227,227,227,227,227,12137,114,84399,164,161,139904,1144,695,25261,25261,25262,183199,81516,3,4816,189845,2580,189847,6,226,226,226,850,0,190405,2049,146463,249,183,99,186,186,58403,499218,564758,188202,188207,18006,184757,195645,759,759,759,759,759,759,759,39,191709,168,168,9024,225,225,225,225,225,1,0,3332,81,226,1889,43,1,61,5965,105427,105428,105428,20369,18319,164845,0,0,0,1,0,0,696,255,98,5851,5851,7792,8326,8326,8326,534,454,0,193,140,205082,2145,565774,256,2,66,4,60,1,8,4561,13423,8863,0,0,2,0,39,39,39,190,190,191,191,423,423,41,453,190958,0,191,191,191,254,191,191,759,25,194434,194437,8423,194441,194441,50,0,199268,199270,199275,6899,199285,5760,104,96,30,104,808,0,0,0,0,0,0