port,port_number,totalcount,CVE-2017-1000369,CVE-2017-1000600,CVE-2017-1001000,CVE-2017-10140,CVE-2017-10391,CVE-2017-11142,CVE-2017-11143,CVE-2017-11144,CVE-2017-11145,CVE-2017-11147,CVE-2017-11362,CVE-2017-11364,CVE-2017-11612,CVE-2017-11628,CVE-2017-12172,CVE-2017-12868,CVE-2017-12932,CVE-2017-12933,CVE-2017-12934,CVE-2017-14595,CVE-2017-14596,CVE-2017-14718,CVE-2017-14719,CVE-2017-14720,CVE-2017-14721,CVE-2017-14722,CVE-2017-14723,CVE-2017-14724,CVE-2017-14725,CVE-2017-14726,CVE-2017-14798,CVE-2017-14990,CVE-2017-15098,CVE-2017-15099,CVE-2017-15130,CVE-2017-15132,CVE-2017-15710,CVE-2017-15715,CVE-2017-15906,CVE-2017-16510,CVE-2017-16633,CVE-2017-16634,CVE-2017-16642,CVE-2017-16944,CVE-2017-17091,CVE-2017-17663,CVE-2017-3167,CVE-2017-3169,CVE-2017-3239,CVE-2017-3247,CVE-2017-3249,CVE-2017-3250,CVE-2017-3626,CVE-2017-3730,CVE-2017-3731,CVE-2017-3732,CVE-2017-3735,CVE-2017-3736,CVE-2017-3737,CVE-2017-3738,CVE-2017-5340,CVE-2017-5487,CVE-2017-5488,CVE-2017-5489,CVE-2017-5490,CVE-2017-5491,CVE-2017-5492,CVE-2017-5493,CVE-2017-5610,CVE-2017-5611,CVE-2017-5612,CVE-2017-6377,CVE-2017-6379,CVE-2017-6381,CVE-2017-6441,CVE-2017-6514,CVE-2017-6814,CVE-2017-6815,CVE-2017-6816,CVE-2017-6817,CVE-2017-6818,CVE-2017-6819,CVE-2017-6919,CVE-2017-6920,CVE-2017-6921,CVE-2017-6922,CVE-2017-6923,CVE-2017-6924,CVE-2017-6925,CVE-2017-6926,CVE-2017-6927,CVE-2017-6928,CVE-2017-6929,CVE-2017-6932,CVE-2017-7189,CVE-2017-7269,CVE-2017-7272,CVE-2017-7418,CVE-2017-7484,CVE-2017-7485,CVE-2017-7486,CVE-2017-7546,CVE-2017-7547,CVE-2017-7548,CVE-2017-7659,CVE-2017-7668,CVE-2017-7679,CVE-2017-7890,CVE-2017-7963,CVE-2017-7983,CVE-2017-7984,CVE-2017-7986,CVE-2017-7987,CVE-2017-7988,CVE-2017-7989,CVE-2017-8057,CVE-2017-8295,CVE-2017-9061,CVE-2017-9062,CVE-2017-9063,CVE-2017-9064,CVE-2017-9065,CVE-2017-9066,CVE-2017-9067,CVE-2017-9118,CVE-2017-9120,CVE-2017-9788,CVE-2017-9789,CVE-2017-9798,CVE-2017-9933,CVE-2017-9934,CVE-2018-0732,CVE-2018-0733,CVE-2018-0734,CVE-2018-0735,CVE-2018-0737,CVE-2018-0739,CVE-2018-1000024,CVE-2018-1000027,CVE-2018-1000773,CVE-2018-10100,CVE-2018-10101,CVE-2018-10102,CVE-2018-1053,CVE-2018-10545,CVE-2018-10546,CVE-2018-10547,CVE-2018-10548,CVE-2018-10549,CVE-2018-1058,CVE-2018-10915,CVE-2018-10925,CVE-2018-1115,CVE-2018-11321,CVE-2018-11322,CVE-2018-11323,CVE-2018-11324,CVE-2018-11325,CVE-2018-11326,CVE-2018-11327,CVE-2018-11328,CVE-2018-1172,CVE-2018-11756,CVE-2018-11763,CVE-2018-12711,CVE-2018-12712,CVE-2018-1283,CVE-2018-12882,CVE-2018-12895,CVE-2018-1301,CVE-2018-1302,CVE-2018-1303,CVE-2018-1312,CVE-2018-1333,CVE-2018-14028,CVE-2018-14851,CVE-2018-14883,CVE-2018-14884,CVE-2018-15132,CVE-2018-15473,CVE-2018-15880,CVE-2018-15881,CVE-2018-15882,CVE-2018-15919,CVE-2018-16850,CVE-2018-17082,CVE-2018-17189,CVE-2018-17199,CVE-2018-17855,CVE-2018-17856,CVE-2018-17857,CVE-2018-17858,CVE-2018-17859,CVE-2018-19052,CVE-2018-19131,CVE-2018-19132,CVE-2018-19395,CVE-2018-19396,CVE-2018-19518,CVE-2018-19520,CVE-2018-19935,CVE-2018-20147,CVE-2018-20148,CVE-2018-20149,CVE-2018-20150,CVE-2018-20151,CVE-2018-20152,CVE-2018-20153,CVE-2018-20685,CVE-2018-20783,CVE-2018-2911,CVE-2018-3152,CVE-2018-5407,CVE-2018-6376,CVE-2018-6377,CVE-2018-6378,CVE-2018-6379,CVE-2018-6380,CVE-2018-6389,CVE-2018-6789,CVE-2018-7584,CVE-2018-7600,CVE-2018-7602,CVE-2018-8011,CVE-2018-8045,CVE-2018-8581,CVE-2018-9861,CVE-2019-0190,CVE-2019-0196,CVE-2019-0197,CVE-2019-0211,CVE-2019-0215,CVE-2019-0217,CVE-2019-0220,CVE-2019-0708,CVE-2019-10129,CVE-2019-10130,CVE-2019-10149,CVE-2019-10164,CVE-2019-10691,CVE-2019-10909,CVE-2019-10945,CVE-2019-10946,CVE-2019-11034,CVE-2019-11035,CVE-2019-11036,CVE-2019-11038,CVE-2019-11039,CVE-2019-11040,CVE-2019-11072,CVE-2019-11358,CVE-2019-11510,CVE-2019-11809,CVE-2019-11876,CVE-2019-12525,CVE-2019-12527,CVE-2019-12529,CVE-2019-12764,CVE-2019-12765,CVE-2019-12766,CVE-2019-12815,CVE-2019-13345,CVE-2019-13917,CVE-2019-14654,CVE-2019-1543,CVE-2019-1552,CVE-2019-1559,CVE-2019-1652,CVE-2019-1653,CVE-2019-19781,CVE-2019-3814,CVE-2019-6109,CVE-2019-6110,CVE-2019-6111,CVE-2019-6261,CVE-2019-6262,CVE-2019-6263,CVE-2019-6264,CVE-2019-6338,CVE-2019-6339,CVE-2019-6340,CVE-2019-6341,CVE-2019-6977,CVE-2019-7524,CVE-2019-7739,CVE-2019-7740,CVE-2019-7741,CVE-2019-7742,CVE-2019-7743,CVE-2019-7744,CVE-2019-8942,CVE-2019-8943,CVE-2019-9020,CVE-2019-9021,CVE-2019-9022,CVE-2019-9023,CVE-2019-9024,CVE-2019-9025,CVE-2019-9193,CVE-2019-9637,CVE-2019-9638,CVE-2019-9639,CVE-2019-9640,CVE-2019-9641,CVE-2019-9675,CVE-2019-9711,CVE-2019-9712,CVE-2019-9713,CVE-2019-9714,CVE-2019-9787,CVE-2020-0796,CVE-2020-11651,CVE-2020-11652,CVE-2020-1938,CVE-2020-5902,MS17-010
Port 11,11,30177,1,0,0,0,0,14,11,15,15,3,4,0,0,15,0,2,4,15,4,0,0,0,0,0,0,0,0,0,0,0,0,0,0,0,0,0,0,0,485,0,0,0,1187,2,0,0,0,0,0,0,0,0,0,0,33,24,111,60,59,70,3,0,0,0,0,0,0,0,0,0,0,0,0,0,0,0,0,0,0,0,0,0,0,0,0,0,0,0,0,0,0,0,0,0,3,7,1,0,0,0,0,0,0,0,0,0,0,15,0,0,0,0,0,0,0,0,0,0,0,0,0,0,0,5,0,4,0,0,0,0,0,82,11,92,15,82,74,0,0,0,0,0,0,0,1200,1201,1201,1201,1201,0,0,0,0,0,0,0,0,0,0,0,0,0,1,0,0,0,0,6,0,0,0,0,0,0,0,13,1207,6,1207,12,0,0,0,441,0,1209,0,0,0,0,0,0,0,0,0,0,1201,1201,48,1193,1222,0,0,0,0,0,0,0,2,1212,0,0,90,0,0,0,0,0,0,0,9,0,0,0,0,0,0,13,0,0,0,0,0,0,0,0,0,5,0,0,0,0,0,15,15,23,24,24,24,0,0,0,0,0,0,0,0,0,0,0,1,0,5,0,26,104,78,0,0,0,0,2,2,2,0,0,0,0,0,0,0,0,1170,0,0,0,0,0,0,0,0,0,1174,1184,19,1184,1184,2,0,1263,1263,1263,20,1263,13,0,0,0,0,0,0,0,0,0,0,0
Port 21,21,110111,4,0,0,0,0,13,11,14,14,2,3,0,0,14,0,2,3,14,3,0,0,0,0,0,0,0,0,0,0,0,0,0,0,0,0,0,0,0,458,0,0,0,1171,4,0,0,0,0,0,0,0,0,0,0,36,25,140,64,63,70,2,0,0,0,0,0,0,0,0,0,0,0,0,0,0,0,0,0,0,0,0,0,0,0,0,0,0,0,0,0,0,0,0,0,2,9,0,1,0,0,0,0,0,0,0,0,0,14,0,0,0,0,0,0,0,0,0,0,0,0,0,0,0,6,0,2,0,0,0,0,0,81,7,94,12,81,73,0,0,0,0,0,0,0,1183,1184,1185,1185,1185,0,0,0,0,0,0,0,0,0,0,0,0,0,1,0,0,0,0,9,0,0,0,0,0,0,0,17,1194,6,1194,5,0,0,0,312,0,1195,0,0,0,0,0,0,0,0,0,0,1185,1185,46,1178,1207,0,0,0,0,0,0,0,15,1197,0,0,90,0,0,0,0,0,0,3,9,0,0,0,0,0,0,14,0,0,0,0,0,0,0,0,0,0,0,0,0,0,0,15,15,25,26,26,26,0,0,0,0,0,0,0,0,0,0,0,80216,0,0,0,25,105,80,0,0,0,0,15,15,15,0,0,0,0,0,0,0,0,1158,0,0,0,0,0,0,0,0,0,1162,1181,20,1181,1181,1,0,1273,1273,1273,23,1273,12,0,0,0,0,0,0,0,0,0,0,0
Port 22,22,12513242,0,0,0,0,0,17,11,18,18,6,7,0,0,18,0,2,8,18,7,0,0,0,0,0,0,0,0,0,0,0,0,0,0,0,0,0,0,0,6453610,0,0,0,112,0,0,0,0,0,0,0,0,0,0,0,42,28,140,88,86,96,6,0,0,0,0,0,0,0,0,0,0,0,0,0,0,0,0,0,0,0,0,0,0,0,0,0,0,0,0,0,0,0,0,0,6,10,0,0,0,0,0,0,0,0,0,0,0,18,0,0,0,0,0,0,0,0,0,0,0,0,0,0,0,6,0,9,0,0,0,0,0,107,10,116,13,107,99,0,0,0,0,0,0,0,116,120,120,120,120,0,0,0,0,0,0,0,0,0,0,0,0,0,1,0,0,0,0,5,0,0,0,0,0,0,0,20,123,11,123,28747,0,0,0,4904517,0,124,0,0,0,0,0,0,0,0,0,0,119,119,49,103,140,0,0,0,0,0,0,0,283508,127,0,0,114,0,0,0,0,0,0,2,14,0,0,0,0,1,0,14,0,0,0,0,0,0,0,0,0,7,0,0,2,0,0,15,15,21,23,23,23,0,2,0,0,0,0,0,0,0,0,0,21,0,7,0,26,130,104,0,0,0,0,279369,279376,279386,0,0,0,0,0,0,2,2,122,0,0,0,0,0,0,0,0,0,129,130,22,130,130,0,0,143,143,143,20,143,17,0,0,0,0,0,0,0,0,0,0,0
Port 23,23,16480,1,0,0,0,0,15,8,15,15,8,7,0,0,15,0,1,7,15,7,0,0,0,0,0,0,0,0,0,0,0,0,0,0,0,0,0,0,0,6729,0,0,0,106,1,0,0,0,0,0,0,0,0,0,0,32,25,109,55,55,65,7,0,0,0,0,0,0,0,0,0,0,0,0,0,0,0,0,0,0,0,0,0,0,0,0,0,0,0,0,0,0,0,0,0,7,6,0,0,0,0,0,0,0,0,0,0,0,15,0,0,0,0,0,0,0,0,0,0,0,0,0,0,0,2,0,7,0,0,0,0,0,78,10,87,17,78,68,0,0,0,0,0,0,0,111,112,112,112,112,0,0,0,0,0,0,0,0,0,0,0,0,0,1,0,0,0,0,5,0,0,0,0,0,0,0,16,115,10,115,20,0,0,0,5129,0,116,0,0,0,0,0,0,0,0,0,0,108,108,42,96,126,0,0,0,0,0,0,0,127,117,0,0,84,0,0,0,0,0,0,0,13,0,0,0,0,0,0,10,0,0,0,0,0,0,0,0,0,0,0,0,0,0,0,14,14,19,20,20,20,0,0,0,0,0,0,0,0,0,0,0,14,0,0,0,26,95,69,0,0,0,0,125,125,125,0,0,0,0,0,0,0,0,114,0,0,0,0,0,0,0,0,0,120,123,20,123,123,1,0,136,136,136,19,136,17,0,0,0,0,0,0,0,0,0,0,0
Port 24,24,3079,0,0,0,0,0,1,1,1,1,0,0,0,0,1,0,0,0,1,0,0,0,0,0,0,0,0,0,0,0,0,0,0,0,0,0,0,0,0,482,0,0,0,81,0,0,0,0,0,0,0,0,0,0,0,6,5,16,9,9,11,0,0,0,0,0,0,0,0,0,0,0,0,0,0,0,0,0,0,0,0,0,0,0,0,0,0,0,0,0,0,0,0,0,0,0,0,0,0,0,0,0,0,0,0,0,0,0,1,0,0,0,0,0,0,0,0,0,0,0,0,0,0,0,3,0,0,0,0,0,0,0,11,2,12,2,11,11,0,0,0,0,0,0,0,82,83,83,83,83,0,0,0,0,0,0,0,0,0,0,0,0,0,0,0,0,0,0,1,0,0,0,0,0,0,0,3,84,0,84,0,0,0,0,355,0,84,0,0,0,0,0,0,0,0,0,0,82,82,7,80,85,0,0,0,0,0,0,0,21,84,0,0,12,0,0,0,0,0,0,0,1,0,0,0,0,1,0,1,0,0,0,0,0,0,0,0,0,0,0,0,0,0,0,3,3,4,4,4,4,0,0,0,0,0,0,0,0,0,0,0,3,0,0,0,3,14,11,0,0,0,0,21,21,21,0,0,0,0,0,0,0,0,80,0,0,0,0,0,0,0,0,0,81,82,3,82,82,0,0,97,97,97,4,97,2,0,0,0,0,0,0,0,0,0,0,0
Port 25,25,176556,29689,0,0,182,0,19,8,20,20,11,12,0,0,20,0,1,12,20,12,0,0,0,0,0,0,0,0,0,0,0,0,0,0,0,0,0,0,0,545,0,0,0,117,30779,0,0,0,0,0,0,0,0,0,0,37,27,117,66,65,73,11,0,0,0,0,0,0,0,0,0,0,0,0,0,0,0,0,0,0,0,0,0,0,0,0,0,0,0,0,0,0,0,0,0,12,7,0,0,0,0,0,0,0,0,0,0,0,21,0,0,0,0,0,0,0,0,0,0,0,0,0,0,0,7,0,13,0,0,0,0,0,84,8,96,12,84,78,0,0,0,0,0,0,0,123,124,124,124,124,0,0,0,0,0,0,0,0,0,0,0,0,0,1,0,0,0,0,5,0,0,0,0,0,0,0,24,128,17,128,0,0,0,0,437,0,129,0,0,0,0,0,0,0,0,0,0,122,122,50,102,139,0,0,0,0,0,0,0,16,130,0,0,93,0,0,0,0,0,0,30840,20,0,0,0,0,17507,0,6,0,0,0,0,0,0,0,0,0,30561,0,0,0,0,0,15,15,20,22,21,21,0,0,0,0,0,0,0,0,0,0,0,6,0,31388,0,17,104,87,0,0,0,0,16,16,16,0,0,0,0,0,0,0,0,127,0,0,0,0,0,0,0,0,0,131,131,27,131,131,0,0,148,148,148,18,148,23,0,0,0,0,0,0,0,0,0,0,0
Port 26,26,98848,439,0,0,4,0,15,12,17,17,3,5,0,0,17,0,2,5,17,5,0,0,0,0,0,0,0,0,0,0,0,0,0,0,0,0,0,0,0,3836,0,0,0,129,474,0,0,0,0,0,0,0,0,0,0,39,26,118,67,66,75,3,0,0,0,0,0,0,0,0,0,0,0,0,0,0,0,0,0,0,0,0,0,0,0,0,0,0,0,0,0,0,0,0,0,3,8,0,0,0,0,0,0,0,0,0,0,0,17,0,0,0,0,0,0,0,0,0,0,0,0,0,0,0,17,0,3,0,0,0,0,0,91,9,98,13,91,79,0,0,0,0,0,0,0,133,134,134,134,134,0,0,0,0,0,0,0,0,0,0,0,0,0,1,0,0,0,0,6,0,0,0,0,0,0,0,16,139,8,139,5,0,0,0,2833,0,140,0,0,0,0,0,0,0,0,0,0,133,133,47,123,154,0,0,0,0,0,0,0,81,141,0,0,97,0,0,0,0,0,0,1472,11,0,0,0,0,376,0,17,0,0,0,0,0,0,0,0,0,42105,0,0,0,0,0,16,15,22,23,22,22,0,0,0,0,0,0,0,0,0,0,0,6,0,41928,0,29,113,84,0,0,0,0,81,81,81,0,0,0,0,0,0,0,0,136,0,0,0,0,0,0,0,0,0,139,139,16,139,139,0,0,230,230,230,20,230,11,0,0,0,0,0,0,0,0,0,0,0
Port 80,80,89942782,2,29867,1001,0,110,40996,19430,50470,50469,17649,31039,0,0,50470,0,32316,38984,50475,31041,0,0,659,26594,659,659,3814,659,659,659,659,0,529,0,0,0,0,2943269,2943305,1172,529,0,0,1137816,2,205,0,1961779,1961784,110,110,110,110,110,13,51720,23862,934417,715640,713902,719988,15049,187,187,187,186,186,186,186,92,92,92,96,96,145,523,724,724,724,724,724,724,724,204,204,253,3294,343,294,294,0,3290,3290,3494,3290,16454,190951,519,0,0,0,0,0,0,0,288115,1962437,3243037,50493,1385,0,0,0,0,0,0,0,380,380,380,380,380,380,380,145503,1292,73098,2264890,3441,2353423,0,0,742999,5382,771514,31793,742330,727371,396903,406972,2382,21239,34935,21239,0,1196290,1201066,1201076,1201077,1201086,0,0,0,0,0,0,0,0,0,0,0,0,3135,1926,1569062,0,0,2946561,20000,35299,645782,645780,645783,3986016,1522579,482,143619,1262687,51555,1262713,22,0,0,0,846,0,1277301,91972,3115063,0,0,0,0,0,768590,396938,407008,1237117,1237124,276423,1138761,1402925,39275,39275,39275,39271,39272,39272,39271,109,1290935,108,108,748855,0,0,0,0,0,248,1,77062,1509,4471,28183,0,2,926,147042,1940416,1940432,1940451,356991,264975,3381269,0,0,0,0,0,0,13153,0,0,71809,71767,110938,121639,121629,121618,15312,8723,0,0,944,27289,825,407459,0,0,0,1,31,1,0,71497,814612,743119,0,0,307,0,108,108,108,0,0,0,0,7669,7669,1213,8540,1277239,0,0,0,0,0,0,0,39136,852,1380621,1383482,208838,1383515,1383522,1586,0,1552550,1552561,1552575,87098,1552594,171465,0,0,0,0,41005,0,0,0,0,0,0
Port 81,81,1697758,0,108,2,0,0,726,366,834,834,325,468,0,0,834,0,260,558,834,468,0,0,1,98,1,1,9,1,1,1,1,0,2,0,0,0,0,53628,53629,1060,2,0,0,21899,0,1,0,54339,54339,0,0,0,0,0,0,2044,804,21198,11037,11027,11161,293,0,0,0,0,0,0,0,1,1,1,1,1,1,10,1,1,1,1,1,1,1,1,1,10,38,10,10,10,0,28,28,29,28,301,3013,26,0,0,0,0,0,0,0,6761,54422,73707,840,20,0,0,0,0,0,0,0,0,0,0,0,0,0,0,1367,19,780,44294,244,45106,0,0,11819,130,12199,423,11822,11319,521,524,7,69,120,69,0,22614,22707,22709,22710,22711,0,0,0,0,0,0,0,0,0,0,0,0,16,30,27202,0,0,53730,571,120,8819,8819,8819,83795,26144,1,2293,23920,856,23922,3,0,0,0,624,0,24033,1071,57165,0,0,0,0,0,45039,521,524,23169,23169,5084,21972,25066,134,134,134,134,134,134,134,13,24284,0,0,12030,0,0,0,0,0,1,0,1061,31,49,1364,0,0,17,2492,31887,31888,31889,4460,3389,60590,0,0,0,0,0,0,120,0,0,1109,1107,2171,2328,2327,2327,461,84,0,0,7,405,9,528,0,0,0,3,0,0,0,1805,13766,11961,0,0,2,0,12,12,12,0,0,0,0,77,77,15,82,24024,0,0,0,0,0,0,0,135,3,24752,25001,2441,25000,25002,20,0,31868,31868,31870,1648,31873,1637,0,0,0,0,146,0,0,0,0,0,0
Port 82,82,503923,0,12,0,0,1,259,155,294,294,81,139,0,0,294,0,137,177,294,139,0,0,0,12,0,0,2,0,0,0,0,0,0,0,0,0,0,14838,14838,399,0,0,0,6895,0,0,0,12237,12237,1,1,1,1,1,0,607,220,6331,5028,5010,5063,72,0,0,0,0,0,0,0,0,0,0,0,0,0,8,0,0,0,0,0,0,0,0,0,0,12,0,0,0,0,13,13,13,13,77,956,0,0,0,0,0,0,0,0,2514,12268,19265,295,8,0,0,0,0,0,0,0,1,1,1,1,1,1,1,216,9,228,13351,101,13691,0,0,5253,51,5364,113,5253,5137,74,74,2,7,14,7,0,7109,7135,7135,7135,7135,0,0,0,0,0,0,0,0,0,0,0,0,3,10,6175,0,0,14859,144,13,1275,1275,1275,21028,5914,0,822,7610,260,7611,3,0,0,0,331,0,7651,339,15722,0,0,0,0,0,15418,74,74,7259,7260,1791,6825,8242,16,16,16,16,16,16,16,10,7735,1,1,5337,0,0,0,0,0,0,0,342,2,14,204,0,0,1,785,7812,7812,7813,1459,1120,16858,0,0,0,0,0,0,33,0,0,471,470,732,1144,1144,1144,801,20,0,0,1,50,6,80,0,0,0,1,0,0,0,578,5884,5308,0,0,0,0,10,10,10,0,0,0,0,20,20,2,20,7570,0,0,0,0,0,0,0,16,2,7829,7895,838,7895,7895,7,0,10495,10496,10497,589,10497,616,0,0,0,0,20,0,0,0,0,0,0
Port 83,83,287305,0,3,0,0,0,156,102,184,184,48,82,0,0,184,0,96,98,184,82,0,0,0,3,0,0,0,0,0,0,0,0,0,0,0,0,0,8247,8248,130,0,0,0,4352,0,0,0,7245,7245,0,0,0,0,0,0,308,146,4140,3190,3190,3229,41,0,0,0,0,0,0,0,0,0,0,0,0,0,2,0,0,0,0,0,0,0,0,0,0,3,1,1,1,0,3,3,3,3,43,582,0,0,0,0,0,0,0,0,1287,7250,11334,186,2,0,0,0,0,0,0,0,0,0,0,0,0,0,0,377,10,118,7622,57,7754,0,0,3364,39,3440,90,3364,3265,21,21,0,1,3,1,0,4490,4505,4507,4507,4507,0,0,0,0,0,0,0,0,0,0,0,0,1,8,2950,0,0,8261,97,3,522,522,522,12065,2810,0,329,4639,145,4640,0,0,0,0,85,0,4669,135,8587,0,0,0,0,0,9126,21,21,4460,4460,932,4233,4840,3,3,3,3,3,3,3,15,4714,0,0,3413,0,0,0,0,0,0,0,198,1,3,89,0,0,1,346,3576,3576,3576,584,449,9040,0,0,0,0,0,0,8,0,0,249,248,464,489,488,488,27,5,0,0,1,3,0,21,0,0,0,1,0,0,0,309,3650,3341,0,0,0,0,15,15,15,0,0,0,0,5,5,0,5,4588,0,0,0,0,0,0,0,3,0,4727,4768,444,4769,4769,3,0,5044,5044,5044,323,5044,311,0,0,0,0,3,0,0,0,0,0,0
Port 84,84,262943,0,5,0,0,0,98,64,112,112,29,48,0,0,112,0,78,64,112,48,0,0,1,5,1,1,1,1,1,1,1,0,0,0,0,0,0,8548,8548,121,0,0,0,2965,0,0,0,5989,5989,0,0,0,0,0,0,181,87,5893,5163,5161,5176,27,0,0,0,0,0,0,0,0,0,0,0,0,0,2,0,0,0,0,0,0,0,0,0,0,4,0,0,0,0,4,4,4,4,27,300,1,0,0,0,0,0,0,0,994,5992,11412,112,4,0,0,0,0,0,0,0,0,0,0,0,0,0,0,127,6,60,8208,26,8267,0,0,5267,15,5308,44,5268,5221,22,22,1,5,6,5,0,3253,3262,3262,3262,3262,0,0,0,0,0,0,0,0,0,0,0,0,2,3,1975,0,0,8578,65,5,302,302,302,11825,1901,0,280,3422,79,3422,0,0,0,0,92,0,3436,65,8754,0,0,0,0,0,4519,22,22,3301,3301,795,3182,3519,7,7,7,7,7,7,7,1,3454,0,0,5303,0,0,0,0,0,0,0,314,2,4,46,0,0,2,151,2343,2343,2343,343,277,9040,0,0,0,0,0,0,9,0,0,162,161,257,265,264,263,23,9,0,0,0,10,3,25,0,0,0,1,0,0,0,139,5366,5227,0,0,0,0,1,1,1,0,0,0,0,7,7,2,7,3385,0,0,0,0,0,0,0,7,0,3467,3486,269,3486,3487,3,0,3865,3865,3865,217,3866,186,0,0,0,0,7,0,0,0,0,0,0
Port 85,85,45114,0,0,0,0,0,13,5,17,17,4,12,0,0,17,0,16,13,17,12,0,0,0,0,0,0,0,0,0,0,0,0,0,0,0,0,0,1248,1248,89,0,0,0,903,0,0,0,1360,1360,0,0,0,0,0,0,35,15,251,117,116,120,4,0,0,0,0,0,0,0,0,0,0,0,0,0,0,0,0,0,0,0,0,0,0,0,0,5,0,0,0,0,5,5,5,5,5,61,0,0,0,0,0,0,0,0,301,1364,1590,17,2,0,0,0,0,0,0,0,0,0,0,0,0,0,0,12,2,12,1169,6,1179,0,0,140,4,152,15,140,130,3,3,0,0,0,0,0,916,916,916,916,916,0,0,0,0,0,0,0,0,0,0,0,0,1,0,590,0,0,1252,4,0,76,76,76,1683,566,0,33,926,19,926,0,0,0,0,71,0,928,14,1320,0,0,0,0,0,919,3,3,922,922,84,897,970,0,0,0,0,0,0,0,4,937,0,0,146,0,0,0,0,0,0,0,26,1,5,26,0,0,1,32,674,674,674,68,54,1377,0,0,0,0,0,0,7,0,0,34,34,45,51,51,51,4,7,0,0,1,1,0,3,0,0,0,0,0,0,0,30,168,138,0,0,0,0,4,4,4,0,0,0,0,7,7,2,7,890,0,0,0,0,0,0,0,0,0,920,928,50,928,928,3,0,958,958,958,36,958,38,0,0,0,0,0,0,0,0,0,0,0
Port 86,86,6877,0,0,0,0,0,10,8,10,10,3,2,0,0,10,0,2,4,10,2,0,0,0,0,0,0,0,0,0,0,0,0,0,0,0,0,0,0,0,178,0,0,0,210,0,0,0,0,0,0,0,0,0,0,0,17,10,75,57,57,58,2,0,0,0,0,0,0,0,0,0,0,0,0,0,0,0,0,0,0,0,0,0,0,0,0,1,0,0,0,0,1,1,1,1,2,13,0,0,0,0,0,0,0,0,0,0,0,10,0,0,0,0,0,0,0,0,0,0,0,0,0,0,0,4,0,4,0,0,0,0,0,65,1,69,2,65,60,0,0,0,0,0,0,0,222,224,224,224,224,0,0,0,0,0,0,0,0,0,0,0,0,0,0,0,0,0,0,6,1,0,0,0,0,0,0,19,231,6,231,0,0,0,0,146,0,233,0,0,0,0,0,0,0,0,0,0,225,225,53,212,247,1,1,1,1,1,1,1,1,236,0,0,68,0,0,0,0,0,0,0,9,0,1,0,0,0,0,13,0,0,0,0,0,0,0,0,0,0,0,0,2,0,0,18,18,26,26,26,26,0,2,0,0,0,0,0,0,0,0,0,0,0,0,0,12,77,65,0,0,0,0,1,1,1,0,0,0,0,2,2,0,2,220,0,0,0,0,0,0,0,1,0,230,231,27,231,231,0,0,258,258,258,21,258,22,0,0,0,0,1,0,0,0,0,0,0
Port 88,88,701304,0,13,2,0,0,337,199,410,410,145,211,0,0,410,0,1568,245,410,211,0,0,0,13,0,0,2,0,0,0,0,0,0,0,0,0,0,15676,15676,1602,0,0,0,14461,0,0,0,17342,17342,0,0,0,0,0,0,1464,388,4037,2179,2171,2222,109,0,0,0,0,0,0,0,2,2,2,0,0,0,3,0,0,0,0,0,0,0,0,0,0,5,0,0,0,0,5,5,5,5,115,2571,0,0,0,0,0,0,0,0,2474,17358,20954,410,13,0,0,0,0,0,0,0,0,0,0,0,0,0,0,1360,28,251,14383,26,14716,0,0,2918,50,3029,147,2917,2269,60,61,0,13,18,13,0,14681,14703,14703,14703,14703,0,0,0,0,0,0,0,0,0,0,0,0,6,16,8467,0,0,15709,166,16,1050,1050,1050,22386,8198,0,646,14955,319,14957,3,0,0,0,1444,0,15011,237,16748,0,0,0,0,0,36059,60,61,14732,14732,2160,14316,15679,18,18,18,18,18,18,18,11,15071,0,0,2958,0,0,0,0,0,2,0,396,0,5,602,0,0,0,1131,9443,9445,9445,913,674,17435,0,0,0,0,0,0,14,0,0,475,475,976,1010,1010,1010,495,9,0,0,1,48,5,66,0,0,0,3,0,0,0,1025,3964,2939,0,0,0,0,11,11,11,0,0,0,0,8,8,3,9,14859,0,0,0,0,0,0,0,18,0,15174,15263,873,15264,15264,14,0,15723,15723,15723,633,15724,618,0,0,0,0,19,0,0,0,0,0,0
Port 98,98,3400,0,0,0,0,0,4,3,4,4,1,1,0,0,4,0,0,1,4,1,0,0,0,0,0,0,0,0,0,0,0,0,0,0,0,0,0,0,0,65,0,0,0,121,0,0,0,0,0,0,0,0,0,0,0,8,5,46,15,15,16,1,0,0,0,0,0,0,0,0,0,0,0,0,0,0,0,0,0,0,0,0,0,0,0,0,0,0,0,0,0,0,0,0,0,1,2,0,0,0,0,0,0,0,0,0,0,0,4,0,0,0,0,0,0,0,0,0,0,0,0,0,0,0,6,0,1,0,0,0,0,0,18,1,19,1,18,18,0,0,0,0,0,0,0,125,125,125,125,125,0,0,0,0,0,0,0,0,0,0,0,0,0,2,0,0,0,0,5,0,0,0,0,0,0,0,8,128,3,128,0,0,0,0,15,0,128,0,0,0,0,0,0,0,0,0,0,122,122,18,119,131,0,0,0,0,0,0,0,0,129,0,0,19,0,0,0,0,0,0,0,4,0,0,0,0,0,0,3,0,0,0,0,0,0,0,0,0,0,0,0,1,0,0,6,6,12,14,14,14,0,1,0,0,0,0,0,0,0,0,0,0,0,0,0,4,20,16,0,0,0,0,0,0,0,0,0,0,0,1,1,0,1,117,0,0,0,0,0,0,0,0,0,121,122,14,122,122,0,0,134,134,134,11,134,7,0,0,0,0,0,0,0,0,0,0,0
Port 102,102,52878,0,0,0,0,0,13,10,15,15,3,5,0,0,15,0,0,5,15,5,0,0,0,0,0,0,0,0,0,0,0,0,0,0,0,0,0,0,0,1396,0,0,0,2062,0,0,0,0,0,0,0,0,0,0,0,40,27,155,80,79,89,3,0,0,0,0,0,0,0,0,0,0,0,0,0,0,0,0,0,0,0,0,0,0,0,0,2,0,0,0,0,2,2,2,2,3,3,0,0,0,0,0,0,0,0,0,0,0,15,0,0,0,0,0,0,0,0,0,0,0,0,0,0,0,24,0,3,0,0,0,0,0,106,10,121,16,106,96,0,0,0,0,0,0,0,2088,2089,2089,2089,2089,0,0,0,0,0,0,0,0,0,0,0,0,0,1,0,0,0,0,5,0,0,0,0,0,0,0,14,2095,7,2095,1,0,0,0,1365,0,2097,0,0,0,0,0,0,0,0,0,0,2091,2091,52,2081,2112,0,0,0,0,0,0,0,4,2100,0,0,118,0,0,0,0,0,0,0,10,0,2,0,0,0,0,24,0,0,0,0,0,0,0,0,0,0,0,0,2,0,0,17,17,23,24,24,24,0,2,0,0,0,0,0,0,0,0,0,1,0,0,0,37,146,109,0,0,0,0,4,4,4,0,0,0,0,2,2,0,2,2039,0,0,0,0,0,0,0,0,0,2046,2071,20,2071,2071,1,0,2181,2181,2181,22,2181,15,0,0,0,0,0,0,0,0,0,0,0
Port 113,113,50224,0,0,0,0,0,2,2,2,2,0,0,0,0,2,0,0,0,2,0,0,0,0,0,0,0,0,0,0,0,0,0,0,0,0,0,0,1656,1656,74,0,0,0,1087,0,0,14,1668,1668,0,0,0,0,0,0,9,7,31,18,19,19,0,0,0,0,0,0,0,0,0,0,0,0,0,0,0,0,0,0,0,0,0,0,0,0,0,0,0,0,0,0,0,0,0,0,0,7,0,0,0,0,0,0,0,0,565,1670,1742,2,0,0,0,0,0,0,0,0,0,0,0,0,0,0,0,0,0,0,1612,4,1616,0,0,22,0,22,0,22,22,7,7,0,0,0,0,0,1095,1095,1095,1095,1095,0,0,0,0,0,0,0,0,0,0,0,0,2,0,672,0,0,1659,0,0,43,43,43,1795,667,0,1,1095,1,1095,0,0,0,0,54,0,1095,18,1693,0,0,0,0,0,206,7,7,1095,1095,6,1094,1095,0,0,0,0,0,0,0,2,1098,0,0,22,0,0,0,0,0,0,0,1,0,0,9,0,0,0,18,726,726,726,51,33,1727,0,0,0,0,0,0,0,0,0,1,1,1,1,1,1,3,0,0,0,0,2,0,7,0,0,0,1,0,0,0,0,22,22,0,0,0,0,2,2,2,0,0,0,0,0,0,0,0,1064,0,0,0,0,0,0,0,0,0,1064,1079,1,1081,1081,0,0,1082,1082,1083,1,1083,1,0,0,0,0,0,0,0,0,0,0,0
Port 119,119,28312,0,0,0,0,0,12,8,12,12,5,4,0,0,12,0,2,4,12,4,0,0,0,0,0,0,0,0,0,0,0,0,0,0,0,0,0,0,0,82,0,0,0,1140,0,0,0,0,0,0,0,0,0,0,0,33,25,107,63,62,73,4,0,0,0,0,0,0,0,0,0,0,0,0,0,0,0,0,0,0,0,0,0,0,0,0,0,0,0,0,0,0,0,0,0,4,7,0,0,0,0,0,0,0,0,0,0,0,12,0,0,0,0,0,0,0,0,0,0,0,0,0,0,0,5,0,4,0,0,0,0,0,84,11,95,14,84,77,0,0,0,0,0,0,0,1148,1149,1149,1149,1149,0,0,0,0,0,0,0,0,0,0,0,0,0,1,0,0,0,0,6,0,0,0,0,0,0,0,15,1155,7,1155,0,0,0,0,55,0,1157,0,0,0,0,0,0,0,0,0,0,1149,1149,40,1140,1167,0,0,0,0,0,0,0,1,1159,0,0,93,0,0,0,0,0,0,0,11,0,0,0,0,0,0,8,0,0,0,0,0,0,0,0,0,0,0,0,0,0,0,12,12,19,20,20,20,0,0,0,0,0,0,0,0,0,0,0,1,0,0,0,20,104,84,0,0,0,0,1,1,1,0,0,0,0,0,0,0,0,1127,0,0,0,0,0,0,0,0,0,1131,1151,18,1152,1153,1,0,1237,1237,1237,18,1237,13,0,0,0,0,0,0,0,0,0,0,0
Port 143,143,39423,0,0,0,0,0,17,13,19,19,5,6,0,0,19,0,2,6,19,6,0,0,0,0,0,0,0,0,0,0,0,0,0,0,0,78,78,509,509,202,0,0,0,1198,0,0,0,578,578,0,0,0,0,0,0,42,29,132,76,75,89,4,0,0,0,0,0,0,0,0,0,0,0,0,0,0,0,0,0,0,0,0,0,0,0,0,0,0,0,0,0,0,0,0,0,4,35,0,0,0,0,0,0,0,0,77,580,694,19,0,0,0,0,0,0,0,0,0,0,0,0,0,0,0,6,0,4,458,3,460,0,0,100,13,112,18,100,93,30,30,0,0,0,0,0,1213,1214,1214,1214,1214,0,0,0,0,0,0,0,0,0,0,0,0,6,1,205,0,0,510,7,0,50,50,50,750,189,0,18,1222,9,1222,1,0,0,0,139,0,1224,15,542,0,0,0,0,0,162,30,30,1215,1215,49,1203,1236,0,0,0,0,0,0,0,4,1226,0,0,110,0,0,0,0,0,0,0,13,0,0,8,0,1,0,24,261,261,261,52,37,579,0,0,0,0,0,78,0,0,0,17,17,25,26,26,26,3,0,0,0,0,29,0,30,0,0,0,1,0,0,0,31,125,94,0,0,0,77,4,4,4,0,0,0,0,0,0,0,0,1201,77,0,0,0,0,0,0,0,0,1206,1218,21,1218,1218,1,0,1302,1302,1302,23,1302,15,0,0,0,0,0,0,0,0,0,0,0
Port 222,222,8020,0,0,0,0,0,3,1,4,4,2,3,0,0,4,0,0,3,4,3,0,0,0,0,0,0,0,0,0,0,0,0,0,0,0,0,0,0,0,3759,0,0,0,22,0,0,0,0,0,0,0,0,0,0,0,6,4,22,9,9,9,2,0,0,0,0,0,0,0,0,0,0,0,0,0,0,0,0,0,0,0,0,0,0,0,0,0,0,0,0,0,0,0,0,0,2,4,0,0,0,0,0,0,0,0,0,0,0,4,0,0,0,0,0,0,0,0,0,0,0,0,0,0,0,0,0,3,0,0,0,0,0,13,0,14,1,13,10,0,0,0,0,0,0,0,23,23,23,23,23,0,0,0,0,0,0,0,0,0,0,0,0,0,0,0,0,0,0,3,0,0,0,0,0,0,0,8,26,4,26,34,0,0,0,2660,0,27,0,0,0,0,0,0,0,0,0,0,22,22,13,16,26,0,0,0,0,0,0,0,167,27,0,0,15,0,0,0,0,0,0,0,5,0,0,0,0,0,0,1,0,0,0,0,0,0,0,0,0,0,0,0,0,0,0,4,4,7,7,7,7,0,0,0,0,0,0,0,0,0,0,0,2,0,0,0,2,17,15,0,0,0,0,160,160,160,0,0,0,0,0,0,0,0,26,0,0,0,0,0,0,0,0,0,27,27,10,27,27,0,0,39,39,39,7,39,7,0,0,0,0,0,0,0,0,0,0,0
Port 225,225,3564,4,0,0,0,0,0,0,0,0,0,0,0,0,0,0,0,0,0,0,0,0,0,0,0,0,0,0,0,0,0,0,0,0,0,0,0,0,0,867,0,0,0,76,4,0,0,0,0,0,0,0,0,0,0,6,5,18,12,12,13,0,0,0,0,0,0,0,0,0,0,0,0,0,0,0,0,0,0,0,0,0,0,0,0,0,0,0,0,0,0,0,0,0,0,0,2,0,0,0,0,0,0,0,0,0,0,0,0,0,0,0,0,0,0,0,0,0,0,0,0,0,0,0,2,0,0,0,0,0,0,0,13,1,14,1,13,13,0,0,0,0,0,0,0,76,77,77,77,77,0,0,0,0,0,0,0,0,0,0,0,0,0,0,0,0,0,0,2,0,0,0,0,0,0,0,3,78,1,78,0,0,0,0,654,0,78,0,0,0,0,0,0,0,0,0,0,74,74,6,73,77,0,0,0,0,0,0,0,7,78,0,0,14,0,0,0,0,0,0,0,1,0,0,0,0,0,0,0,0,0,0,0,0,0,0,0,0,0,0,0,0,0,0,1,1,3,3,3,3,0,0,0,0,0,0,0,0,0,0,0,0,0,0,0,1,14,13,0,0,0,0,7,7,7,0,0,0,0,0,0,0,0,76,0,0,0,0,0,0,0,0,0,77,77,3,77,77,0,0,88,88,88,3,88,1,0,0,0,0,0,0,0,0,0,0,0
Port 443,443,49298830,5,16514,812,0,92,33893,15957,48667,48668,14911,32710,0,0,48667,0,20590,39924,48677,32717,0,0,570,13990,570,570,3499,570,570,570,570,0,604,0,0,0,0,1674249,1674279,6034,604,0,0,728920,5,231,0,1038246,1038251,93,93,93,93,93,3,1832,1104,58838,47228,47115,47545,11510,119,119,118,118,118,118,118,62,62,62,104,104,131,744,636,636,636,635,634,634,634,196,196,255,3054,325,291,291,0,3048,3048,3244,3048,12900,30906,537,0,0,0,0,0,0,0,168964,1038656,1732536,48765,1198,0,0,0,0,0,0,0,280,280,280,280,280,280,280,51299,1895,71434,1254875,2453,1305927,0,0,48400,384,54367,6307,48317,47386,8718,9062,3867,10161,22119,10162,0,763083,767263,767272,767288,767299,0,0,0,0,0,0,0,0,0,0,0,0,752,1476,922815,0,0,1675963,17230,22921,396922,396923,396924,2187088,890926,709,112779,808165,50482,808212,60,0,0,0,3959,0,823399,60360,1783538,0,0,0,0,0,752984,8739,9083,795236,795248,201491,702209,938806,28542,28543,28543,28545,28545,28545,28545,444,838684,93,93,47929,0,0,0,0,0,297,2,68061,1784,4680,18178,0,3,954,67129,1163842,1163850,1163846,235944,175551,1959724,0,0,0,0,0,0,15272,0,0,77159,77143,111044,122541,122534,122520,13253,10691,434,0,1252,7183,413,9446,0,0,0,1,34,0,0,8103,54844,46735,4718,4718,378,0,439,439,439,0,0,0,0,9154,9155,1410,10438,826301,0,0,0,0,0,0,0,28558,1088,905347,908904,184633,908926,908934,2491,0,1046617,1046630,1046660,88422,1046683,148336,0,0,0,0,31235,0,4,4,0,228,0
Port 444,444,93517,0,40,4,0,0,100,36,105,105,66,69,0,0,105,0,14,80,105,69,0,0,2,38,2,2,10,2,2,2,2,0,1,0,0,0,0,0,0,785,1,0,0,3340,0,1,0,0,0,0,0,0,0,0,0,56,34,364,184,184,193,59,0,0,0,0,0,0,0,0,0,0,0,0,0,1,4,4,4,4,4,4,4,0,0,0,5,0,0,0,0,5,5,5,5,60,0,3,0,0,0,0,0,0,0,0,0,0,104,1,0,0,0,0,0,0,0,0,0,0,0,0,0,0,173,0,85,0,0,0,0,0,212,10,430,220,211,196,0,0,9,23,55,23,0,3410,3419,3419,3419,3420,0,0,0,0,0,0,0,0,0,0,0,0,0,2,0,0,0,0,43,54,0,0,0,0,0,1,189,3485,96,3484,2,0,0,0,597,0,3503,0,0,0,0,0,0,0,0,0,0,3378,3378,439,3246,3651,67,67,67,67,67,67,67,32,3532,0,0,228,0,0,0,0,0,0,0,114,0,5,0,0,1,0,211,0,0,0,0,0,0,0,0,0,0,0,0,8,0,0,140,140,196,206,206,207,0,7,0,0,0,0,0,0,0,0,0,2,0,0,0,231,449,218,37,37,0,0,31,31,31,0,0,0,0,7,7,0,6,3474,0,0,0,0,0,0,0,65,1,3636,3673,329,3674,3674,4,0,4259,4258,4258,179,4257,251,0,0,0,0,69,0,0,0,0,1,0
Port 445,445,144234,0,1,0,0,0,0,0,0,0,0,0,0,0,0,0,16,0,0,0,0,0,0,1,0,0,0,0,0,0,0,0,0,0,0,0,0,0,0,2,0,0,0,37,0,0,0,0,0,0,0,0,0,0,0,12,10,363,156,156,156,0,0,0,0,0,0,0,0,0,0,0,0,0,0,0,0,0,0,0,0,0,0,0,0,0,0,0,0,0,0,0,0,0,0,0,1,0,0,0,0,0,0,0,0,0,0,0,0,0,0,0,0,0,0,0,0,0,0,0,0,0,0,0,3,0,0,0,0,0,0,0,162,0,231,68,162,158,0,0,1,1,1,1,0,37,37,37,37,37,0,0,0,0,0,0,0,0,0,0,0,0,0,0,0,0,0,0,1,1,0,0,0,0,0,0,3,39,1,39,0,0,0,0,1,0,39,0,0,0,0,0,0,0,0,0,0,38,38,4,37,56,2,2,2,2,2,2,2,0,39,0,0,163,0,0,0,0,0,0,0,1,0,0,0,0,0,0,72,0,0,0,0,0,0,0,0,0,0,0,0,0,0,0,1,1,2,2,2,2,0,0,0,0,0,0,0,0,0,0,0,0,0,0,0,72,236,164,0,0,0,0,0,0,0,0,0,0,0,0,0,0,0,39,0,0,0,0,0,0,0,2,0,56,56,19,56,56,0,0,62,62,62,2,62,18,0,0,0,0,2,130172,0,0,0,0,10556
Port 465,465,280168,24603,0,0,14,0,13,9,16,16,4,7,0,0,16,0,3,7,16,7,0,0,0,0,0,0,0,0,0,0,0,0,0,0,0,0,0,0,0,78,0,0,0,1204,25859,0,0,0,0,0,0,0,0,0,0,41,27,127,74,73,83,4,0,0,0,0,0,0,0,0,0,0,0,0,0,0,0,0,0,0,0,0,0,0,0,0,0,0,0,0,0,0,0,0,0,4,6,0,0,0,0,0,0,0,0,0,0,0,16,0,0,0,0,0,0,0,0,0,0,0,0,0,0,0,8,0,4,0,0,0,0,0,93,10,105,15,93,86,0,0,0,0,0,0,0,1222,1223,1223,1223,1223,0,0,0,0,0,0,0,0,0,0,0,0,0,1,0,0,0,0,5,0,0,0,0,0,0,0,18,1230,10,1230,1,0,0,0,57,0,1231,0,0,0,0,0,0,0,0,0,0,1222,1222,46,1208,1242,0,0,0,0,0,0,0,10,1233,0,0,103,0,0,0,0,0,0,18623,14,0,0,0,0,52,0,15,0,0,0,0,0,0,0,0,0,90173,0,0,0,0,0,18,18,24,25,25,25,0,0,0,0,0,0,0,0,0,0,0,1,0,90482,0,29,121,92,0,0,0,0,9,9,9,0,0,0,0,0,0,0,0,1212,0,0,0,0,0,0,0,0,0,1216,1234,20,1234,1234,1,0,1322,1322,1323,23,1323,16,0,0,0,0,0,0,0,0,0,0,0
Port 587,587,233828,24223,0,0,31,0,13,9,14,14,4,5,0,0,14,0,2,5,14,5,0,0,0,0,0,0,0,0,0,0,0,0,0,0,0,0,0,0,0,56,0,0,0,144,25427,0,0,0,0,0,0,0,0,0,0,36,26,133,68,67,74,4,0,0,0,0,0,0,0,0,0,0,0,0,0,0,0,0,0,0,0,0,0,0,0,0,0,0,0,0,0,0,0,0,0,4,6,0,0,0,0,0,0,0,0,0,0,0,14,0,0,0,0,0,0,0,0,0,0,0,0,0,0,0,7,0,4,0,0,0,0,0,86,7,96,12,86,77,0,0,0,0,0,0,0,149,150,150,150,150,0,0,0,0,0,0,0,0,0,0,0,0,0,1,0,0,0,0,5,0,0,0,0,0,0,0,16,154,8,154,2,0,0,0,42,0,157,0,0,0,0,0,0,0,0,0,0,147,147,47,135,166,0,0,0,0,0,0,0,4,158,0,0,95,0,0,0,0,0,0,21171,11,0,0,0,0,1318,0,11,0,0,0,0,0,0,0,0,0,77937,0,0,0,0,0,20,20,25,26,26,26,0,0,0,0,0,0,0,0,0,0,0,1,0,78171,0,22,108,86,0,0,0,0,4,4,4,0,0,0,0,0,0,0,0,157,0,0,0,0,0,0,0,0,0,159,159,22,159,159,0,0,252,252,252,24,252,16,0,0,0,0,0,0,0,0,0,0,0
Port 666,666,52869,0,1,0,0,0,18,14,24,24,4,10,0,0,24,0,7,11,24,10,0,0,0,0,0,0,0,0,0,0,0,0,1,0,0,0,0,0,0,6167,1,0,0,1522,0,0,0,0,0,0,0,0,0,0,0,75,39,380,291,290,301,4,0,0,0,0,0,0,0,0,0,0,0,0,0,0,0,0,0,0,0,0,0,0,0,0,0,0,0,0,0,0,0,0,0,4,22,0,0,0,0,0,0,0,0,0,0,0,24,0,0,0,0,0,0,0,0,0,0,0,0,0,0,0,34,2,11,0,0,0,0,0,322,11,336,20,322,309,0,0,0,0,1,0,0,1544,1547,1547,1547,1547,0,0,0,0,0,0,0,0,0,0,0,0,0,0,0,0,0,0,13,1,0,0,0,0,0,0,43,1563,15,1564,1,0,0,0,2824,0,1568,0,0,0,0,0,0,0,0,0,0,1551,1551,106,1521,1842,1,1,1,1,1,1,1,42,1573,0,0,331,0,0,0,0,0,0,0,26,0,0,0,0,2,0,50,0,0,0,0,0,0,0,0,0,0,0,0,0,0,0,51,51,78,81,81,81,0,0,0,0,0,0,0,0,0,0,0,4,0,0,0,65,375,310,0,0,0,0,41,41,41,0,0,0,0,0,0,0,0,1533,0,0,0,0,0,0,0,1,0,1779,1796,287,1796,1796,2,0,1916,1916,1916,57,1916,271,0,0,0,0,1,0,0,0,0,0,0
Port 830,830,11373,0,0,0,0,0,3,2,3,3,1,1,0,0,3,0,1,1,3,1,0,0,0,0,0,0,0,0,0,0,0,0,0,0,0,0,0,0,0,4967,0,0,0,72,0,0,0,0,0,0,0,0,0,0,0,5,4,11,7,7,8,1,0,0,0,0,0,0,0,0,0,0,0,0,0,0,0,0,0,0,0,0,0,0,0,0,0,0,0,0,0,0,0,0,0,1,0,0,0,0,0,0,0,0,0,0,0,0,3,0,0,0,0,0,0,0,0,0,0,0,0,0,0,0,1,0,1,0,0,0,0,0,9,1,10,1,9,8,0,0,0,0,0,0,0,72,72,72,72,72,0,0,0,0,0,0,0,0,0,0,0,0,0,0,0,0,0,0,0,0,0,0,0,0,0,0,1,72,1,72,0,0,0,0,4587,0,72,0,0,0,0,0,0,0,0,0,0,72,72,3,71,72,0,0,0,0,0,0,0,3,72,0,0,10,0,0,0,0,0,0,0,1,0,0,0,0,0,0,1,0,0,0,0,0,0,0,0,0,0,0,0,0,0,0,1,1,1,1,1,1,0,0,0,0,0,0,0,0,0,0,0,0,0,0,0,2,11,9,0,0,0,0,3,3,3,0,0,0,0,0,0,0,0,66,0,0,0,0,0,0,0,0,0,66,67,2,67,67,0,0,77,77,77,1,77,2,0,0,0,0,0,0,0,0,0,0,0
Port 888,888,579458,0,0,0,0,0,40,5,40,40,35,35,0,0,40,0,6,39,40,35,0,0,0,0,0,0,0,0,0,0,0,0,0,0,0,0,0,16467,16468,63,0,0,0,16521,0,0,0,392,392,0,0,0,0,0,0,16,6,144,109,109,110,35,0,0,0,0,0,0,0,0,0,0,0,0,0,0,0,0,0,0,0,0,0,0,0,0,0,0,0,0,0,0,0,0,0,35,68,0,0,0,0,0,0,0,0,184,393,462,40,0,0,0,0,0,0,0,0,0,0,0,0,0,0,0,6,0,38,368,0,16509,0,0,124,1,125,2,124,114,39,39,0,0,0,0,0,16587,16587,16588,16590,16590,0,0,0,0,0,0,0,0,0,0,0,0,0,0,16455,0,0,16541,3,0,18,18,18,16645,16455,0,52,16612,41,16614,0,0,0,0,42,0,16620,5,16572,0,0,0,0,0,425,39,39,16619,16619,90,16571,16637,0,0,0,0,0,0,0,2,16639,0,0,125,0,0,0,0,0,0,0,44,0,0,12,0,0,0,29,16517,16518,16519,25,20,16622,0,0,0,1,0,0,0,0,0,18,18,29,29,29,29,2,0,0,0,0,39,0,39,0,0,0,0,0,1,0,26,147,121,0,0,0,0,2,2,2,0,0,0,0,0,0,0,0,15799,0,0,0,0,0,0,0,0,0,15812,15920,57,15923,15923,2,0,15948,15949,15949,20,15949,51,0,0,0,0,0,0,0,0,0,0,0
Port 993,993,40075,1,0,0,0,0,14,10,15,15,4,5,0,0,15,0,2,5,15,5,0,0,0,0,0,0,0,0,0,0,0,0,0,0,0,733,733,342,342,139,0,0,0,1188,1,0,0,419,419,0,0,0,0,0,0,38,27,125,68,68,75,4,0,0,0,0,0,0,0,0,0,0,0,0,0,0,0,0,0,0,0,0,0,0,0,0,0,0,0,0,0,0,0,0,0,4,32,0,0,0,0,0,0,0,0,71,419,530,15,0,0,0,0,0,0,0,0,0,0,0,0,0,0,0,5,0,4,295,2,298,0,0,84,7,97,11,84,79,22,22,0,0,0,0,0,1205,1206,1206,1206,1206,0,0,0,0,0,0,0,0,0,0,0,0,1,1,198,0,0,343,4,0,46,46,46,583,187,0,14,1209,8,1209,2,0,0,0,108,0,1210,16,372,0,0,0,0,0,137,22,22,1204,1204,42,1193,1220,0,0,0,0,0,0,0,20,1212,0,0,95,0,0,0,0,0,0,1,11,0,0,6,0,0,0,24,256,256,256,54,38,410,0,0,0,0,0,737,0,0,0,14,14,19,20,20,20,3,0,0,0,0,15,1,19,0,0,0,1,0,0,0,25,113,88,0,0,0,730,20,20,20,0,0,0,0,0,0,0,0,1183,730,0,0,0,0,0,0,0,0,1187,1208,16,1209,1209,0,0,1295,1295,1295,17,1296,13,0,0,0,0,0,0,0,0,0,0,0
Port 999,999,339113,0,0,0,0,0,64,24,104,104,40,80,0,0,104,0,703,80,104,80,0,0,0,0,0,0,0,0,0,0,0,0,0,0,0,0,0,0,0,105,0,0,0,14063,0,0,0,0,0,0,0,0,0,0,0,5,5,30,18,18,20,40,0,0,0,0,0,0,0,0,0,0,0,0,0,0,0,0,0,0,0,0,0,0,0,0,0,0,0,0,0,0,0,0,0,40,34,0,0,0,0,0,0,0,0,0,0,0,104,1,0,0,0,0,0,0,0,0,0,0,0,0,0,0,2,0,79,0,0,0,0,0,170,2,176,9,170,20,0,0,0,0,0,0,0,14127,14127,14127,14127,14127,0,0,0,0,0,0,0,0,0,0,0,0,0,0,0,0,0,0,3,0,0,0,0,0,0,0,92,14148,84,14148,0,0,0,0,92,0,14151,0,0,0,0,0,0,0,0,0,0,14153,14154,744,14066,14394,0,0,0,0,0,0,0,1,14164,0,0,171,0,0,0,0,0,0,0,85,0,0,0,0,0,0,9,0,0,0,0,0,0,0,0,0,2,0,0,0,0,0,34,33,49,241,241,240,0,0,0,0,0,0,0,0,0,0,0,1,0,2,0,12,169,157,0,0,0,0,1,1,1,0,0,0,0,0,0,0,0,13461,0,0,0,0,0,0,0,0,0,13655,13765,300,13765,13765,0,0,16748,16748,16748,36,16749,297,0,0,0,0,0,0,0,0,0,0,0
Port 1024,1024,60147,0,0,0,0,0,28,23,76,76,4,53,0,0,76,0,2,53,76,53,0,0,0,0,0,0,0,0,0,0,0,0,0,0,0,0,0,0,0,1059,0,0,0,1565,0,0,0,0,0,0,0,0,0,0,0,43,33,294,171,170,183,4,0,0,0,0,0,0,0,0,0,0,0,0,0,0,0,0,0,0,0,0,0,0,0,0,0,0,0,0,0,0,0,0,0,4,18,0,0,0,0,0,0,0,0,0,0,0,76,0,0,0,0,0,0,0,0,0,0,0,0,0,0,0,7,1,55,0,0,0,0,0,267,14,386,38,267,213,0,0,0,0,0,0,0,1590,1594,1594,1594,1594,0,0,0,0,0,0,0,0,0,0,0,0,0,3,0,0,0,0,12,0,0,0,0,0,0,0,295,1795,90,1795,0,0,0,0,831,0,1796,0,0,0,0,0,0,0,0,0,0,1766,1766,369,1669,2944,0,0,0,0,0,0,0,17,1802,0,0,365,0,0,0,0,0,0,0,96,0,0,0,0,0,0,66,0,0,0,0,0,0,0,0,0,0,0,0,0,0,0,61,61,77,78,78,78,0,0,0,0,0,0,0,0,0,0,0,3,0,0,0,84,439,355,0,0,0,0,17,17,17,0,0,0,0,0,0,0,0,1752,0,0,0,0,0,0,0,0,0,2883,2914,1228,2916,2916,1,0,3012,3012,3013,75,3013,1216,0,0,0,0,0,0,0,0,0,0,0
Port 3388,3388,28621,0,0,0,0,0,0,0,0,0,0,0,0,0,0,0,0,0,0,0,0,0,0,0,0,0,0,0,0,0,0,0,0,0,0,0,0,0,0,704,0,0,0,1039,0,0,0,0,0,0,0,0,0,0,0,0,0,2,1,1,1,0,0,0,0,0,0,0,0,0,0,0,0,0,0,0,0,0,0,0,0,0,0,0,0,0,0,0,0,0,0,0,0,0,0,0,0,0,0,0,0,0,0,0,0,0,0,0,0,0,0,0,0,0,0,0,0,0,0,0,0,0,0,0,0,0,0,0,0,0,0,0,2,0,2,0,2,2,0,0,0,0,0,0,0,1049,1049,1049,1049,1049,0,0,0,0,0,0,0,0,0,0,0,0,0,0,0,0,0,0,0,0,0,0,0,0,0,0,0,1050,0,1051,0,0,0,0,643,0,1051,0,0,0,0,0,0,0,0,0,0,1054,1054,2,1054,1057,0,0,0,0,0,0,0,2,1056,0,0,2,0,0,0,0,0,0,0,0,0,0,0,0,0,0,1,0,0,0,0,0,0,3157,0,0,0,0,0,0,0,0,3,3,3,3,3,3,0,0,0,0,0,0,0,0,0,0,0,1,0,0,0,1,3,2,0,0,0,0,1,1,1,0,0,0,0,0,0,0,0,1026,0,0,0,0,0,0,0,0,0,1026,1043,0,1043,1043,0,0,1044,1044,1044,1,1044,0,0,0,0,0,0,0,0,0,0,0,0
Port 3389,3389,342298,0,0,0,0,0,1,0,1,1,1,1,0,0,1,0,0,1,1,1,0,0,0,0,0,0,0,0,0,0,0,0,0,0,0,0,0,0,0,45561,0,0,0,1050,0,0,0,0,0,0,0,0,0,0,0,1,1,2,2,2,2,1,0,0,0,0,0,0,0,0,0,0,0,0,0,0,0,0,0,0,0,0,0,0,0,0,0,0,0,0,0,0,0,0,0,1,0,0,0,0,0,0,0,0,0,0,0,0,1,0,0,0,0,0,0,0,0,0,0,0,0,0,0,0,0,0,1,0,0,0,0,0,2,0,3,1,2,2,0,0,0,0,0,0,0,1057,1057,1057,1057,1057,0,0,0,0,0,0,0,0,0,0,0,0,0,0,0,0,0,0,0,0,0,0,0,0,0,0,4,1060,1,1060,0,0,0,0,45459,0,1061,0,0,0,0,0,0,0,0,0,0,1061,1061,7,1060,1068,0,0,0,0,0,0,0,10,1062,0,0,2,0,0,0,0,0,0,0,1,0,0,0,0,0,0,1,0,0,0,0,0,0,226871,0,0,0,0,0,0,0,0,7,7,7,7,7,7,0,0,0,0,0,0,0,0,0,0,0,1,0,0,0,1,3,2,0,0,0,0,9,9,9,0,0,0,0,0,0,0,0,1034,0,0,0,0,0,0,0,0,0,1038,1050,4,1050,1050,0,0,1053,1053,1053,5,1053,1,0,0,0,0,0,0,0,0,0,0,0
Port 4000,4000,19985,0,1,0,0,0,6,5,8,8,1,3,0,0,8,0,2,3,8,3,0,0,0,1,0,0,0,0,0,0,0,0,0,0,0,0,0,533,533,909,0,0,0,304,0,0,0,299,299,0,0,0,0,0,0,14,8,68,36,36,39,1,0,0,0,0,0,0,0,0,0,0,0,0,0,0,0,0,0,0,0,0,0,0,0,0,0,0,0,0,0,0,0,0,0,1,2,0,0,0,0,0,0,0,0,70,299,396,8,0,0,0,0,0,0,0,0,0,0,0,0,0,0,0,0,1,3,241,1,245,0,0,52,3,55,6,52,43,165,168,0,0,1,0,0,306,309,309,309,309,0,0,0,0,0,0,0,0,0,0,0,0,31,1,436,0,0,533,3,1,291,291,291,692,429,0,16,313,9,313,1,0,0,0,731,0,313,12,560,0,0,0,0,0,267,165,168,307,307,41,295,323,1,1,1,1,1,1,1,14,314,0,0,54,0,0,0,0,0,0,0,9,0,0,10,0,3,0,20,560,560,560,121,109,669,0,0,0,0,0,0,1,0,0,22,22,26,30,30,29,12,1,0,0,0,154,12,155,0,0,0,19,12,0,0,15,59,44,0,0,0,0,13,13,13,0,0,0,0,0,0,1,1,281,0,0,0,0,0,0,0,1,0,282,282,14,282,282,0,0,300,300,300,21,300,15,0,0,0,0,1,0,0,0,0,0,0
Port 4444,4444,867784,0,1,0,0,0,8,6,9,9,2,3,0,0,9,0,1,3,9,3,0,0,0,1,0,0,0,0,0,0,0,0,0,0,0,0,0,842,842,1217,0,0,0,304,0,0,0,342,342,0,0,0,0,0,0,23,15,149,83,81,88,2,0,0,0,0,0,0,0,0,0,0,0,0,0,0,0,0,0,0,0,0,0,0,0,0,0,0,0,0,0,0,0,0,0,2,12,0,0,0,0,0,0,0,0,82,342,449,9,0,0,0,0,0,0,0,0,0,0,0,0,0,0,0,3,0,3,290,2,300,0,0,92,7,344,256,92,89,146014,146021,0,0,1,0,0,307,307,307,307,307,0,0,0,0,0,0,0,0,0,0,0,0,8,0,705,0,0,842,4,1,549,549,549,1012,696,0,113,414,4,414,28,0,0,0,818,0,414,16,869,0,0,0,0,0,1717,146014,146021,409,409,133,402,602,1,1,1,1,1,1,1,42,502,0,0,95,0,0,0,0,0,0,4,5,0,0,3,0,0,0,266,790,790,790,82,66,935,0,0,0,0,0,0,0,0,0,169,166,175,176,175,175,2,0,0,0,0,128171,17,124836,0,0,0,4,17,0,0,240,312,72,0,0,0,0,42,42,42,0,0,0,0,0,0,0,0,329,0,0,0,0,0,0,0,1,0,471,471,153,471,471,0,0,498,498,498,153,498,10,0,0,0,0,1,0,0,0,0,0,0
Port 4506,4506,39183,0,0,0,0,0,14,13,16,16,2,3,0,0,16,0,2,3,16,3,0,0,0,0,0,0,0,0,0,0,0,0,0,0,0,0,0,0,0,46,0,0,0,1133,0,0,0,0,0,0,0,0,0,0,0,39,28,126,68,67,75,1,0,0,0,0,0,0,0,0,0,0,0,0,0,0,0,0,0,0,0,0,0,0,0,0,0,0,0,0,0,0,0,0,0,1,7,0,0,0,0,0,0,0,0,0,0,0,16,0,0,0,0,0,0,0,0,0,0,0,0,0,0,0,5,0,1,0,0,0,0,0,81,8,94,14,81,76,0,0,0,0,0,0,0,1142,1143,1143,1143,1143,0,0,0,0,0,0,0,0,0,0,0,0,0,1,0,0,0,0,6,0,0,0,0,0,0,0,187,1322,6,1322,0,0,0,0,30,0,1323,0,0,0,0,0,0,0,0,0,0,1320,1320,222,1311,1777,0,0,0,0,0,0,0,4,1545,0,0,90,0,0,0,0,0,0,1,8,0,0,0,0,0,0,18,0,0,0,0,0,0,0,0,0,0,0,0,0,0,0,455,453,460,460,460,460,0,0,0,0,0,0,0,0,0,0,0,2,0,0,0,29,111,82,0,0,0,0,4,4,4,0,0,0,0,0,0,0,0,1292,0,0,0,0,0,0,0,0,0,1728,1751,451,1751,1751,0,0,1827,1827,1827,458,1827,13,0,0,0,0,0,0,49,49,0,0,0
Port 4545,4545,3160,0,0,0,0,0,1,1,1,1,0,0,0,0,1,0,0,0,1,0,0,0,0,0,0,0,0,0,0,0,0,0,0,0,0,0,0,0,0,74,0,0,0,71,0,0,0,0,0,0,0,0,0,0,0,3,2,18,9,9,10,0,0,0,0,0,0,0,0,0,0,0,0,0,0,0,0,0,0,0,0,0,0,0,0,0,0,0,0,0,0,0,0,0,0,0,2,0,0,0,0,0,0,0,0,0,0,0,1,0,0,0,0,0,0,0,0,0,0,0,0,0,0,0,0,0,0,0,0,0,0,0,11,1,14,4,11,11,0,0,0,0,0,0,0,72,72,72,72,72,0,0,0,0,0,0,0,0,0,0,0,0,0,1,0,0,0,0,3,0,0,0,0,0,0,0,23,94,1,94,0,0,0,0,44,0,94,0,0,0,0,0,0,0,0,0,0,90,90,26,89,140,0,0,0,0,0,0,0,0,116,0,0,11,0,0,0,0,0,0,0,1,0,0,0,0,0,0,5,0,0,0,0,0,0,0,0,0,0,0,0,0,0,0,45,45,49,49,49,49,0,0,0,0,0,0,0,0,0,0,0,1,0,0,0,6,17,11,0,0,0,0,0,0,0,0,0,0,0,0,0,0,0,89,0,0,0,0,0,0,0,0,0,132,132,46,132,132,0,0,147,147,147,47,147,2,0,0,0,0,0,0,0,0,0,0,0
Port 4567,4567,59571,0,0,0,0,0,14,13,15,15,2,2,0,0,15,0,1,2,15,2,0,0,0,0,0,0,0,0,0,0,0,0,0,0,0,0,0,954,954,236,0,0,0,1280,0,0,0,448,448,0,0,0,0,0,0,41,28,189,105,99,114,1,0,0,0,0,0,0,0,0,0,0,0,0,0,0,0,0,0,0,0,0,0,0,0,0,0,0,0,0,0,0,0,0,0,1,42,0,0,0,0,0,0,0,0,77,448,581,15,0,0,0,0,0,0,0,0,0,0,0,0,0,0,0,10,0,1,329,3,345,0,0,125,15,142,27,125,119,80,83,0,0,0,0,0,1293,1294,1294,1294,1294,0,0,0,0,0,0,0,0,0,0,0,0,4,1,793,0,0,954,7,1,612,612,612,1213,778,0,191,1476,5,1476,1,0,0,0,177,0,1479,20,988,0,0,0,0,0,165,80,83,1469,1469,233,1461,1933,1,1,1,1,1,1,1,5,1707,0,0,133,0,0,0,0,0,0,0,10,0,0,5,0,1,0,36,894,894,894,97,77,1065,0,0,0,0,0,0,0,0,0,460,460,466,468,468,468,2,0,0,0,0,123,40,122,0,0,0,2,38,0,0,42,159,117,0,0,0,0,5,5,5,0,0,0,0,0,0,0,0,1438,0,0,0,0,0,0,0,1,0,1880,1906,458,1907,1907,1,0,1999,1999,1999,464,1999,14,0,0,0,0,1,0,0,0,0,0,0
Port 5000,5000,173621,1,2,0,0,0,49,31,58,58,18,27,0,0,58,0,8,29,58,27,0,0,0,2,0,0,0,0,0,0,0,0,0,0,0,0,0,4008,4008,1194,0,0,0,1921,1,0,0,4752,4752,0,0,0,0,0,0,82,50,2065,383,369,577,16,0,0,0,0,0,0,0,0,0,0,0,0,0,0,0,0,0,0,0,0,0,0,0,0,0,0,0,0,0,0,0,0,0,16,586,1,0,0,0,0,0,0,0,474,4761,6253,58,2,0,0,0,0,0,0,0,0,0,0,0,0,0,0,57,0,28,2665,3,2699,0,0,618,196,765,311,606,576,2777,2784,0,1,3,1,0,1997,1999,1999,1999,1999,0,0,0,0,0,0,0,0,0,0,0,0,254,1,2484,0,0,4017,18,3,1325,1325,1325,7627,2443,0,256,2201,43,2201,0,0,0,0,745,0,2213,118,4201,0,0,0,0,0,3774,2782,2789,2171,2171,445,2112,3396,3,3,3,3,3,3,3,41,2447,0,0,656,0,0,0,0,0,0,0,53,0,0,23,0,5,0,264,3090,3090,3090,583,465,4671,0,0,0,0,0,0,2,0,0,1170,1170,1209,1216,1216,1216,18,2,0,0,0,2861,107,2869,0,0,0,7,38,0,0,357,829,472,0,0,0,0,41,41,41,0,0,0,0,2,2,0,2,2153,0,0,0,0,0,0,0,3,1,2663,2684,562,2684,2684,1,0,3164,3164,3164,776,3164,84,0,0,0,0,5,0,0,0,0,0,0
Port 5003,5003,8547,0,0,0,0,0,4,4,4,4,0,0,0,0,4,0,0,0,4,0,0,0,0,0,0,0,0,0,0,0,0,0,0,0,0,0,0,0,0,41,0,0,0,251,0,0,0,0,0,0,0,0,0,0,0,8,4,40,19,19,19,0,0,0,0,0,0,0,0,0,0,0,0,0,0,0,0,0,0,0,0,0,0,0,0,0,0,0,0,0,0,0,0,0,0,0,2,0,0,0,0,0,0,0,0,0,0,0,4,0,0,0,0,0,0,0,0,0,0,0,0,0,0,0,2,0,0,0,0,0,0,0,21,0,26,4,21,21,0,0,0,0,0,0,0,251,251,251,251,251,0,0,0,0,0,0,0,0,0,0,0,0,0,0,0,0,0,0,0,0,0,0,0,0,0,0,17,268,0,268,0,0,0,0,28,0,268,0,0,0,0,0,0,0,0,0,0,268,268,27,268,435,0,0,0,0,0,0,0,0,301,0,0,22,0,0,0,0,0,0,0,0,1,0,0,0,0,1,7,0,0,0,0,0,0,0,0,0,0,0,0,1,0,0,155,154,155,155,154,154,0,1,0,0,0,0,0,0,0,0,0,0,0,0,0,7,30,23,0,0,0,0,0,0,0,0,0,0,0,1,1,1,1,252,0,0,0,0,0,0,0,0,0,334,335,78,335,335,0,0,388,388,388,104,388,1,0,0,0,0,0,0,0,0,0,0,0
Port 5025,5025,24777,0,0,0,3,0,0,0,0,0,0,0,0,0,0,0,0,0,0,0,0,0,0,0,0,0,0,0,0,0,0,0,0,0,0,0,0,0,0,141,0,0,0,1045,0,0,0,0,0,0,0,0,0,0,0,8,8,32,20,20,20,0,0,0,0,0,0,0,0,0,0,0,0,0,0,0,0,0,0,0,0,0,0,0,0,0,0,0,0,0,0,0,0,0,0,0,0,0,0,0,0,0,0,0,0,0,0,0,0,0,0,0,0,0,0,0,0,0,0,0,0,0,0,0,0,0,0,0,0,0,0,0,21,0,21,0,21,21,0,0,0,0,0,0,0,1050,1051,1051,1051,1051,0,0,0,0,0,0,0,0,0,0,0,0,0,0,0,0,0,0,0,0,0,0,0,0,0,0,5,1057,0,1057,2,0,0,0,114,0,1058,0,0,0,0,0,0,0,0,0,0,1059,1059,6,1059,1062,0,0,0,0,0,0,0,3,1062,0,0,22,0,0,0,0,0,0,0,0,0,0,0,0,9,0,0,0,0,0,0,0,0,0,0,0,0,0,0,0,0,0,3,3,3,3,3,3,0,0,0,0,0,0,0,0,0,0,0,0,0,0,0,0,22,22,0,0,0,0,2,2,2,0,0,0,0,0,0,0,0,1031,0,0,0,0,0,0,0,0,0,1035,1052,3,1052,1052,0,0,1053,1053,1053,3,1053,0,0,0,0,0,0,0,0,0,0,0,0
Port 5190,5190,3813,0,0,0,0,0,1,1,2,2,0,1,0,0,2,0,0,1,2,1,0,0,0,0,0,0,0,0,0,0,0,0,0,0,0,0,0,0,0,10,0,0,0,73,0,0,0,0,0,0,0,0,0,0,0,7,6,18,10,10,10,0,0,0,0,0,0,0,0,0,0,0,0,0,0,0,0,0,0,0,0,0,0,0,0,0,0,0,0,0,0,0,0,0,0,0,1,1,0,0,0,0,0,0,0,0,0,0,2,0,0,0,0,0,0,0,0,0,0,0,0,0,0,0,0,0,1,0,0,0,0,0,12,0,14,1,12,11,0,0,0,0,0,0,0,73,73,73,73,73,0,0,0,0,0,0,0,0,0,0,0,0,0,0,0,0,0,0,2,0,0,0,0,0,0,0,20,91,2,91,0,0,0,0,9,0,92,0,0,0,0,0,0,0,0,0,0,90,90,26,87,215,0,0,0,0,0,0,0,2,110,0,0,14,0,0,0,0,0,0,0,2,0,0,0,0,0,0,1,0,0,0,0,0,0,0,0,0,0,0,0,0,0,0,124,124,126,126,126,126,0,0,0,0,0,0,0,0,0,0,0,0,0,0,0,2,17,15,0,0,0,0,2,2,2,0,0,0,0,0,0,0,0,87,0,0,0,0,0,0,0,0,0,137,140,57,140,140,0,0,180,180,180,75,180,4,0,0,0,0,0,0,0,0,0,0,0
Port 5432,5432,3542208,0,0,0,0,0,13,9,14,14,5,5,0,0,14,272582,2,5,14,5,0,0,0,0,0,0,0,0,0,0,0,106032,0,268671,58747,0,0,1037,1037,204,0,0,0,1082,0,0,0,594,594,0,0,0,0,0,0,41,30,131,76,75,87,4,0,0,0,0,0,0,0,0,0,0,0,0,0,0,0,0,0,0,0,0,0,0,0,0,0,0,0,0,0,0,0,0,0,4,33,0,0,244422,244422,272055,250528,250530,202990,72,594,678,14,0,0,0,0,0,0,0,0,0,0,0,0,0,0,0,5,0,4,455,4,465,0,0,98,12,112,20,98,91,515,522,0,0,0,0,130427,1097,1098,1098,1098,1098,246851,130430,130431,290634,0,0,0,0,0,0,0,0,263,1,734,0,0,1037,7,0,577,577,577,1271,720,0,187,1275,8,1275,0,0,0,0,147,130452,1278,18,1071,0,0,0,0,0,170,516,523,1267,1267,218,1256,2346,0,0,0,0,0,0,0,11,1508,0,0,107,0,0,0,0,0,0,0,11,0,0,8,0,0,0,26,797,797,797,58,40,1113,0,0,4175,0,0,0,0,0,0,1064,1063,1071,1071,1071,1071,7,0,0,0,0,684,163,684,0,0,0,0,37,0,0,32,129,97,0,0,0,0,11,11,11,0,0,0,0,0,0,0,0,1240,0,0,0,0,0,0,0,0,0,1681,1701,457,1701,1701,1,243734,2100,2100,2100,685,2100,15,0,0,0,0,0,0,0,0,0,0,0
Port 5555,5555,86241,0,1,0,0,0,271,20,277,277,250,257,0,0,277,0,5,263,277,257,0,0,0,1,0,0,0,0,0,0,0,0,0,0,0,0,0,0,0,2715,0,0,0,2340,0,0,0,0,0,0,0,0,0,0,0,80,47,395,236,204,248,249,0,0,0,0,0,0,0,0,0,0,0,0,0,0,0,0,0,0,0,0,0,0,0,0,0,0,0,0,0,0,0,0,0,250,31,0,0,0,0,0,0,0,0,0,0,0,277,0,0,0,0,0,0,0,0,0,0,0,0,0,0,0,15,2,264,0,0,0,0,0,299,44,350,87,299,253,0,0,0,1,1,1,0,2377,2378,2378,2378,2378,0,0,0,0,0,0,0,0,0,0,0,0,0,2,0,0,0,0,20,1,0,0,0,0,0,0,520,2615,270,2616,1,0,0,0,1722,0,2624,0,0,0,0,0,0,0,0,0,0,2594,2594,625,2306,3638,1,1,1,1,1,1,1,18,2888,0,0,314,0,0,0,0,0,0,0,282,0,0,0,0,0,0,67,0,0,0,0,0,0,0,0,0,0,0,0,2,0,0,1021,1020,1049,1052,1052,1052,0,2,0,0,0,0,0,0,0,0,0,8,0,0,0,116,391,275,0,0,0,0,18,18,18,0,0,0,0,2,2,0,2,2586,0,0,0,0,0,0,0,1,0,3120,3162,833,3163,3163,2,0,3374,3374,3374,579,3374,301,0,0,0,0,1,0,0,0,0,0,0
Port 5900,5900,71425,0,0,0,0,0,12,12,13,13,0,1,0,0,13,0,1,1,13,1,0,0,0,0,0,0,0,0,0,0,0,0,0,0,0,0,0,912,912,3916,0,0,0,1285,0,0,0,444,444,0,0,0,0,0,0,37,24,157,81,80,89,0,0,0,0,0,0,0,0,0,0,0,0,0,0,0,0,0,0,0,0,0,0,0,0,0,0,0,0,0,0,0,0,0,0,0,39,0,0,0,0,0,0,0,0,87,444,561,13,0,0,0,0,0,0,0,0,0,0,0,0,0,0,0,10,0,1,311,3,318,0,0,109,9,122,16,109,93,69,78,0,0,0,0,0,1295,1296,1296,1296,1296,0,0,0,0,0,0,0,0,0,0,0,0,2,1,773,0,0,913,6,0,595,595,595,1167,755,0,194,1484,4,1484,0,0,0,0,3923,0,1486,19,954,0,0,0,0,0,186,69,78,1474,1474,227,1466,2422,0,0,0,0,0,0,0,10,1720,0,0,118,0,0,0,0,0,0,0,8,0,0,9,0,0,0,28,848,848,848,70,51,1005,0,0,0,0,0,0,0,0,0,949,949,954,955,954,954,7,0,0,0,0,247,170,248,0,0,0,1,38,0,0,30,142,112,0,0,0,0,10,10,10,0,0,0,0,0,0,0,0,1437,0,0,0,0,0,0,0,0,0,1902,1924,477,1924,1924,1,0,2282,2282,2282,714,2282,13,0,0,0,0,0,0,0,0,0,0,0
Port 7070,7070,28620,0,0,0,0,0,12,10,12,12,2,2,0,0,12,0,0,2,12,2,0,0,0,0,0,0,0,0,0,0,0,0,0,0,0,0,0,1347,1347,24,0,0,0,274,0,0,0,331,331,0,0,0,0,0,0,8,4,59,48,48,50,0,0,0,0,0,0,0,0,0,0,0,0,0,0,0,0,0,0,0,0,0,0,0,0,0,0,0,0,0,0,0,0,0,0,0,11,0,0,0,0,0,0,0,0,18,331,593,12,0,0,0,0,0,0,0,0,0,0,0,0,0,0,0,18,0,2,466,0,467,0,0,52,2,57,8,52,51,12,12,0,0,0,0,0,278,280,280,280,280,0,0,0,0,0,0,0,0,0,0,0,0,0,3,1090,0,0,1354,2,0,886,886,886,1482,1086,0,8,283,3,283,0,0,0,0,21,0,284,3,1363,0,0,0,0,0,117,12,12,238,238,29,235,455,0,0,0,0,0,0,0,0,286,0,0,52,0,0,0,0,0,0,0,3,0,0,2,0,0,0,9,1123,1123,1123,31,28,1391,0,0,0,0,0,0,1,0,0,8,8,10,11,11,11,1,1,0,0,0,24,14,25,0,0,0,1,4,0,0,12,57,45,0,0,0,0,0,0,0,0,0,0,0,0,0,1,1,263,0,0,0,0,0,0,0,0,0,452,456,195,456,456,0,0,488,488,488,9,488,194,0,0,0,0,0,0,0,0,0,0,0
Port 7080,7080,15012,0,14,0,0,0,12,11,15,15,1,4,0,0,15,0,19,7,15,4,0,0,0,14,0,0,3,0,0,0,0,0,0,0,0,0,0,0,0,12,0,0,0,384,0,0,0,0,0,0,0,0,0,0,0,5,4,33,20,20,22,1,0,0,0,0,0,0,0,0,0,0,0,0,0,0,0,0,0,0,0,0,0,0,0,0,4,0,0,0,0,4,4,4,4,1,0,0,0,0,0,0,0,0,0,0,0,0,15,1,0,0,0,0,0,0,0,1,1,1,1,1,1,1,30,0,9,0,0,0,0,0,28,2,38,4,28,26,0,0,6,7,18,7,0,404,406,406,406,406,0,0,0,0,0,0,0,0,0,0,0,0,0,0,0,0,0,0,7,16,0,0,0,0,0,1,27,414,10,414,0,0,0,0,12,0,417,0,0,0,0,0,0,0,0,0,0,407,407,56,390,792,25,25,25,25,25,25,25,0,420,0,0,37,0,0,0,0,0,0,0,24,0,4,0,0,0,0,4,0,0,0,0,0,0,0,0,0,0,0,0,11,0,0,27,27,39,63,63,63,0,6,0,0,0,0,0,0,0,0,0,0,0,0,0,8,42,34,0,0,0,0,0,0,0,0,0,0,0,4,4,0,6,401,0,0,0,0,0,0,0,24,0,721,731,340,731,731,0,0,897,897,897,33,897,331,0,0,0,0,25,0,0,0,0,0,0
Port 7443,7443,72656,0,0,0,0,0,41,18,42,42,44,24,0,0,42,0,8,25,42,24,0,0,0,0,0,0,0,0,0,0,0,0,0,0,0,0,0,0,0,89,0,0,0,2023,0,0,0,0,0,0,0,0,0,0,0,0,0,22,14,14,14,22,0,0,0,0,0,0,0,0,0,0,0,0,0,0,0,0,0,0,0,0,0,0,0,0,0,0,0,0,0,0,0,0,0,22,0,0,0,0,0,0,0,0,0,0,0,0,42,0,0,0,0,0,0,0,0,0,0,0,0,0,0,0,38,0,32,0,0,0,0,0,17,0,116,98,17,15,0,0,0,0,1,0,0,2050,2056,2056,2056,2056,0,0,0,0,0,0,0,0,0,0,0,0,0,4,0,0,0,0,25,1,0,0,0,0,0,0,72,2074,37,2074,0,0,0,0,80,0,2077,0,0,0,0,0,0,0,0,0,0,2050,2050,175,2003,4191,1,1,1,1,1,1,1,3,2087,0,0,18,0,0,0,0,0,1,0,50,0,0,0,0,0,0,102,0,0,0,0,0,0,0,0,0,0,0,0,1,0,0,44,44,71,85,85,85,0,1,0,0,0,0,0,0,0,0,0,2,0,0,0,102,118,16,10,10,0,0,3,3,3,0,0,0,0,1,1,0,1,2037,0,0,0,0,0,0,0,1,0,4031,4055,2060,4055,4055,2,0,4292,4292,4292,65,4292,2035,0,0,0,0,1,0,0,0,0,2,0
Port 7510,7510,5265,0,0,0,0,0,3,3,3,3,0,0,0,0,3,0,2,0,3,0,0,0,0,0,0,0,0,0,0,0,0,0,0,0,0,0,0,0,0,3,0,0,0,107,0,0,0,0,0,0,0,0,0,0,0,3,2,17,8,8,9,0,0,0,0,0,0,0,0,0,0,0,0,0,0,0,0,0,0,0,0,0,0,0,0,0,0,0,0,0,0,0,0,0,0,0,0,0,0,0,0,0,0,0,0,0,0,0,3,0,0,0,0,0,0,0,0,0,0,0,0,0,0,0,0,0,0,0,0,0,0,0,12,1,12,1,12,11,0,0,0,0,0,0,0,108,108,108,108,108,0,0,0,0,0,0,0,0,0,0,0,0,0,0,0,0,0,0,1,0,0,0,0,0,0,0,1,108,0,108,0,0,0,0,3,0,108,0,0,0,0,0,0,0,0,0,0,107,107,4,107,355,0,0,0,0,0,0,0,0,108,0,0,12,0,0,0,0,0,0,0,1,0,0,0,0,0,0,0,0,0,0,0,0,0,0,0,0,0,0,0,0,0,0,1,1,2,2,2,2,0,0,0,0,0,0,0,0,0,0,0,0,0,0,0,1,12,11,0,0,0,0,0,0,0,0,0,0,0,0,0,0,0,107,0,0,0,0,0,0,0,0,0,333,338,232,338,338,0,0,353,353,353,2,353,232,0,0,0,0,0,0,0,0,0,0,0
Port 7779,7779,64827,0,0,0,0,0,16,10,18,18,7,8,0,0,18,0,7,8,18,8,0,0,0,0,0,0,0,0,0,0,0,0,0,0,0,0,0,0,0,93,0,0,0,1757,0,0,0,0,0,0,0,0,0,0,0,43,29,136,78,77,87,6,0,0,0,0,0,0,0,0,0,0,0,0,0,0,0,0,0,0,0,0,0,0,0,0,0,0,0,0,0,0,0,0,0,6,4,0,0,0,0,0,0,0,0,0,0,0,19,0,0,0,0,0,0,0,0,0,0,0,0,0,0,0,9,0,6,0,0,0,0,0,99,10,111,17,99,91,0,0,0,0,0,0,0,1771,1772,1772,1772,1772,0,0,0,0,0,0,0,0,0,0,0,0,0,1,0,0,0,0,9,0,0,0,0,0,0,0,22,1779,11,1779,0,0,0,0,61,0,1779,0,0,0,0,0,0,0,0,0,0,1767,1767,54,1754,3817,0,0,0,0,0,0,0,2,1783,0,0,107,0,0,0,0,0,0,1,16,0,0,0,0,0,0,15,0,0,0,0,0,0,0,0,0,0,0,0,0,0,0,18,18,30,33,33,33,0,0,0,0,0,0,0,0,0,0,0,1,0,0,0,30,126,96,0,0,0,0,2,2,2,0,0,0,0,0,0,0,0,1743,0,0,0,0,0,0,0,0,0,3677,3708,1964,3708,3708,1,0,3904,3904,3904,27,3905,1954,0,0,0,0,0,0,0,0,0,0,0
Port 8000,8000,4204915,0,39,1,0,3,347,176,415,415,110,239,0,0,415,0,78,287,415,239,0,0,0,36,0,0,3,0,0,0,0,0,0,0,0,0,0,15663,15663,569,0,0,0,8227,0,0,0,14031,14031,3,3,3,3,3,0,539,298,5135,1812,1788,1865,91,1,1,1,1,1,1,1,0,0,0,0,0,0,2,0,0,0,0,0,0,0,0,0,0,10,0,0,0,0,10,10,10,10,98,1117,5,0,0,0,0,0,0,0,2809,14048,19988,419,28,0,0,0,0,0,0,0,1,1,1,1,1,1,1,335,8,291,12868,27,13102,0,0,2217,70,2323,154,2210,1897,657689,657698,19,29,48,29,0,8595,8638,8638,8638,8638,0,0,0,0,0,0,0,0,0,0,0,0,2392,77,9777,0,0,15694,276,49,2680,2680,2680,22964,9387,0,874,8957,402,8957,7,0,0,0,394,0,9192,271,16548,0,0,0,0,0,26957,658082,658088,8601,8602,2576,7920,12112,71,71,71,71,71,71,71,8,9379,3,3,2275,0,0,0,0,0,3,0,509,0,10,198,0,0,0,543,13634,13635,13635,3752,3481,20042,0,0,0,0,0,0,30,0,0,1235,1234,1670,1748,1747,1747,118,23,0,0,12,326032,552,655250,0,0,0,2,39,0,0,438,2624,2186,0,0,0,0,8,8,8,0,0,0,0,21,21,1,23,9150,0,0,0,0,0,0,0,70,1,11561,11617,3446,11617,11617,13,0,12470,12470,12470,1469,12470,3139,0,0,0,0,71,0,0,0,0,0,0
Port 8001,8001,320752,0,20,2,0,0,187,95,253,253,61,158,0,0,253,0,50,188,253,158,0,0,0,20,0,0,4,0,0,0,0,0,0,0,0,0,0,7880,7880,761,0,0,0,3755,0,0,0,6748,6749,0,0,0,0,0,0,371,216,1769,1291,1285,1323,56,0,0,0,0,0,0,0,0,0,0,0,0,0,7,2,2,2,2,2,2,2,0,0,0,2,0,0,0,0,2,2,2,2,58,753,4,0,0,0,0,0,0,0,952,6754,8341,254,20,0,0,0,0,0,0,0,0,0,0,0,0,0,0,125,10,197,6267,29,6436,0,0,1530,35,1713,84,1527,1357,3314,3569,2,19,23,19,0,3939,3965,3965,3965,3965,0,0,0,0,0,0,0,0,0,0,0,0,53,36,6101,0,0,7897,353,24,1499,1499,1499,10059,5837,1,785,4353,304,4353,13,0,0,0,548,0,4419,146,8516,0,0,0,0,0,5833,3323,3578,3931,3931,1392,3533,6859,27,27,27,27,27,27,27,9,4516,0,0,1677,0,0,0,0,0,0,0,360,1,3,137,0,1,0,321,7631,7631,7631,1395,1249,9771,0,0,0,0,0,0,11,0,0,563,563,1031,1072,1071,1071,21,6,0,0,5,2241,144,3677,0,0,0,3,34,0,0,266,1915,1649,0,0,0,0,9,9,9,0,0,0,0,6,6,1,6,4404,0,0,0,0,0,0,0,25,0,6635,6676,3020,6676,6676,11,0,7328,7328,7328,925,7328,2519,0,0,0,0,26,0,0,0,0,0,0
Port 8009,8009,195460,0,0,0,0,0,59,34,69,69,25,35,0,0,69,0,50,43,69,35,0,0,0,0,0,0,0,0,0,0,0,0,0,0,0,0,0,2795,2795,141,0,0,0,3034,0,0,0,2111,2111,0,0,0,0,0,0,0,0,2,4,4,4,24,0,0,0,0,0,0,0,0,0,0,0,0,0,0,0,0,0,0,0,0,0,0,0,0,0,0,0,0,0,0,0,0,0,24,111,0,0,0,0,0,0,0,0,200,2116,2559,69,1,0,0,0,0,0,0,0,0,0,0,0,0,0,0,30,1,40,1895,8,1989,0,0,4,0,4,0,4,4,1644,1910,0,0,0,0,0,3090,3094,3094,3094,3094,0,0,0,0,0,0,0,0,0,0,0,0,75,2,2298,0,0,2798,41,0,834,834,834,3498,2270,0,133,3137,59,3137,4,0,0,0,100,0,3144,55,2897,0,0,0,0,0,1241,1644,1910,3074,3074,267,2990,5747,0,0,0,0,0,0,0,7,3167,0,0,4,0,0,0,0,0,0,0,79,0,0,19,0,0,0,55,2553,2553,2553,243,188,3087,0,0,0,0,0,0,1,0,0,104,104,159,168,168,169,12,1,0,0,1,546,149,2056,0,0,0,2,40,0,0,0,4,4,0,0,0,0,7,7,7,0,0,0,0,1,1,0,1,3094,0,0,0,0,0,0,0,0,0,5530,5561,2559,5561,5561,1,0,5843,5843,5843,141,5843,2502,0,0,0,0,0,0,0,0,35600,0,0
Port 8010,8010,206749,0,5,0,0,0,69,46,85,85,23,39,0,0,85,0,22,45,85,39,0,0,0,5,0,0,0,0,0,0,0,0,0,0,0,0,0,3839,3839,188,0,0,0,2287,0,0,0,4143,4143,0,0,0,0,0,0,124,50,2030,973,979,996,19,0,0,0,0,0,0,0,0,0,0,0,0,0,0,0,0,0,0,0,0,0,0,0,0,8,0,0,0,0,9,9,9,9,19,278,0,0,0,0,0,0,0,0,642,4147,5086,85,3,0,0,0,0,0,0,0,0,0,0,0,0,0,0,43,2,53,2945,10,3053,0,0,1542,18,1574,529,1542,1012,3651,3913,0,4,5,4,0,2482,2489,2489,2489,2489,0,0,0,0,0,0,0,0,0,0,0,0,57,2,3303,0,0,3846,43,5,850,850,850,6061,3260,0,572,2840,198,2840,5,0,0,0,151,0,2856,50,4474,0,0,0,0,0,2581,3654,3917,2767,2767,810,2242,5050,5,5,5,5,5,5,5,5,2887,0,0,1564,0,0,0,0,0,0,0,215,0,9,539,0,6,0,142,3721,3721,3721,393,343,4819,0,0,0,0,0,0,16,0,0,558,558,627,644,644,644,16,10,0,0,1,872,122,4002,0,0,0,1,38,0,0,619,1664,1045,0,0,0,0,5,5,5,0,0,0,0,10,10,0,10,2817,0,0,0,0,0,0,0,5,0,4864,4885,2617,4885,4885,0,0,5155,5155,5155,592,5155,2542,0,0,0,0,5,0,0,0,0,0,0
Port 8023,8023,6375,0,0,0,0,0,3,2,3,3,0,1,0,0,3,0,0,3,3,1,0,0,0,0,0,0,0,0,0,0,0,0,0,0,0,0,0,0,0,60,0,0,0,122,0,0,0,0,0,0,0,0,0,0,0,11,8,36,80,80,81,0,0,0,0,0,0,0,0,0,0,0,0,0,0,0,0,0,0,0,0,0,0,0,0,0,0,0,0,0,0,0,0,0,0,0,2,0,0,0,0,0,0,0,0,0,0,0,3,0,0,0,0,0,0,0,0,0,0,0,0,0,0,0,0,0,1,0,0,0,0,0,83,1,85,2,83,82,0,0,0,0,0,0,0,122,122,122,122,122,0,0,0,0,0,0,0,0,0,0,0,0,0,0,0,0,0,0,3,0,0,0,0,0,0,0,7,126,3,126,0,0,0,0,44,0,126,0,0,0,0,0,0,0,0,0,0,122,122,16,117,351,0,0,0,0,0,0,0,1,129,0,0,84,0,0,0,0,0,0,0,3,0,0,0,0,0,0,11,0,0,0,0,0,0,0,0,0,0,0,0,0,0,0,11,11,15,16,16,16,0,0,0,0,0,0,0,0,0,0,0,0,0,0,0,12,91,79,0,0,0,0,1,1,1,0,0,0,0,0,0,0,0,121,0,0,0,0,0,0,0,0,0,326,326,212,326,326,0,0,350,350,350,14,350,211,0,0,0,0,0,0,0,0,0,0,0
Port 8069,8069,65237,0,0,0,0,0,20,12,24,24,9,12,0,0,24,0,8,12,24,12,0,0,0,0,0,0,0,0,0,0,0,0,0,0,0,0,0,0,0,39,0,0,0,1579,0,0,0,0,0,0,0,0,0,0,0,51,35,185,416,413,424,7,0,0,0,0,0,0,0,0,0,0,0,0,0,0,0,0,0,0,0,0,0,0,0,0,0,1,0,0,0,0,0,0,0,7,10,0,0,0,0,0,0,0,0,0,0,0,24,0,0,0,0,0,0,0,0,0,0,0,0,0,0,0,22,0,8,0,0,0,0,0,442,11,454,16,442,433,0,0,0,0,0,0,0,1601,1602,1602,1602,1602,0,0,0,0,0,0,0,0,0,0,0,0,0,1,0,0,0,0,12,0,0,0,0,0,0,0,34,1612,18,1612,1,0,0,0,31,0,1616,0,0,0,0,0,0,0,0,0,0,1599,1599,89,1576,3723,0,0,0,0,0,0,0,1,1620,0,0,452,0,0,0,0,0,0,0,25,1,0,0,0,0,1,17,0,0,0,0,0,0,0,0,0,0,0,0,1,0,0,30,30,43,47,47,47,0,0,0,0,0,0,0,0,0,0,0,2,0,0,0,32,474,442,0,0,0,0,1,1,1,0,0,0,0,0,0,0,0,1578,0,0,0,0,0,0,0,0,0,3581,3593,2042,3593,3593,1,0,3785,3785,3785,38,3786,2030,0,0,0,0,0,0,0,0,0,0,0
Port 8080,8080,8239694,1,483,10,0,136,1572,763,1836,1836,797,1073,0,0,1836,0,609,1661,1836,1073,0,0,12,420,12,12,53,12,12,12,12,0,12,0,0,0,0,115780,115780,1047,12,0,0,137851,1,1,0,89509,89511,136,136,136,136,136,0,2664,1449,32041,15889,15903,16428,601,2,2,2,2,2,2,2,0,0,0,33,33,32,27,8,8,8,8,8,8,8,35,35,36,124,41,37,37,0,100,100,135,100,663,4081,27,0,0,0,0,0,0,0,17403,89557,125093,1839,34,0,0,0,0,0,0,0,8,8,8,8,8,8,8,2882,77,1513,91769,508,93777,0,0,18006,508,25823,8204,17990,16929,453667,516895,33,284,551,284,0,139531,139728,139728,139728,139728,0,0,0,0,0,0,0,0,0,0,0,0,7741,93,64360,0,0,115982,1068,540,22828,22828,22828,150691,61832,2,4891,140884,2904,140886,5,0,0,0,708,0,141371,2213,122110,0,0,0,0,0,109576,453853,517098,139280,139283,18082,135651,147702,597,597,597,597,597,597,597,62,142110,137,137,18419,0,0,0,0,0,2,0,3633,71,149,1617,0,1,56,10829,85061,85063,85064,20095,17881,140059,0,0,0,0,0,0,408,0,0,5173,5170,6932,7378,7375,7375,1473,258,0,0,72,159834,1252,516760,0,0,0,4,59,0,0,9926,27845,17919,0,0,2,0,60,60,60,0,0,0,0,233,233,34,256,137814,0,0,0,0,0,0,0,596,12,142655,142957,9790,142959,142960,34,0,147025,147026,147029,6206,147033,7793,0,0,0,0,630,0,0,0,0,0,0