city,population_2020,population_source,capture_date,totalcount,CVE-2017-1000369,CVE-2017-1000600,CVE-2017-1001000,CVE-2017-10140,CVE-2017-10391,CVE-2017-11142,CVE-2017-11143,CVE-2017-11144,CVE-2017-11145,CVE-2017-11147,CVE-2017-11362,CVE-2017-11364,CVE-2017-11612,CVE-2017-11628,CVE-2017-12172,CVE-2017-12868,CVE-2017-12932,CVE-2017-12933,CVE-2017-12934,CVE-2017-14595,CVE-2017-14596,CVE-2017-14718,CVE-2017-14719,CVE-2017-14720,CVE-2017-14721,CVE-2017-14722,CVE-2017-14723,CVE-2017-14724,CVE-2017-14725,CVE-2017-14726,CVE-2017-14798,CVE-2017-14990,CVE-2017-15098,CVE-2017-15099,CVE-2017-15130,CVE-2017-15132,CVE-2017-15710,CVE-2017-15715,CVE-2017-15906,CVE-2017-16510,CVE-2017-16633,CVE-2017-16634,CVE-2017-16642,CVE-2017-16944,CVE-2017-17091,CVE-2017-17663,CVE-2017-3167,CVE-2017-3169,CVE-2017-3239,CVE-2017-3247,CVE-2017-3249,CVE-2017-3250,CVE-2017-3626,CVE-2017-3730,CVE-2017-3731,CVE-2017-3732,CVE-2017-3735,CVE-2017-3736,CVE-2017-3737,CVE-2017-3738,CVE-2017-5340,CVE-2017-5487,CVE-2017-5488,CVE-2017-5489,CVE-2017-5490,CVE-2017-5491,CVE-2017-5492,CVE-2017-5493,CVE-2017-5610,CVE-2017-5611,CVE-2017-5612,CVE-2017-6377,CVE-2017-6379,CVE-2017-6381,CVE-2017-6441,CVE-2017-6514,CVE-2017-6814,CVE-2017-6815,CVE-2017-6816,CVE-2017-6817,CVE-2017-6818,CVE-2017-6819,CVE-2017-6919,CVE-2017-6920,CVE-2017-6921,CVE-2017-6922,CVE-2017-6923,CVE-2017-6924,CVE-2017-6925,CVE-2017-6926,CVE-2017-6927,CVE-2017-6928,CVE-2017-6929,CVE-2017-6932,CVE-2017-7189,CVE-2017-7269,CVE-2017-7272,CVE-2017-7418,CVE-2017-7484,CVE-2017-7485,CVE-2017-7486,CVE-2017-7546,CVE-2017-7547,CVE-2017-7548,CVE-2017-7659,CVE-2017-7668,CVE-2017-7679,CVE-2017-7890,CVE-2017-7963,CVE-2017-7983,CVE-2017-7984,CVE-2017-7986,CVE-2017-7987,CVE-2017-7988,CVE-2017-7989,CVE-2017-8057,CVE-2017-8295,CVE-2017-9061,CVE-2017-9062,CVE-2017-9063,CVE-2017-9064,CVE-2017-9065,CVE-2017-9066,CVE-2017-9067,CVE-2017-9118,CVE-2017-9120,CVE-2017-9788,CVE-2017-9789,CVE-2017-9798,CVE-2017-9933,CVE-2017-9934,CVE-2018-0732,CVE-2018-0733,CVE-2018-0734,CVE-2018-0735,CVE-2018-0737,CVE-2018-0739,CVE-2018-1000024,CVE-2018-1000027,CVE-2018-1000773,CVE-2018-10100,CVE-2018-10101,CVE-2018-10102,CVE-2018-1053,CVE-2018-10545,CVE-2018-10546,CVE-2018-10547,CVE-2018-10548,CVE-2018-10549,CVE-2018-1058,CVE-2018-10915,CVE-2018-10925,CVE-2018-1115,CVE-2018-11321,CVE-2018-11322,CVE-2018-11323,CVE-2018-11324,CVE-2018-11325,CVE-2018-11326,CVE-2018-11327,CVE-2018-11328,CVE-2018-1172,CVE-2018-11756,CVE-2018-11763,CVE-2018-12711,CVE-2018-12712,CVE-2018-1283,CVE-2018-12882,CVE-2018-12895,CVE-2018-1301,CVE-2018-1302,CVE-2018-1303,CVE-2018-1312,CVE-2018-1333,CVE-2018-14028,CVE-2018-14851,CVE-2018-14883,CVE-2018-14884,CVE-2018-15132,CVE-2018-15473,CVE-2018-15880,CVE-2018-15881,CVE-2018-15882,CVE-2018-15919,CVE-2018-16850,CVE-2018-17082,CVE-2018-17189,CVE-2018-17199,CVE-2018-17855,CVE-2018-17856,CVE-2018-17857,CVE-2018-17858,CVE-2018-17859,CVE-2018-19052,CVE-2018-19131,CVE-2018-19132,CVE-2018-19395,CVE-2018-19396,CVE-2018-19518,CVE-2018-19520,CVE-2018-19935,CVE-2018-20147,CVE-2018-20148,CVE-2018-20149,CVE-2018-20150,CVE-2018-20151,CVE-2018-20152,CVE-2018-20153,CVE-2018-20685,CVE-2018-20783,CVE-2018-2911,CVE-2018-3152,CVE-2018-5407,CVE-2018-6376,CVE-2018-6377,CVE-2018-6378,CVE-2018-6379,CVE-2018-6380,CVE-2018-6389,CVE-2018-6789,CVE-2018-7584,CVE-2018-7600,CVE-2018-7602,CVE-2018-8011,CVE-2018-8045,CVE-2018-8581,CVE-2018-9861,CVE-2019-0190,CVE-2019-0196,CVE-2019-0197,CVE-2019-0211,CVE-2019-0215,CVE-2019-0217,CVE-2019-0220,CVE-2019-0708,CVE-2019-10129,CVE-2019-10130,CVE-2019-10149,CVE-2019-10164,CVE-2019-10691,CVE-2019-10909,CVE-2019-10945,CVE-2019-10946,CVE-2019-11034,CVE-2019-11035,CVE-2019-11036,CVE-2019-11038,CVE-2019-11039,CVE-2019-11040,CVE-2019-11072,CVE-2019-11358,CVE-2019-11510,CVE-2019-11809,CVE-2019-11876,CVE-2019-12525,CVE-2019-12527,CVE-2019-12529,CVE-2019-12764,CVE-2019-12765,CVE-2019-12766,CVE-2019-12815,CVE-2019-13345,CVE-2019-13917,CVE-2019-14654,CVE-2019-1543,CVE-2019-1552,CVE-2019-1559,CVE-2019-1652,CVE-2019-1653,CVE-2019-19781,CVE-2019-3814,CVE-2019-6109,CVE-2019-6110,CVE-2019-6111,CVE-2019-6261,CVE-2019-6262,CVE-2019-6263,CVE-2019-6264,CVE-2019-6338,CVE-2019-6339,CVE-2019-6340,CVE-2019-6341,CVE-2019-6977,CVE-2019-7524,CVE-2019-7739,CVE-2019-7740,CVE-2019-7741,CVE-2019-7742,CVE-2019-7743,CVE-2019-7744,CVE-2019-8942,CVE-2019-8943,CVE-2019-9020,CVE-2019-9021,CVE-2019-9022,CVE-2019-9023,CVE-2019-9024,CVE-2019-9025,CVE-2019-9193,CVE-2019-9637,CVE-2019-9638,CVE-2019-9639,CVE-2019-9640,CVE-2019-9641,CVE-2019-9675,CVE-2019-9711,CVE-2019-9712,CVE-2019-9713,CVE-2019-9714,CVE-2019-9787,CVE-2020-0796,CVE-2020-11651,CVE-2020-11652,CVE-2020-1938,CVE-2020-5902,MS17-010
Ashburn,50290,World Population Review,10/27/2020,4453648,99,1220,43,0,24,"4,272",899,"5,079",5079,2217,4180,1,1,5079,12668,1616,5114,5079,"4,183",0,1,34,1076,34,34,212,34,34,34,34,429,36,"12,650",5793,13,13,129957,"129,966",329756,36,0,0,33822,106,19,0,63999,63998,24,24,24,24,24,0,350,268,29574,27502,27466,27589,1922,11,11,11,11,11,11,11,3,3,3,19,19,25,10,31,31,31,31,31,31,31,32,32,37,326,60,51,51,0,312,312,344,312,2336,380,33,1,6077,"6,077","6,180",6138,"6,139",5931,5890,"64,035","108,721",5058,82,1,0,1,0,1,0,0,29,29,29,29,29,29,29,1411,34,12612,"84,668",78,"100,630",1,1,"27,854",113,"28,706",914,"27,853","27,770","17,846","18,925",251,730,"1,664",730,117,37455,"37,790","37,787",37790,37790,6123,117,117,"6,256",1,1,1,1,1,1,1,1,"1,612",105,"87,350",1,1,"130,222",637,"1,719","41,835","41,835","41,835","166,765","83,655",54,"11,706","41,198","6,220","41,199",158,1,1,1,"290,714",117,"45,057","4,227","140,753",1,1,1,1,1,"1,411","17,906","18,989","44,245","44,247","20,690",30051,59953,2085,2086,2085,2085,2085,2085,2084,1518,46002,22,22,27786,0,0,0,0,0,23,164,7852,215,419,2531,0,15,159,4973,97725,97726,97733,10777,6568,146385,1697,0,72,292,0,13,2019,0,0,7448,7446,11718,12941,12944,12943,276,1546,1,0,224,18430,263,19072,0,0,0,167,134,308,0,1063,28774,27709,1,1,12,13,1525,1525,1525,0,0,0,0,1399,1401,211,1536,45029,13,0,0,0,0,0,0,2106,86,53871,53875,23048,53870,53878,44,6060,63170,63170,63177,7243,63180,19373,0,0,0,0,2293,17,5,5,312,15,40
Atlanta,523738,World Population Review,10/27/2020,391118,104,105,6,0,0,74,44,90,90,33,46,0,0,90,312,137,65,90,46,0,0,8,89,8,8,33,8,8,8,8,69,1,308,137,3,3,15068,15068,11042,1,0,0,1807,108,4,0,8047,8048,0,0,0,0,0,0,85,82,2001,1635,1633,1642,25,0,0,0,0,0,0,0,0,0,0,2,2,1,0,6,6,6,6,6,6,6,3,3,3,29,3,3,3,0,27,27,30,27,26,152,1,0,177,177,203,183,183,156,1349,"8,051","15,183",90,3,0,0,0,0,0,0,0,3,3,3,3,3,3,3,242,0,102,11721,0,11902,0,0,1685,9,1793,111,1685,1661,12089,12872,23,73,122,73,15,1908,1923,"1,923",1923,1923,181,15,15,212,0,0,0,0,0,0,0,0,22,4,7489,0,0,"15,099",97,128,"3,215","3,214","3,214","18,606","7,281",3,350,"2,106",110,"2,108",106,0,0,0,"7,787",15,"2,129",393,"15,782",0,0,0,0,0,"1,218","12,107","12,885","2,013","2,014",629,1793,2495,155,155,155,155,155,155,155,143,2184,0,0,1694,0,0,0,0,0,3,151,161,15,41,63,0,34,9,501,9330,9330,9330,1846,1450,17183,170,0,9,435,0,2,198,0,0,252,252,374,414,414,414,43,146,1,0,9,4126,6,12812,0,0,0,74,0,437,0,147,1833,1686,25,25,0,2,142,142,142,0,0,0,0,138,138,13,144,2139,2,0,0,0,0,0,0,155,9,2411,2411,540,2411,2412,3,179,3164,3164,3165,335,3166,394,0,0,0,0,172,22,0,0,41,0,5
Balashikha,514662,World Population Review,10/27/2020,21640,40,10,2,0,0,16,8,16,16,10,8,0,0,16,28,7,9,16,8,0,0,0,10,0,0,2,0,0,0,0,12,0,26,12,0,0,516,516,810,0,0,0,274,44,1,0,619,619,0,0,0,0,0,0,9,5,118,75,72,75,8,0,0,0,0,0,0,0,0,0,0,0,0,0,0,2,2,2,2,2,2,2,0,0,0,3,0,0,0,0,3,3,3,3,8,5,0,0,16,16,23,18,18,14,72,620,858,16,0,0,0,0,0,0,0,0,0,0,0,0,0,0,0,52,0,15,400,0,410,0,0,78,0,85,7,75,72,10,10,2,8,12,8,0,291,291,291,291,291,16,0,0,24,0,0,0,0,0,0,0,0,1,0,272,0,0,516,14,12,113,113,113,981,265,0,52,321,17,321,16,0,0,0,456,0,321,37,563,0,0,0,0,0,359,10,10,306,306,105,276,369,13,13,13,13,13,13,13,23,334,0,0,78,0,0,0,0,0,0,162,24,1,7,3,0,0,0,44,338,338,337,64,28,586,46,0,0,32,0,0,14,0,0,36,36,54,54,54,54,0,9,0,0,0,9,0,10,0,0,0,35,0,42,0,10,86,76,0,0,0,0,24,24,24,0,0,0,0,9,9,0,9,330,0,0,0,0,0,0,0,13,0,363,363,71,363,363,3,16,398,398,398,49,398,49,0,0,0,0,13,85,0,0,13,0,10
Baltimore,590479,World Population Review,10/27/2020,24829,3,3,0,0,0,13,9,13,13,5,4,0,0,13,6,3,4,13,4,0,0,0,3,0,0,2,0,0,0,0,6,0,5,1,0,0,852,852,582,0,0,0,185,3,0,0,687,687,0,0,0,0,0,0,3,1,104,70,70,72,4,0,0,0,0,0,0,0,0,0,0,0,0,0,0,0,0,0,0,0,0,0,0,0,0,1,0,0,0,0,2,2,2,2,4,40,0,0,3,3,7,4,4,1,29,682,889,13,0,0,0,0,0,0,0,0,0,0,0,0,0,0,0,16,0,25,566,0,572,0,0,76,2,92,17,76,74,229,230,0,3,4,3,0,212,214,214,214,214,4,0,0,8,0,0,0,0,0,0,0,0,117,0,656,0,0,868,2,5,293,293,293,"1,199",647,0,85,274,4,274,1,0,0,0,304,0,274,28,913,0,0,0,0,0,354,228,229,270,270,123,245,284,5,5,5,5,5,5,5,9,274,0,0,79,0,0,0,0,0,0,61,27,0,2,4,0,10,0,44,720,720,720,53,26,955,18,0,0,4,0,0,9,0,0,7,6,10,11,11,11,10,8,0,0,0,221,1,221,0,0,0,0,0,4,0,20,99,79,2,2,0,0,9,9,9,0,0,0,0,8,8,0,8,268,0,0,0,0,0,0,0,5,0,277,277,36,277,277,0,5,308,308,308,9,308,31,0,0,0,0,5,5,0,0,0,0,0
Brooklyn,2600000,World Population Review,10/27/2020,66699,4,11,1,1,0,42,6,46,46,36,40,0,0,46,45,19,44,47,41,0,0,0,11,0,0,5,0,0,0,0,13,0,46,20,0,0,1934,1933,2000,0,0,0,524,4,0,0,1636,1636,0,0,0,0,0,0,6,4,376,260,259,261,36,0,0,0,0,0,0,0,0,0,0,0,0,0,1,1,1,1,1,1,1,1,0,0,0,6,0,0,0,0,6,6,6,6,37,85,0,0,22,22,25,22,22,21,494,1642,2455,48,1,0,0,0,0,0,0,0,0,0,0,0,0,0,0,49,0,74,1604,1,1694,0,0,275,3,307,34,275,266,787,1387,6,10,14,10,0,567,569,569,569,568,23,0,0,34,0,0,0,0,0,0,0,0,12,1,1126,0,0,"1,944",25,13,295,295,295,"2,856","1,095",0,137,641,50,641,21,0,0,0,"1,579",0,648,94,"2,102",0,0,0,0,0,"1,410",790,"1,390",616,616,237,528,744,19,19,19,19,19,19,19,102,653,0,0,275,0,0,0,0,0,0,34,71,1,9,32,0,45,1,125,1273,1273,1274,187,94,2145,85,0,0,29,0,0,22,0,0,51,51,91,98,98,98,937,14,1,0,0,1149,1,1386,0,0,0,7,0,29,0,41,317,276,33,33,0,0,102,102,102,0,0,0,0,13,13,2,14,649,0,0,0,0,0,0,0,19,1,718,718,153,718,718,0,24,884,884,884,67,884,113,0,0,0,0,21,46,1,1,2,0,3
Buenos Aires,15153729,World Population Review,10/27/2020,29,0,0,0,0,0,0,0,0,0,0,0,0,0,0,0,0,0,0,0,0,0,0,0,0,0,0,0,0,0,0,0,0,0,0,0,0,0,0,0,0,0,0,1,0,0,0,1,1,0,0,0,0,0,0,0,0,0,0,0,0,0,0,0,0,0,0,0,0,0,0,0,0,0,0,0,0,0,0,0,0,0,0,0,0,0,0,0,0,0,0,0,0,0,0,0,0,0,0,0,0,0,0,0,0,0,1,1,0,0,0,0,0,0,0,0,0,0,0,0,0,0,0,0,1,0,0,0,0,0,0,0,0,0,0,0,0,0,0,0,0,0,0,0,0,1,1,1,1,1,0,0,0,0,0,0,0,0,0,0,0,0,0,0,0,0,0,0,0,0,0,0,0,1,0,0,0,1,0,1,0,0,0,0,0,0,1,0,0,0,0,0,0,0,0,0,0,1,1,0,1,1,0,0,0,0,0,0,0,0,1,0,0,0,0,0,0,0,0,0,0,0,0,0,0,0,0,0,0,0,0,0,0,0,0,0,0,0,0,0,0,0,0,0,0,0,0,0,0,0,0,0,0,0,0,0,0,0,0,0,0,0,0,0,0,0,0,0,0,0,0,0,0,0,0,0,0,0,0,0,0,0,0,1,0,0,0,0,0,0,0,0,0,1,1,0,1,1,0,0,1,1,1,0,1,0,0,0,0,0,0,0,0,0,0,0,0
Buffalo,708559,World Population Review,10/27/2020,948551,78,29,0,0,0,46,28,48,48,16,20,0,0,48,38,24,31,48,20,0,0,0,20,0,0,8,0,0,0,0,27,2,37,8,1,1,4331,4331,9756,2,0,0,609,82,0,0,9998,9999,0,0,0,0,0,0,3,2,511,375,375,377,10,0,0,0,0,0,0,0,0,0,0,0,0,0,8,0,0,0,0,0,0,0,0,0,0,1,0,0,0,0,1,1,1,1,10,31,0,0,30,30,34,32,32,18,225,10005,12427,48,1,0,0,0,0,0,0,0,0,0,0,0,0,0,0,99,0,42,3991,2,3998,0,0,382,2,642,260,382,381,102990,161822,1,17,34,17,1,633,633,633,633,633,31,1,1,36,0,0,0,0,0,0,0,0,1776,0,1800,0,0,"4,331",5,36,323,323,323,"12,780","1,786",0,63,651,40,651,4,0,0,0,"6,017",1,654,58,"4,416",0,0,0,0,0,462,"103,118","162,018",636,636,146,591,1803,36,36,36,36,36,36,36,20,659,0,0,386,0,0,0,0,0,0,72,47,0,3,13,0,13,0,312,2039,2039,2039,251,193,4567,46,0,1,220,0,1,7,0,0,39,39,45,50,50,50,72,4,1,0,0,82263,2,161325,0,0,0,11,0,222,0,261,648,387,3,3,0,1,20,20,20,0,0,0,0,4,4,1,4,651,1,0,0,0,0,0,0,36,2,1777,1777,171,1777,1777,1,29,8362,8363,8363,43,8363,150,0,0,0,0,40,26,0,0,30,0,15
Campinas,3300794,World Population Review,10/27/2020,123362,3,8,0,5,0,41,20,57,57,20,37,0,0,57,157,188,46,57,37,0,0,0,4,0,0,1,0,0,0,0,38,1,156,101,0,0,4280,4280,2342,1,0,0,1213,3,0,0,1611,1611,0,0,0,0,0,0,19,14,1188,1138,1138,1142,17,0,0,0,0,0,0,0,0,0,0,0,0,0,0,0,0,0,0,0,0,0,0,0,0,1,0,0,0,0,1,1,1,1,20,18,0,0,122,122,137,125,125,108,179,1611,4218,57,1,0,0,0,0,0,0,0,0,0,0,0,0,0,0,592,0,65,3334,4,3354,0,0,1166,4,1213,48,1167,1152,2052,2053,1,4,9,4,8,1253,1256,"1,256",1256,1256,125,8,8,145,0,0,0,0,0,0,0,0,1109,0,1665,0,0,"4,318",15,8,949,949,949,"5,215","1,608",0,107,"1,277",73,"1,277",1,0,0,0,"1,896",8,"1,291",134,"4,542",0,0,0,0,0,482,"2,059","2,060","1,278","1,278",202,1178,1508,9,9,9,9,9,9,9,41,1287,0,0,1155,0,0,0,0,0,0,7,79,2,7,20,0,1,1,181,1943,1943,1942,281,148,4615,173,0,4,1,0,0,18,0,0,72,72,89,98,98,98,12,8,0,0,1,1742,1,2026,0,0,0,5,0,1,0,65,1223,1158,8,8,2,0,42,42,42,0,0,0,0,7,7,0,8,1285,0,0,0,0,0,0,0,10,0,1464,1464,268,1464,1464,0,125,1596,1596,1596,79,1597,242,0,0,0,0,11,74,0,0,14,0,1
Campo Grande,896864,World Population Review,10/27/2020,0,0,0,0,0,0,0,0,0,0,0,0,0,0,0,0,0,0,0,0,0,0,0,0,0,0,0,0,0,0,0,0,0,0,0,0,0,0,0,0,0,0,0,0,0,0,0,0,0,0,0,0,0,0,0,0,0,0,0,0,0,0,0,0,0,0,0,0,0,0,0,0,0,0,0,0,0,0,0,0,0,0,0,0,0,0,0,0,0,0,0,0,0,0,0,0,0,0,0,0,0,0,0,0,0,0,0,0,0,0,0,0,0,0,0,0,0,0,0,0,0,0,0,0,0,0,0,0,0,0,0,0,0,0,0,0,0,0,0,0,0,0,0,0,0,0,0,0,0,0,0,0,0,0,0,0,0,0,0,0,0,0,0,0,0,0,0,0,0,0,0,0,0,0,0,0,0,0,0,0,0,0,0,0,0,0,0,0,0,0,0,0,0,0,0,0,0,0,0,0,0,0,0,0,0,0,0,0,0,0,0,0,0,0,0,0,0,0,0,0,0,0,0,0,0,0,0,0,0,0,0,0,0,0,0,0,0,0,0,0,0,0,0,0,0,0,0,0,0,0,0,0,0,0,0,0,0,0,0,0,0,0,0,0,0,0,0,0,0,0,0,0,0,0,0,0,0,0,0,0,0,0,0,0,0,0,0,0,0,0,0,0,0,0,0,0,0,0,0,0,0,0,0,0,0,0,0,0,0,0,0,0,0,0,0,0,0
Central,7496981,Worldometers,10/27/2020,1023855,107,93,2,0,2,710,493,1386,1386,212,893,0,0,1387,182,1241,961,1387,894,0,0,0,87,0,0,14,0,0,0,0,177,2,178,96,0,0,13537,13540,94104,2,0,0,18070,110,2,0,9645,9647,2,2,2,2,2,0,534,186,4720,3326,3311,3361,186,0,0,0,0,0,0,0,1,1,1,1,1,0,7,1,1,1,1,1,1,1,1,1,1,10,1,1,1,0,9,9,10,9,192,1683,0,0,124,124,178,131,131,119,914,9672,17341,1393,17,0,0,0,0,0,0,0,4,4,4,4,4,4,4,1166,60,1128,11093,62,11919,0,0,3958,44,4222,301,3953,3620,1404,1674,11,51,130,51,8,18901,19197,"19,197",19195,19197,126,8,8,279,0,0,0,0,0,0,0,0,887,19,6769,0,0,"13,612","1,178",130,"1,733","1,733","1,733","20,037","6,490",1,"3,527","20,890","1,080","20,890",50,0,0,0,"85,947",8,"21,232",459,"15,208",0,0,0,0,0,"15,414","1,412","1,683","19,637","19,638","5,502",18245,23090,150,150,150,150,150,150,150,1255,21240,2,2,3938,0,0,0,0,0,2,184,1570,9,23,903,0,35,4,1186,7799,7800,7800,1057,590,15683,1404,0,4,156,0,0,89,0,0,1571,1571,2879,3025,3025,3025,20,68,9,0,5,1526,9,1682,0,0,0,38,0,159,0,851,4772,3921,88,88,6,0,1266,1266,1266,0,0,0,0,61,61,4,66,21160,0,0,0,0,0,0,0,152,2,22687,22687,4080,22684,22681,39,125,27156,27156,27157,2636,27158,2057,0,0,0,0,161,292,0,0,145,4,26
Charlotte,905318,World Population Review,10/27/2020,77766,11,8,1,0,1,14,11,15,15,5,4,0,0,15,14,29,8,15,4,0,0,0,7,0,0,2,0,0,0,0,4,1,14,8,0,0,1323,1323,2008,1,0,0,690,11,0,0,1258,1258,1,1,1,1,1,0,1,1,159,113,97,113,2,0,0,0,0,0,0,0,1,1,1,0,0,0,0,0,0,0,0,0,0,0,0,0,0,0,0,0,0,0,0,0,0,0,2,50,1,0,8,8,11,8,8,8,71,1258,1777,15,0,0,0,0,0,0,0,0,0,0,0,0,0,0,0,27,0,11,1175,246,1234,0,0,121,16,142,35,121,121,1498,6321,1,4,9,4,0,689,689,689,689,689,9,0,0,13,0,0,0,0,0,0,0,0,1,0,771,0,0,"1,330",5,9,145,145,145,"2,236",763,0,30,706,9,705,1,0,0,0,"1,553",0,707,33,"1,373",0,0,0,0,0,606,"1,500","6,329",699,699,70,682,982,11,11,11,11,11,11,11,20,934,1,1,121,0,0,0,0,0,0,17,14,1,0,3,0,23,1,49,831,831,831,70,37,1400,29,0,0,45,0,0,3,0,0,260,260,269,275,275,275,10,1,0,0,0,4928,0,6317,0,0,0,4,0,45,0,36,140,104,8,8,0,0,20,20,20,0,0,0,0,1,1,1,1,700,0,0,0,0,0,0,0,12,0,974,974,293,974,974,8,10,1266,1266,1266,263,1266,284,0,0,0,0,12,16,0,0,6,0,0
Cleveland,1763000,MacroTrends,10/27/2020,15875,0,0,0,0,0,8,3,8,8,5,5,0,0,8,6,0,6,8,5,0,0,0,0,0,0,0,0,0,0,0,6,0,5,2,0,0,412,412,289,0,0,0,156,0,0,0,626,626,0,0,0,0,0,0,2,2,73,31,30,31,5,0,0,0,0,0,0,0,0,0,0,0,0,0,0,0,0,0,0,0,0,0,0,0,0,1,0,0,0,0,1,1,1,1,5,35,0,0,5,5,7,6,6,5,24,625,775,8,0,0,0,0,0,0,0,0,0,0,0,0,0,0,0,13,0,6,337,0,343,0,0,32,0,47,14,32,31,70,197,0,0,0,0,0,159,159,159,159,159,5,0,0,8,0,0,0,0,0,0,0,0,0,0,228,0,0,412,2,0,64,64,64,854,220,0,17,166,10,166,6,0,0,0,193,0,169,31,450,0,0,0,0,0,482,70,197,164,164,54,151,197,0,0,0,0,0,0,0,8,171,0,0,34,0,0,0,0,0,0,3,15,0,1,2,0,27,0,45,277,277,277,45,16,459,20,0,0,1,0,0,7,0,0,12,12,16,27,27,27,7,5,0,0,0,136,0,198,0,0,0,0,0,1,0,30,65,35,2,2,0,0,8,8,8,0,0,0,0,5,5,0,5,173,0,0,0,0,0,0,0,0,0,185,185,27,185,185,0,4,436,436,436,12,436,22,0,0,0,0,0,10,0,0,2,0,1
Colorado Springs,668000,MacroTrends,10/27/2020,0,0,0,0,0,0,0,0,0,0,0,0,0,0,0,0,0,0,0,0,0,0,0,0,0,0,0,0,0,0,0,0,0,0,0,0,0,0,0,0,0,0,0,0,0,0,0,0,0,0,0,0,0,0,0,0,0,0,0,0,0,0,0,0,0,0,0,0,0,0,0,0,0,0,0,0,0,0,0,0,0,0,0,0,0,0,0,0,0,0,0,0,0,0,0,0,0,0,0,0,0,0,0,0,0,0,0,0,0,0,0,0,0,0,0,0,0,0,0,0,0,0,0,0,0,0,0,0,0,0,0,0,0,0,0,0,0,0,0,0,0,0,0,0,0,0,0,0,0,0,0,0,0,0,0,0,0,0,0,0,0,0,0,0,0,0,0,0,0,0,0,0,0,0,0,0,0,0,0,0,0,0,0,0,0,0,0,0,0,0,0,0,0,0,0,0,0,0,0,0,0,0,0,0,0,0,0,0,0,0,0,0,0,0,0,0,0,0,0,0,0,0,0,0,0,0,0,0,0,0,0,0,0,0,0,0,0,0,0,0,0,0,0,0,0,0,0,0,0,0,0,0,0,0,0,0,0,0,0,0,0,0,0,0,0,0,0,0,0,0,0,0,0,0,0,0,0,0,0,0,0,0,0,0,0,0,0,0,0,0,0,0,0,0,0,0,0,0,0,0,0,0,0,0,0,0,0,0,0,0,0,0,0,0,0,0,0
Columbus,922223,World Population Review,10/27/2020,2200751,67,158,12,0,0,675,255,1363,1363,101,1108,0,0,1363,1651,352,2279,1364,1109,0,0,12,111,12,12,61,12,12,12,12,63,17,"1,649",486,0,0,69347,69347,123862,17,0,0,14397,70,15,0,22526,22527,0,0,0,0,0,0,191,122,13383,13435,13430,13498,84,6,6,6,6,6,6,6,0,0,0,0,0,0,10,6,6,6,6,6,6,6,0,0,15,51,16,15,15,0,45,45,45,45,126,79,3,0,508,508,538,535,535,520,2461,22562,32644,1367,45,0,0,0,0,0,0,0,3,3,3,3,3,3,3,243,4,8692,30577,87,35575,0,0,13769,68,15065,1349,13769,13682,12423,12429,139,86,401,86,36,17402,17587,"17,589",17590,17591,537,36,36,557,0,0,0,0,0,0,0,0,171,61,61952,0,0,"69,524",352,451,"37,094","37,094","37,095","74,931","60,067",24,"7,775","20,159","3,027","20,160",57,0,0,0,"123,033",36,"22,442","3,169","76,041",0,0,0,0,0,"1,267","12,457","12,462","22,033","22,034","11,200",12670,30893,629,629,629,629,629,629,629,553,22993,0,0,13772,0,0,0,0,0,8,39,4904,91,67,1307,0,23,79,4413,67818,67820,67822,5910,2747,78511,619,0,31,46,0,0,425,0,0,4493,4493,6692,7702,7701,7701,38,343,6,0,86,4515,1,12374,0,0,0,41,0,51,0,1470,15247,13777,6,7,6,0,558,558,558,0,0,0,0,272,272,98,329,22449,0,0,0,0,0,0,0,633,28,27353,27356,14573,27359,27364,38,534,29946,29948,29949,4358,29950,12346,0,0,0,0,701,31,1,1,90,5,26
Comilla,588772,World Population Review,10/27/2020,3203,0,0,0,0,0,0,0,0,0,0,0,0,0,0,0,0,0,0,0,0,0,0,0,0,0,0,0,0,0,0,0,0,0,0,0,0,35,35,16,0,0,0,89,0,0,0,89,89,0,0,0,0,0,0,1,0,10,9,9,9,0,0,0,0,0,0,0,0,0,0,0,0,0,0,0,0,0,0,0,0,0,0,0,0,0,0,0,0,0,0,0,0,0,0,0,0,0,0,0,0,0,0,0,0,3,89,104,0,0,0,0,0,0,0,0,0,0,0,0,0,0,0,0,0,0,0,23,1,32,0,0,9,0,10,1,9,9,1,1,0,0,0,0,0,89,89,89,89,89,0,0,0,0,0,0,0,0,0,0,0,0,0,0,20,0,0,36,2,0,3,3,3,118,20,0,8,91,6,91,1,0,0,0,13,0,91,3,39,0,0,0,0,0,4,1,1,90,90,10,84,93,0,0,0,0,0,0,0,0,92,0,0,8,0,0,0,0,0,0,0,6,0,0,0,0,0,0,3,21,21,21,3,0,37,3,0,0,0,0,0,0,0,0,6,6,8,8,8,8,0,0,0,0,0,0,0,1,0,0,0,0,0,0,0,1,9,8,0,0,0,0,0,0,0,0,0,0,0,0,0,0,0,92,0,0,0,0,0,0,0,0,0,93,93,9,93,93,0,0,96,96,96,8,96,7,0,0,0,0,0,3,0,0,0,0,1
Dallas,1382270,World Population Review,10/27/2020,768830,305,255,10,0,0,134,81,165,165,74,84,0,0,165,688,268,137,165,84,0,0,5,197,5,5,62,5,5,5,5,351,8,676,233,10,10,23445,23443,27897,8,0,0,5658,311,3,0,18572,18567,0,0,0,0,0,0,49,36,3570,2827,2827,2847,42,3,3,3,3,3,3,3,0,0,0,1,1,0,2,7,7,7,7,7,7,7,1,1,1,22,1,1,1,0,25,25,26,25,44,841,1,0,466,466,567,486,486,409,3809,18555,28086,165,3,0,0,0,0,0,0,0,6,6,6,6,6,6,6,1159,2,208,18245,8,18646,0,0,2903,19,3090,212,2900,2856,20118,20690,24,166,321,166,26,5914,5935,"5,935",5934,5934,474,26,26,596,0,0,0,0,0,0,0,0,78,2,13212,0,0,"23,324",165,323,"4,834","4,834","4,834","33,251","12,893",7,"1,508","7,078",191,"7,079",81,0,0,0,"17,726",26,"7,134",451,"24,184",0,0,0,0,0,"1,334","20,142","20,714","6,928","6,929","2,006",6517,7765,360,360,360,361,361,360,360,134,7211,0,0,2864,0,0,0,0,0,9,303,294,11,45,98,0,44,2,667,15220,15217,15217,2114,1668,25556,242,0,14,3778,0,10,190,0,0,449,449,662,723,723,723,22,120,0,0,6,14167,13,20524,0,0,0,352,1,3815,0,286,3113,2828,11,11,22,10,133,133,133,0,0,0,0,108,108,11,115,7103,10,0,0,0,0,0,0,359,14,7568,7568,974,7566,7566,2,455,9326,9326,9327,601,9330,694,0,0,0,0,384,64,0,0,194,7,15
Delhi,30290936,World Population Review,10/27/2020,66197,2,9,1,0,0,54,18,55,55,37,37,0,0,55,70,10,41,55,37,0,0,0,9,0,0,1,0,0,0,0,26,0,68,27,0,0,1670,1670,2124,0,0,0,913,2,0,0,1185,1185,0,0,0,0,0,0,36,22,451,358,357,364,36,1,1,1,1,1,1,1,0,0,0,1,1,0,0,0,0,0,0,0,0,0,1,1,1,5,1,1,1,0,4,4,5,4,37,53,0,0,40,40,52,42,42,32,64,1184,2045,57,0,0,0,0,0,0,0,0,0,0,0,0,0,0,0,224,1,59,1298,6,1331,0,0,388,7,478,98,388,371,33,33,0,6,11,6,0,971,977,977,977,977,40,0,0,54,0,0,0,0,0,0,0,0,6,1,829,0,0,"1,671",80,13,353,352,352,"2,442",797,0,200,"1,116",49,"1,116",332,0,0,0,"1,677",0,"1,126",85,"1,820",0,0,0,0,0,"1,131",34,34,"1,042","1,042",327,973,1226,13,13,13,13,13,13,13,28,1127,0,0,386,0,0,0,0,0,0,0,83,6,9,33,0,4,1,200,970,970,970,131,46,1866,228,0,0,15,0,0,21,0,0,42,42,222,230,230,230,5,18,1,0,0,28,2,36,0,0,0,4,0,15,0,135,521,385,4,4,0,0,28,28,28,0,0,0,0,18,18,0,18,1128,0,0,0,0,0,0,0,13,1,1197,1197,199,1197,1198,2,37,1332,1332,1333,121,1332,113,0,0,0,0,14,205,0,0,36,0,31
Eindhoven,359000,MacroTrends,10/27/2020,154773,91,11,0,0,1,24,10,30,30,14,20,0,0,30,84,35,26,30,20,0,0,0,8,0,0,1,0,0,0,0,18,0,83,38,2,2,7372,7373,4729,0,0,0,524,95,0,0,2670,2671,1,1,1,1,1,0,8,5,1599,1853,1853,1856,11,0,0,0,0,0,0,0,0,0,0,0,0,0,1,0,0,0,0,0,0,0,1,1,1,3,2,1,1,0,3,3,4,4,12,21,0,0,43,42,46,48,48,43,697,2692,6034,32,2,0,0,0,0,0,0,0,0,0,0,0,0,0,0,32,0,50,5642,2,5709,0,0,1892,3,1917,30,1893,1882,52,53,5,6,21,6,9,636,647,647,647,647,47,9,9,56,0,0,0,0,0,0,0,0,4,1,3823,0,0,"7,429",40,25,"1,711","1,711","1,711","7,842","3,795",0,161,698,59,698,8,0,0,0,"4,542",10,721,92,"7,593",0,0,0,0,0,279,52,53,671,671,277,551,927,30,30,30,30,30,30,30,81,755,1,1,1927,0,0,0,0,0,2,29,104,5,8,31,0,14,2,114,4532,4532,4532,657,564,8210,19,0,8,840,0,2,40,0,0,168,168,217,235,235,235,5,33,0,0,2,50,2,55,0,0,0,90,0,841,0,34,1963,1931,2,2,0,2,81,81,81,0,0,0,0,31,31,0,32,744,2,0,0,0,0,0,0,29,1,877,877,290,877,877,4,50,1036,1036,1036,199,1036,212,0,0,0,0,34,3,0,0,5,0,0
Ekaterinburg,1503812,World Population Review,10/27/2020,16699,9,2,0,0,0,3,0,4,4,2,4,0,0,4,10,16,4,4,4,0,0,0,2,0,0,1,0,0,0,0,3,0,10,8,0,0,339,339,753,0,0,0,299,9,0,0,540,540,0,0,0,0,0,0,7,5,117,48,47,50,2,0,0,0,0,0,0,0,0,0,0,0,0,0,0,0,0,0,0,0,0,0,0,0,0,3,1,1,1,0,3,3,3,3,2,10,0,0,8,8,11,8,8,8,50,531,631,4,0,0,0,0,0,0,0,0,0,0,0,0,0,0,0,159,0,6,274,0,276,0,0,49,3,51,6,48,47,11,11,0,2,3,2,0,293,293,293,293,293,8,0,0,11,0,0,0,0,0,0,0,0,3,0,152,0,0,326,3,3,58,58,58,673,146,0,12,302,3,301,2,0,0,0,667,0,301,10,344,0,0,0,0,0,575,11,11,293,293,26,285,309,3,3,3,3,3,3,3,5,292,0,0,48,0,0,0,0,0,0,9,6,1,3,2,0,2,1,13,190,190,190,33,24,358,106,0,0,0,0,0,6,0,0,6,6,8,11,11,11,2,4,0,0,0,7,0,10,0,0,0,4,0,0,0,10,54,44,0,0,0,0,5,5,5,0,0,0,0,4,4,0,4,288,0,0,0,0,0,0,0,4,0,296,296,14,295,295,0,7,309,309,309,8,310,11,0,0,0,0,5,63,0,0,1,0,21
Fortaleza,4073465,World Population Review,10/27/2020,120807,6,2,0,0,0,9,5,14,14,1,9,0,0,14,103,14,9,14,9,0,0,0,1,0,0,0,0,0,0,0,29,0,90,73,0,0,3158,3158,1298,0,0,0,2452,6,0,0,4642,4642,0,0,0,0,0,0,10,9,240,122,119,125,1,0,0,0,0,0,0,0,0,0,0,0,0,0,0,0,0,0,0,0,0,0,0,0,0,0,0,0,0,0,0,0,0,0,4,20,0,0,73,73,99,92,92,75,1296,4655,"5,114",14,1,0,0,0,0,0,0,0,0,0,0,0,0,0,0,12,0,10,3031,37,"3,045",0,0,133,6,148,21,134,127,16,16,1,1,2,1,29,2468,"2,469","2,469",2469,2469,79,29,29,106,0,0,0,0,0,0,0,0,1,0,1630,0,0,"3,179",4,1,126,126,126,"5,305","1,606",0,21,"2,478",13,"2,478",4,0,0,0,"1,192",29,"2,481",12,"3,219",0,0,0,0,0,626,16,16,"2,478","2,478",46,2462,2520,3,3,3,3,3,3,3,11,2474,0,0,135,0,0,0,0,0,0,0,17,0,0,3,0,1,0,23,1720,1720,1720,87,76,3276,147,0,26,7,0,0,1,0,0,15,15,22,27,27,27,1,0,0,0,0,11,0,16,0,0,0,3,0,7,0,23,155,132,6,6,0,0,11,11,11,0,0,0,0,0,0,0,0,2479,0,0,0,0,0,0,0,3,0,2503,2504,36,2504,2504,0,79,2515,2515,2515,18,2515,26,0,0,0,0,3,37,0,0,21,0,3
Frankfurt am Main,777156,World Population Review,10/27/2020,9,0,0,0,0,0,0,0,0,0,0,0,0,0,0,0,0,0,0,0,0,0,0,0,0,0,0,0,0,0,0,0,0,0,0,0,0,1,1,0,0,0,0,0,0,0,0,0,0,0,0,0,0,0,0,0,0,0,0,0,0,0,0,0,0,0,0,0,0,0,0,0,0,0,0,0,0,0,0,0,0,0,0,0,0,0,0,0,0,0,0,0,0,0,0,0,0,0,0,0,0,0,0,0,0,0,0,1,0,0,0,0,0,0,0,0,0,0,0,0,0,0,0,0,0,0,0,1,0,1,0,0,0,0,0,0,0,0,0,0,0,0,0,0,0,0,0,0,0,0,0,0,0,0,0,0,0,0,0,0,0,0,0,0,0,0,0,1,0,0,0,0,0,1,0,0,0,0,0,0,0,0,0,0,0,0,0,0,1,0,0,0,0,0,0,0,0,0,0,0,0,0,0,0,0,0,0,0,0,0,0,0,0,0,0,0,0,0,0,0,0,0,0,0,0,0,0,0,0,0,0,0,0,0,1,0,0,0,0,0,0,0,0,0,0,0,0,0,0,0,0,0,0,0,0,0,0,0,0,0,0,0,0,0,0,0,0,0,0,0,0,0,0,0,0,0,0,0,0,0,0,0,0,0,0,0,0,0,0,0,0,0,0,0,0,0,0,0,0,0,0,0,0,0,0,0,0,0,0,0,0,0,0,0,0,0,0
Hamilton,766688,World Population Review,10/27/2020,258740,4,1,0,0,0,12,3,12,12,9,9,0,0,12,11,5,10,12,9,0,0,0,1,0,0,0,0,0,0,0,7,0,11,9,0,0,526,525,1354,0,0,0,10555,4,0,0,407,407,0,0,0,0,0,0,3,2,109,68,69,71,9,0,0,0,0,0,0,0,0,0,0,0,0,0,0,0,0,0,0,0,0,0,0,0,0,1,0,0,0,0,1,1,1,1,9,32,0,0,8,8,8,8,8,8,46,408,665,12,0,0,0,0,0,0,0,0,0,0,0,0,0,0,0,10,0,9,433,0,448,0,0,75,2,109,21,75,73,236,236,0,0,1,0,0,10567,10568,"10,568",10569,10569,8,0,0,15,0,0,0,0,0,0,0,0,2,0,253,0,0,526,8,1,86,86,86,764,239,0,33,"10,580",10,"10,578",13,0,0,0,"1,230",0,"10,578",29,576,0,0,0,0,0,"1,082",236,236,"10,564","10,564",81,10552,10599,1,1,1,1,1,1,1,47,10546,0,0,89,0,0,0,0,0,0,10,16,0,1,6,0,17,0,47,365,365,365,116,87,655,33,0,0,16,0,0,7,0,0,13,13,22,29,29,29,15,7,0,0,2,233,0,236,0,0,0,3,0,16,0,22,108,86,3,3,0,0,47,47,47,0,0,0,0,6,6,0,6,10543,0,0,0,0,0,0,0,1,2,10561,10561,34,10558,10559,0,8,10592,10590,10590,22,10589,22,0,0,0,0,5,11,0,0,0,0,2
Hefei,4241514,World Population Review,10/27/2020,37832,0,0,0,0,0,34,11,36,36,2,25,0,0,36,17,8,28,36,25,0,0,0,0,0,0,0,0,0,0,0,12,0,16,9,0,0,199,199,5997,0,0,0,633,0,0,0,247,247,0,0,0,0,0,0,37,13,92,64,64,64,2,0,0,0,0,0,0,0,0,0,0,0,0,0,0,0,0,0,0,0,0,0,0,0,0,0,0,0,0,0,0,0,0,0,2,128,0,0,10,10,18,14,14,13,12,247,347,36,0,0,0,0,0,0,0,0,0,0,0,0,0,0,0,21,0,25,171,2,187,0,0,69,0,71,5,69,65,68,68,0,0,0,0,3,682,685,685,685,685,13,3,3,22,0,0,0,0,0,0,0,0,0,22,113,0,0,200,7,0,13,13,13,378,103,0,175,695,124,695,14,0,0,0,"4,639",3,698,6,218,0,0,0,0,0,403,68,68,684,684,328,520,859,0,0,0,0,0,0,0,6,734,0,0,69,0,0,0,0,0,0,0,131,0,0,4,0,0,0,23,135,135,135,18,12,229,1223,0,2,0,0,0,0,0,0,205,205,221,229,229,229,0,0,0,0,0,64,0,66,0,0,0,1,0,0,0,22,87,65,0,0,1,0,6,6,6,0,0,0,0,0,0,0,0,700,0,0,0,0,0,0,0,0,0,854,854,218,854,854,0,11,867,867,867,212,868,188,0,0,0,0,0,1,0,0,48,0,1
Herning,50332,citypopulation.de,10/27/2020,3036,0,1,0,0,0,8,1,8,8,8,7,0,0,8,0,0,7,8,7,0,0,0,1,0,0,0,0,0,0,0,0,0,0,0,1,1,92,92,75,0,0,0,33,0,0,0,90,90,0,0,0,0,0,0,3,2,14,9,9,9,7,0,0,0,0,0,0,0,0,0,0,0,0,0,0,0,0,0,0,0,0,0,0,0,0,0,0,0,0,0,1,1,1,1,7,8,0,0,0,0,0,0,0,0,25,89,117,9,0,0,0,0,0,0,0,0,0,0,0,0,0,0,0,3,0,8,73,2,77,0,0,10,0,11,1,10,9,0,0,0,1,1,1,0,35,35,35,35,36,0,0,0,0,0,0,0,0,0,0,0,0,0,0,56,0,0,90,1,1,16,16,16,139,54,0,11,39,8,39,0,0,0,0,60,0,39,3,96,0,0,0,0,0,35,0,0,37,37,15,29,43,1,1,1,1,1,1,1,2,39,0,0,9,0,0,0,0,0,0,0,10,1,1,1,0,2,1,5,69,69,69,15,12,106,3,0,0,0,0,1,2,0,0,1,1,2,2,2,2,0,2,0,0,0,0,0,0,0,0,0,2,0,0,0,3,12,9,1,1,0,1,2,2,2,0,0,0,0,2,2,1,2,39,1,0,0,0,0,0,0,1,0,43,43,11,43,43,0,0,50,50,50,2,50,10,0,0,0,0,1,0,0,0,0,0,0
Houston,2340890,World Population Review,10/27/2020,86472,7,11,0,0,0,31,18,37,37,14,19,0,0,37,47,18,20,37,19,0,0,0,10,0,0,1,0,0,0,0,13,0,47,21,1,1,2232,2232,2239,0,0,0,1115,7,0,0,2414,2415,0,0,0,0,0,0,5,3,360,196,193,199,13,0,0,0,0,0,0,0,0,0,0,0,0,0,0,0,0,0,0,0,0,0,0,0,0,2,0,0,0,0,2,2,2,2,14,143,1,0,28,28,30,28,28,25,101,2417,4002,39,0,0,0,0,0,0,0,0,0,0,0,0,0,0,0,477,0,38,1901,3,1956,0,0,216,6,295,77,216,205,1225,"1,225",0,5,11,5,2,1142,"1,144","1,144",1144,1144,28,2,2,34,0,0,0,0,0,0,0,0,71,1,641,0,0,"2,231",27,11,286,286,286,"4,360",616,1,79,"1,186",33,"1,186",43,0,0,0,"1,543",2,"1,193",48,"2,334",0,0,0,0,0,"1,577","1,227","1,227","1,155","1,155",193,1106,1261,13,13,13,13,13,13,13,23,1191,0,0,220,0,0,0,0,0,0,24,46,0,2,26,0,99,0,125,1292,1292,1292,649,601,2913,98,0,2,130,0,1,10,0,0,39,39,74,79,79,79,23,7,1,0,6,1091,0,1224,0,0,0,19,0,131,0,88,306,218,24,24,0,1,23,23,23,0,0,0,0,7,7,0,7,1187,1,0,0,0,0,0,0,13,2,1238,1238,108,1238,1238,1,30,1565,1565,1565,67,1565,69,0,0,0,0,16,13,0,0,9,0,0
Incheon,2801039,World Population Review,10/27/2020,731169,8,61,3,0,0,521,203,687,687,225,484,0,0,687,266,209,655,688,484,0,0,0,48,0,0,22,0,0,0,0,156,1,261,109,0,0,14473,14474,30752,1,0,0,12402,8,0,0,6703,6702,0,0,0,0,0,0,43,28,4397,3719,3707,3736,195,2,2,2,2,2,2,2,0,0,0,0,0,0,2,1,1,1,1,1,1,1,0,0,0,0,0,0,0,0,0,0,0,0,223,103,7,0,131,131,143,136,136,122,437,6710,11119,691,44,0,0,0,0,0,0,0,3,3,3,3,3,3,3,404,5,1551,8812,63,10705,0,0,3800,28,4580,808,3800,3778,328,328,16,37,84,37,14,12993,13070,"13,070",13070,13070,131,14,14,277,0,0,0,0,0,0,0,0,71,12,11008,0,0,"14,528",113,89,"5,148","5,149","5,149","18,272","10,360",7,"2,498","14,497",802,"14,501",8,0,0,0,"29,853",14,"15,015",751,"16,735",0,0,0,0,0,"5,401",328,328,"14,781","14,783","3,765",12874,17728,115,115,115,115,115,115,115,92,15011,0,0,3806,0,0,0,0,0,3,32,1021,4,0,685,0,1,4,1501,12571,12571,12571,1463,716,17371,527,0,5,9,0,0,11,0,0,1518,1518,2288,2433,2433,2433,10,9,1,0,8,260,1,329,0,0,0,6,0,9,0,811,4596,3785,0,0,0,0,92,92,92,0,0,0,0,6,6,6,9,14916,0,0,0,0,0,0,0,117,11,16584,16586,3591,16593,16592,16,131,17590,17591,17590,1486,17592,2919,0,0,0,0,141,18,0,0,118,4,15
Indianapolis,875929,World Population Review,10/27/2020,26356,0,2,0,0,0,4,0,4,4,3,4,0,0,4,3,3,6,4,4,0,0,1,2,1,1,1,1,1,1,1,1,0,2,2,0,0,521,521,10065,0,0,0,175,0,0,0,460,460,0,0,0,0,0,0,6,6,67,49,49,49,2,0,0,0,0,0,0,0,0,0,0,0,0,0,0,0,0,0,0,0,0,0,0,0,0,1,0,0,0,0,1,1,1,1,2,50,0,0,2,2,2,2,2,2,38,461,604,4,0,0,0,0,0,0,0,0,0,0,0,0,0,0,0,14,0,6,424,0,437,0,0,60,0,78,19,60,49,18,265,0,1,2,1,0,176,177,177,177,177,2,0,0,3,0,0,0,0,0,0,0,0,0,0,381,0,0,525,5,2,89,89,89,705,370,0,21,187,6,187,4,0,0,0,332,0,188,14,568,0,0,0,0,0,426,18,264,184,184,40,173,198,2,2,2,2,2,2,2,34,187,0,0,61,0,0,0,0,0,0,3,9,1,2,20,0,24,0,31,415,415,415,37,25,589,21,0,0,0,0,0,5,0,0,9,9,14,14,14,14,4,4,1,0,0,265,0,265,0,0,0,0,0,0,0,21,83,62,7,7,0,0,34,34,34,0,0,0,0,4,4,0,4,188,0,0,0,0,0,0,0,2,0,195,195,19,195,195,0,2,218,218,218,13,218,13,0,0,0,0,4,10,0,0,0,0,0
Jacksonville,926371,World Population Review,10/27/2020,17015,0,2,0,0,0,3,3,5,5,2,2,0,0,5,6,3,4,5,2,0,0,0,1,0,0,0,0,0,0,0,3,0,6,5,0,0,431,432,531,0,0,0,225,0,0,0,351,351,0,0,0,0,0,0,4,2,65,45,42,47,0,0,0,0,0,0,0,0,0,0,0,0,0,0,0,0,0,0,0,0,0,0,0,0,0,0,0,0,0,0,0,0,0,0,0,22,0,0,5,5,6,5,5,5,25,350,480,5,0,0,0,0,0,0,0,0,0,0,0,0,0,0,0,9,0,6,347,0,358,0,0,53,5,71,21,53,51,247,248,1,1,3,1,0,232,232,231,231,231,5,0,0,8,0,0,0,0,0,0,0,0,1,0,291,0,0,430,3,3,74,74,74,568,284,0,20,242,7,242,5,0,0,0,419,0,244,9,453,0,0,0,0,0,646,247,248,235,235,50,219,260,4,4,4,4,4,4,4,4,244,0,0,55,0,0,0,0,0,1,2,11,1,0,2,0,15,1,23,340,340,340,46,39,486,26,0,0,1,0,0,2,0,0,17,17,20,21,21,21,12,2,0,0,0,246,3,246,0,0,0,0,0,1,0,22,74,52,3,3,0,0,4,4,4,0,0,0,0,2,2,1,2,241,0,0,0,0,0,0,0,4,0,260,260,27,260,260,0,5,276,276,276,19,276,21,0,0,0,0,4,11,0,0,1,0,2
Johannesburg,5782747,World Population Review,10/27/2020,531238,19,11,1,0,0,90,13,143,143,77,129,0,0,142,47,4067,132,142,129,0,0,0,11,0,0,1,0,0,0,0,13,0,47,14,2,2,4900,4901,32039,0,0,0,10918,20,0,0,2432,2432,0,0,0,0,0,0,69,8,1040,979,978,984,74,0,0,0,0,0,0,0,0,0,0,0,0,0,0,1,1,1,1,1,1,1,0,0,0,0,0,0,0,0,0,0,0,0,75,5394,0,0,21,21,25,21,21,17,143,"2,438","4,440",143,0,0,0,0,0,0,0,0,0,0,0,0,0,0,0,109,1,218,2787,7,4108,0,0,3984,6,4074,98,3988,3941,1943,1943,3,8,12,8,3,11290,11296,"11,298",11301,11303,21,3,3,29,0,0,0,0,0,0,0,0,8,0,3518,0,0,"4,918",51,12,818,818,818,"6,623","3,471",0,638,"11,823",135,"11,826",19,0,0,0,"28,908",3,"11,875",83,"5,762",0,0,0,0,0,"2,499","1,946","1,946","11,818","11,818","1,047",11552,15375,13,13,13,13,13,13,13,62,13532,0,0,4173,0,0,0,0,0,0,35,140,13,17,753,0,36,1,600,3757,3758,3758,264,181,5883,358,0,2,28,0,2,32,1,1,2857,2857,2918,3018,3018,3018,26,21,1,1,3,35,2,1950,1,0,1,17,0,28,0,535,4763,4228,2,2,0,2,65,65,65,1,1,1,1,20,20,2,21,11978,2,1,1,1,1,1,1,13,3,14118,14119,2371,14125,14126,3,23,18776,18774,18773,1932,18770,2282,1,1,1,1,23,121,0,0,17,0,7
Kansas City,505198,World Population Review,10/27/2020,44,0,0,0,0,0,0,0,0,0,0,0,0,0,0,0,0,0,0,0,0,0,0,0,0,0,0,0,0,0,0,0,0,0,0,0,0,2,2,0,0,0,0,0,0,0,0,0,0,0,0,0,0,0,0,0,0,0,0,0,0,0,0,0,0,0,0,0,0,0,0,0,0,0,0,0,0,0,0,0,0,0,0,0,0,0,0,0,0,0,0,0,0,0,0,0,0,0,0,0,0,0,0,0,0,0,0,0,0,0,0,0,0,0,0,0,0,0,0,0,0,0,0,0,0,0,0,0,0,0,0,0,0,0,0,0,0,0,0,0,0,0,0,0,0,0,0,0,0,0,0,0,0,0,0,0,0,0,0,0,0,0,0,0,2,0,0,2,0,0,2,2,2,2,2,0,0,0,0,0,0,0,0,0,0,0,0,0,3,0,0,0,0,0,0,0,0,0,0,0,0,1,0,0,0,0,0,0,0,0,0,0,0,0,0,0,0,0,0,0,0,0,0,0,0,0,0,0,0,3,3,3,0,0,3,0,0,0,0,0,0,0,0,0,0,0,0,0,0,0,0,0,0,0,0,0,0,0,0,0,0,0,0,0,0,0,0,0,0,0,0,0,0,0,0,0,0,0,0,0,0,0,0,0,0,0,0,0,0,0,0,0,0,1,1,1,1,1,0,0,1,1,1,0,1,1,0,0,0,0,0,0,0,0,0,0,0
Kaohsiung City,2783298,population.city,10/27/2020,0,0,0,0,0,0,0,0,0,0,0,0,0,0,0,0,0,0,0,0,0,0,0,0,0,0,0,0,0,0,0,0,0,0,0,0,0,0,0,0,0,0,0,0,0,0,0,0,0,0,0,0,0,0,0,0,0,0,0,0,0,0,0,0,0,0,0,0,0,0,0,0,0,0,0,0,0,0,0,0,0,0,0,0,0,0,0,0,0,0,0,0,0,0,0,0,0,0,0,0,0,0,0,0,0,0,0,0,0,0,0,0,0,0,0,0,0,0,0,0,0,0,0,0,0,0,0,0,0,0,0,0,0,0,0,0,0,0,0,0,0,0,0,0,0,0,0,0,0,0,0,0,0,0,0,0,0,0,0,0,0,0,0,0,0,0,0,0,0,0,0,0,0,0,0,0,0,0,0,0,0,0,0,0,0,0,0,0,0,0,0,0,0,0,0,0,0,0,0,0,0,0,0,0,0,0,0,0,0,0,0,0,0,0,0,0,0,0,0,0,0,0,0,0,0,0,0,0,0,0,0,0,0,0,0,0,0,0,0,0,0,0,0,0,0,0,0,0,0,0,0,0,0,0,0,0,0,0,0,0,0,0,0,0,0,0,0,0,0,0,0,0,0,0,0,0,0,0,0,0,0,0,0,0,0,0,0,0,0,0,0,0,0,0,0,0,0,0,0,0,0,0,0,0,0,0,0,0,0,0,0,0,0,0,0,0,0
Kawaguchi,585776,population.city,10/27/2020,10985,2,27,0,0,0,5,0,6,6,3,6,0,0,6,3,1,7,6,6,0,0,1,26,1,1,1,1,1,1,1,3,1,2,1,53,53,128,128,140,1,0,0,119,2,0,0,324,324,0,0,0,0,0,0,3,0,153,23,23,23,3,0,0,0,0,0,0,0,0,0,0,0,0,0,0,0,0,0,0,0,0,0,0,0,0,0,0,0,0,0,0,0,0,0,3,6,0,0,1,1,4,2,2,1,18,326,414,6,0,0,0,0,0,0,0,0,0,0,0,0,0,0,0,12,1,7,110,2,117,0,0,26,0,28,1,26,23,38,38,1,19,33,19,0,124,124,124,124,124,1,0,0,4,0,0,0,0,0,0,0,0,0,0,50,0,0,127,1,32,8,8,8,437,47,0,18,134,7,134,1,0,0,0,88,0,133,12,147,0,0,0,0,0,350,38,38,106,106,36,99,319,34,34,34,34,34,34,34,6,130,0,0,28,0,0,0,0,0,0,0,9,0,0,2,0,0,0,13,83,83,83,26,14,167,2,0,0,0,0,52,0,0,0,212,212,213,213,213,213,0,0,0,0,0,37,0,38,0,0,0,0,0,0,0,2,31,29,0,0,0,52,6,6,6,0,0,0,0,0,0,0,0,131,52,0,0,0,0,0,0,34,0,136,136,9,136,136,0,1,345,345,345,210,345,9,0,0,0,0,35,138,0,0,2,0,2
Kazan,1272063,World Population Review,10/27/2020,52660,10,1,0,0,0,6,5,8,8,1,3,0,0,8,27,707,3,8,3,0,0,0,1,0,0,0,0,0,0,0,22,0,27,5,0,0,925,925,735,0,0,0,1371,12,0,0,1137,1137,0,0,0,0,0,0,12,8,120,88,88,88,1,0,0,0,0,0,0,0,0,0,0,0,0,0,0,0,0,0,0,0,0,0,0,0,0,3,1,1,1,0,3,3,3,3,1,13,0,0,22,22,26,23,23,18,43,1143,1812,9,0,0,0,0,0,0,0,0,0,0,0,0,0,0,0,23,0,3,840,0,843,0,0,89,0,89,1,90,89,21,21,0,1,1,1,1,1386,1386,"1,386",1386,1386,23,1,1,27,0,0,0,0,0,0,0,0,1,0,243,0,0,933,1,1,88,88,88,"1,909",236,0,16,"1,400",4,"1,400",1,0,0,0,296,1,"1,400",9,951,0,0,0,0,0,477,21,21,"1,406","1,406",53,1401,1447,1,1,1,1,1,1,1,5,1428,0,0,88,0,0,0,0,0,0,7,2,0,3,4,0,0,0,9,292,292,292,50,41,992,117,0,1,0,0,0,8,0,0,33,33,36,36,36,36,0,7,0,0,0,14,0,21,0,0,0,4,0,0,0,2,89,87,0,0,0,0,6,6,6,0,0,0,0,5,5,1,7,1419,0,0,0,0,0,0,0,1,0,1451,1451,39,1451,1451,0,21,1476,1476,1476,33,1476,32,0,0,0,0,1,191,0,0,4,0,37
Kolkata,14850066,World Population Review,10/27/2020,11914,0,2,0,0,0,8,7,8,8,1,1,0,0,8,18,0,1,8,1,0,0,0,1,0,0,0,0,0,0,0,10,0,16,6,0,0,249,249,314,0,0,0,176,0,0,0,223,223,0,0,0,0,0,0,9,5,66,44,44,45,1,0,0,0,0,0,0,0,0,0,0,0,0,0,0,0,0,0,0,0,0,0,0,0,0,1,0,0,0,0,1,1,1,1,1,18,0,0,9,9,17,14,14,9,9,224,372,8,0,0,0,0,0,0,0,0,0,0,0,0,0,0,0,31,0,1,202,3,204,0,0,54,1,64,11,54,47,7,8,1,1,2,1,3,208,214,214,214,214,12,3,3,18,0,0,0,0,0,0,0,0,0,0,116,0,0,248,20,2,47,47,47,421,106,0,31,237,1,237,219,0,0,0,211,3,236,15,282,0,0,0,0,0,147,7,8,216,216,117,215,245,3,3,3,3,3,3,3,7,236,0,0,56,0,0,0,0,0,0,0,32,0,1,10,0,1,0,27,149,149,149,32,18,304,72,0,1,0,0,0,2,0,0,5,5,25,26,26,26,0,2,0,0,0,2,0,8,0,0,0,0,0,0,0,18,73,55,2,2,0,0,7,7,7,0,0,0,0,2,2,0,2,239,0,0,0,0,0,0,0,3,0,246,246,25,246,246,0,11,258,258,258,25,258,6,0,0,0,0,3,44,0,0,14,0,6
Krasnodar,957214,World Population Review,10/27/2020,21217,18,3,0,0,0,8,6,14,14,2,8,1,1,14,24,3,11,14,8,0,1,0,2,0,0,0,0,0,0,0,17,0,22,9,0,0,610,610,684,0,0,0,203,22,0,0,615,615,0,0,0,0,0,0,26,20,118,86,85,88,2,0,0,0,0,0,0,0,0,0,0,0,0,0,0,0,0,0,0,0,0,0,0,0,0,2,0,0,0,0,2,2,2,2,3,19,0,0,14,14,26,17,17,14,125,616,829,15,0,1,0,1,0,0,0,0,0,0,0,0,0,0,0,34,3,19,506,4,514,0,0,93,3,98,6,93,89,15,15,1,1,5,1,1,223,225,225,225,225,15,1,1,27,1,1,1,1,1,1,1,1,7,0,364,0,0,613,10,5,100,100,100,945,334,0,49,246,18,246,1,1,1,1,484,1,253,20,667,1,0,0,0,0,362,15,15,234,234,91,203,278,6,6,6,6,6,6,6,47,258,0,0,92,0,0,0,0,0,2,59,26,0,2,6,0,4,0,24,447,447,447,71,50,722,150,0,0,1,0,0,8,0,0,49,49,62,62,62,62,0,4,0,0,0,13,1,16,0,0,0,3,0,1,0,9,100,91,0,0,0,0,47,47,47,0,0,0,0,4,4,0,4,260,0,0,0,0,0,0,0,6,1,277,277,68,277,277,8,14,340,340,340,53,340,55,0,0,0,0,8,214,0,0,4,0,36
Kyiv,2988000,MacroTrends,10/27/2020,202847,345,39,2,0,0,720,625,733,733,101,108,2,2,733,150,113,125,733,108,0,2,0,31,0,0,5,0,0,0,0,128,2,146,74,2,2,4712,4713,4693,2,0,1,3072,352,0,0,5661,5661,0,0,0,0,0,0,67,39,1233,735,725,739,81,0,0,0,0,0,0,0,2,2,2,0,0,0,4,0,0,0,0,0,0,0,0,0,0,13,0,0,0,0,13,13,13,13,82,56,0,0,91,91,196,104,104,96,482,5663,7709,730,2,2,1,2,1,2,1,1,0,0,0,0,0,0,0,147,4,154,"3,732",22,3993,2,2,799,10,854,64,797,750,368,371,8,31,44,31,13,3182,3187,"3,187",3187,3187,100,13,13,208,2,2,2,2,2,2,2,2,20,10,2471,2,2,"4,728",43,45,773,773,773,"8,779","2,357",1,281,"3,276",169,"3,276",16,2,2,2,"3,254",13,"3,302",138,"5,099",2,2,1,2,2,"3,115",370,373,"3,224","3,224","1,208",3007,3573,52,52,52,52,52,52,52,116,3318,0,0,796,2,2,2,2,2,1,538,192,1,18,86,1,13,0,205,3020,3020,3020,499,361,5436,733,0,8,104,0,2,50,3,2,175,175,325,351,351,351,33,33,0,3,4,344,17,385,3,0,2,106,0,115,0,86,884,798,19,19,0,2,116,116,116,3,3,3,3,30,30,0,31,3296,2,3,3,3,3,3,3,52,0,3477,3477,381,3476,3477,4,101,4324,4324,4323,203,4321,332,2,2,1,2,55,253,0,0,20,0,48
La Paz,1857797,World Population Review,10/27/2020,0,0,0,0,0,0,0,0,0,0,0,0,0,0,0,0,0,0,0,0,0,0,0,0,0,0,0,0,0,0,0,0,0,0,0,0,0,0,0,0,0,0,0,0,0,0,0,0,0,0,0,0,0,0,0,0,0,0,0,0,0,0,0,0,0,0,0,0,0,0,0,0,0,0,0,0,0,0,0,0,0,0,0,0,0,0,0,0,0,0,0,0,0,0,0,0,0,0,0,0,0,0,0,0,0,0,0,0,0,0,0,0,0,0,0,0,0,0,0,0,0,0,0,0,0,0,0,0,0,0,0,0,0,0,0,0,0,0,0,0,0,0,0,0,0,0,0,0,0,0,0,0,0,0,0,0,0,0,0,0,0,0,0,0,0,0,0,0,0,0,0,0,0,0,0,0,0,0,0,0,0,0,0,0,0,0,0,0,0,0,0,0,0,0,0,0,0,0,0,0,0,0,0,0,0,0,0,0,0,0,0,0,0,0,0,0,0,0,0,0,0,0,0,0,0,0,0,0,0,0,0,0,0,0,0,0,0,0,0,0,0,0,0,0,0,0,0,0,0,0,0,0,0,0,0,0,0,0,0,0,0,0,0,0,0,0,0,0,0,0,0,0,0,0,0,0,0,0,0,0,0,0,0,0,0,0,0,0,0,0,0,0,0,0,0,0,0,0,0,0,0,0,0,0,0,0,0,0,0,0,0,0,0,0,0,0,0
Las Vegas,662000,World Population Review,10/27/2020,7,0,0,0,0,0,0,0,0,0,0,0,0,0,0,0,0,0,0,0,0,0,0,0,0,0,0,0,0,0,0,0,0,0,0,0,0,0,0,0,0,0,0,0,0,0,0,0,0,0,0,0,0,0,0,0,0,0,0,0,0,0,0,0,0,0,0,0,0,0,0,0,0,0,0,0,0,0,0,0,0,0,0,0,0,0,0,0,0,0,0,0,0,0,0,0,0,0,0,0,0,0,0,0,0,0,0,0,0,0,0,0,0,0,0,0,0,0,0,0,0,0,0,0,0,0,0,0,0,0,0,0,0,0,0,0,0,0,1,1,0,0,0,0,0,0,0,0,0,0,0,0,0,0,0,0,0,0,0,0,0,0,1,0,0,0,0,0,0,0,0,0,0,0,0,0,0,0,0,0,0,0,0,0,0,0,0,0,0,0,0,0,0,0,0,1,1,0,0,0,0,0,0,0,0,0,0,0,0,0,0,0,0,0,0,0,0,0,0,0,0,0,0,0,0,0,0,0,0,0,0,0,0,0,0,0,0,0,0,0,0,0,0,0,0,0,0,0,0,0,0,0,0,0,0,1,0,1,0,0,0,0,0,0,0,0,0,0,0,0,0,0,0,0,0,0,0,0,0,0,0,0,0,0,0,0,0,0,0,0,0,0,0,0,0,0,0,0,0,0,0,0,0,0,0,0,0,0,0,0,0,0,0,0,0,0,0
Leeds,798825,population.city,10/27/2020,68795,17,43,2,0,0,23,14,24,24,8,10,0,0,24,10,33,13,24,10,0,0,0,41,0,0,7,0,0,0,0,20,0,9,3,0,0,1079,1079,4508,0,0,0,505,17,0,0,1421,1420,0,0,0,0,0,0,7,5,480,176,174,177,7,0,0,0,0,0,1,1,0,0,0,0,0,0,1,2,2,2,2,2,2,2,0,0,0,6,0,0,0,0,6,6,6,6,7,40,0,0,8,8,11,9,9,5,97,1427,2012,25,0,0,0,0,0,0,0,0,0,0,0,0,0,0,0,82,0,26,896,2,949,0,0,178,3,180,5,178,177,20,21,4,31,54,31,0,543,544,544,544,545,8,0,0,23,0,0,0,0,0,0,0,0,2,1,487,0,0,"1,088",12,51,181,181,181,"2,252",473,1,65,578,21,578,3,0,0,0,"1,689",0,581,"3,221","4,335",0,0,0,0,0,928,20,21,566,565,140,529,769,60,60,60,60,60,60,60,11,594,0,0,177,0,0,0,0,0,0,47,38,0,8,9,0,27,0,2295,2865,2864,2864,2373,79,3482,201,0,0,481,0,0,31,0,0,61,61,75,118,118,118,8,20,0,0,0,19,2,23,0,0,0,368,0,484,0,8,187,179,0,0,0,0,12,12,12,0,0,0,0,19,19,0,20,587,0,0,0,0,0,0,0,61,4,715,714,141,714,709,0,8,959,958,958,58,959,136,0,0,0,0,67,5,0,0,6,0,1
Leipzig,591052,World Population Review,10/27/2020,24763,4,3,1,0,4,6,4,7,7,3,3,0,0,7,13,9,3,7,3,0,0,0,3,0,0,1,0,0,0,0,9,0,11,3,0,0,939,939,362,0,0,0,212,4,0,0,805,805,4,4,4,4,4,0,9,7,103,57,57,57,2,0,0,0,0,0,0,0,0,0,0,0,0,0,0,1,1,1,1,1,1,1,0,0,0,2,0,0,0,0,2,2,2,2,2,21,0,0,5,5,7,7,7,3,301,809,974,7,0,0,0,0,0,0,0,0,0,0,0,0,0,0,0,6,0,5,698,1,702,0,0,61,0,71,12,61,58,11,12,1,1,4,1,0,215,216,216,216,216,5,0,0,12,0,0,0,0,0,0,0,0,1,0,695,0,0,941,5,3,232,232,232,"1,219",683,0,30,240,6,240,2,0,0,0,243,0,240,14,983,0,0,0,0,0,226,11,12,190,190,74,183,211,4,4,4,4,4,4,4,23,237,4,4,61,0,0,0,0,0,0,1,7,0,2,16,0,6,0,24,989,990,992,309,295,1263,15,0,0,0,0,0,7,0,0,7,7,12,13,13,13,14,7,0,0,0,11,0,12,0,0,0,11,0,0,0,15,75,60,0,0,0,0,23,23,23,0,0,0,0,5,5,0,6,239,0,0,0,0,0,0,0,4,0,249,249,17,249,249,2,5,256,256,256,12,256,13,0,0,0,0,4,22,0,0,2,0,2
Lima,10719188,World Population Review,10/27/2020,95206,0,22,0,0,1,87,61,92,92,22,31,1,1,92,94,24,35,92,31,0,2,2,20,2,2,5,2,2,2,2,146,1,89,48,1,1,2614,2614,1236,1,0,0,1214,0,0,0,1884,1884,1,1,1,1,1,0,318,75,959,791,790,804,14,0,0,0,0,0,0,0,0,0,0,0,0,1,0,0,0,0,0,0,0,0,1,1,1,14,1,1,1,0,14,14,15,14,16,167,0,0,61,61,178,67,67,55,211,1888,3279,92,0,2,1,2,1,2,1,1,0,0,0,0,0,0,0,151,2,60,2179,20,2208,1,1,1054,14,1127,92,1054,1004,263,264,5,10,25,10,6,1311,1321,"1,320",1320,1320,62,6,6,196,1,1,1,1,1,1,1,1,7,3,1278,1,1,"2,621",36,25,411,411,411,"3,750","1,099",0,142,"1,368",61,"1,368",17,1,1,1,897,6,"1,382",133,"2,925",1,1,0,1,1,339,266,267,"1,336","1,336",428,1234,1554,29,29,30,30,30,30,30,8,1415,1,1,1057,1,1,1,1,1,0,4,86,5,15,65,0,3,4,209,1593,1593,1593,280,143,3058,310,0,4,4,0,1,28,1,0,139,139,182,202,202,202,5,27,3,1,3,237,1,269,1,0,0,6,0,4,0,131,1391,1260,2,2,0,1,8,8,8,1,1,1,1,27,27,3,27,1399,1,1,1,1,1,1,1,29,2,1489,1489,225,1489,1489,2,62,1683,1683,1684,166,1684,158,0,0,0,0,32,115,0,0,13,3,9
Lisbon,2956879,World Population Review,10/27/2020,79183,4,23,0,0,0,23,14,25,25,16,11,3,3,25,28,54,13,25,11,0,3,0,19,0,0,4,0,0,0,0,19,1,28,12,2,2,2458,2459,1512,1,0,0,835,6,0,0,1563,1563,0,0,0,0,0,0,34,26,443,277,277,278,8,0,0,0,0,0,0,0,0,0,0,0,0,0,0,0,0,0,0,0,0,0,0,0,0,9,0,0,0,0,9,9,9,9,9,140,0,0,18,18,25,19,19,18,254,1562,2396,25,0,3,0,3,0,2,0,0,0,0,0,0,0,0,0,78,0,33,1465,1,1489,2,2,295,1,318,26,295,281,608,608,2,12,27,12,4,874,888,888,887,887,19,4,4,32,3,3,3,3,3,3,3,3,578,0,1671,2,2,2489,46,25,"1,000","1,000","1,000","3,440","1,616",0,166,"1,004",20,"1,005",3,3,3,3,904,4,"1,015",53,"2,672",3,2,0,2,2,"1,250",608,608,959,959,339,903,"1,152",30,30,30,30,30,30,30,71,1029,0,0,294,3,3,3,3,3,0,35,38,0,10,88,0,14,0,89,2009,2010,2010,290,236,2924,101,0,2,109,0,2,34,3,0,72,72,123,140,140,140,13,28,0,2,3,553,3,560,3,0,0,27,0,110,0,47,345,298,2,2,0,2,71,71,71,2,2,2,2,28,28,0,28,1026,2,2,2,2,3,2,2,29,0,1137,1137,177,1139,1139,9,19,1284,1284,1284,115,1285,112,0,0,0,0,30,75,0,0,6,0,2
Matsudo,476717,population.city,10/27/2020,41680,0,29,0,0,0,1,1,1,1,2,0,0,0,1,3,3,0,1,0,0,0,0,26,0,0,0,0,0,0,0,7,0,3,1,0,0,1191,1191,88,0,0,0,679,0,0,0,319,319,0,0,0,0,0,0,2,2,606,483,483,483,0,0,0,0,0,0,0,0,0,0,0,0,0,0,0,0,0,0,0,0,0,0,0,0,0,0,0,0,0,0,0,0,0,0,0,2,0,0,2,2,6,2,2,1,7,318,1479,1,0,0,0,0,0,0,0,0,0,0,0,0,0,0,0,610,0,0,1186,1,1188,0,0,487,0,487,0,487,486,247,247,0,19,32,19,0,679,679,679,679,679,2,0,0,8,0,0,0,0,0,0,0,0,0,0,36,0,0,"1,192",0,30,7,7,7,"1,491",32,0,23,704,0,704,2,0,0,0,29,0,704,9,"1,214",0,0,0,0,0,230,249,249,701,701,262,701,926,32,32,32,32,32,32,32,3,925,0,0,487,0,0,0,0,0,0,0,2,0,0,8,0,0,0,8,47,47,47,10,2,1211,4,0,0,0,0,0,0,0,0,228,228,228,228,228,228,1,0,0,0,0,242,0,244,0,0,0,1,0,0,0,0,487,487,0,0,0,0,3,3,3,0,0,0,0,0,0,0,0,923,0,0,0,0,0,0,0,32,0,926,926,226,926,926,0,2,928,928,928,226,928,2,0,0,0,0,32,93,0,0,4,0,1
Miami,486388,World Population Review,10/27/2020,1046658,151,59,2,0,0,94,52,100,100,38,48,0,0,100,127,164,75,100,48,0,0,3,49,3,3,11,3,3,3,3,35,2,125,65,0,0,9628,9627,11438,2,0,0,24475,159,0,0,4962,4962,0,0,0,0,0,0,12,8,1779,1534,1533,1537,36,0,0,0,0,0,0,0,0,0,0,0,0,0,0,2,2,2,2,2,2,2,0,0,0,9,0,0,0,0,9,9,9,9,36,620,1,0,74,74,86,79,79,72,456,4965,10598,101,2,0,0,0,0,0,0,0,1,1,1,1,1,1,1,277,3,118,7347,3,7467,0,0,1566,5,1636,73,1569,1551,56985,"57,827",10,20,87,20,4,24638,24645,"24,646",24646,24648,76,4,4,100,0,0,0,0,0,0,0,0,58,0,3857,0,0,"9,631",149,90,"2,193","2,193","2,193","12,919","3,756",1,487,"24,899",229,"24,899",133,0,0,0,"7,978",4,"24,921",160,"9,944",0,0,0,0,0,"1,530","57,042","57,888","24,278","24,279",767,23982,24775,102,102,102,102,102,102,102,132,24740,0,0,1547,0,0,0,0,0,1,30,246,3,8,40,0,44,3,225,4487,4487,4487,617,458,10341,211,0,3,224,0,0,38,0,0,289,289,452,474,474,474,54,27,1,0,3,4187,263,57956,0,0,0,198,0,232,0,89,1625,1537,25,25,0,0,131,131,131,0,0,0,0,24,24,2,26,24743,0,0,0,0,0,0,0,102,3,25003,25005,595,25004,25004,1,74,25524,25523,25526,429,25527,390,0,0,0,0,111,66,0,0,18,0,4
Mississauga,801877,population.city,10/27/2020,20523,0,7,1,0,0,6,2,7,7,3,5,0,0,7,8,6,5,7,5,0,0,0,6,0,0,1,0,0,0,0,4,0,8,4,0,0,364,364,199,0,0,0,357,0,0,0,956,956,0,0,0,0,0,0,2,2,90,51,51,52,3,0,0,0,0,0,0,0,0,0,0,0,0,0,0,1,1,1,1,1,1,1,0,0,0,1,0,0,0,0,1,1,1,1,3,33,0,0,5,5,6,5,5,4,26,959,1104,7,0,0,0,0,0,0,0,0,0,0,0,0,0,0,0,27,0,7,244,0,248,0,0,61,1,85,29,61,55,1,1,1,6,8,6,0,366,366,366,366,366,5,0,0,8,0,0,0,0,0,0,0,0,0,1,237,0,0,362,1,7,109,109,109,"1,213",226,0,20,377,7,377,0,0,0,0,112,0,378,13,410,0,0,0,0,0,452,1,1,373,373,43,365,394,9,9,9,9,9,9,9,20,371,0,0,62,0,0,0,0,0,0,2,11,0,1,21,0,6,0,35,301,301,301,64,50,459,24,0,0,3,0,0,4,0,0,7,7,11,13,13,13,6,4,0,0,0,0,0,1,0,0,0,3,0,3,0,29,86,57,21,21,0,0,19,19,19,0,0,0,0,3,3,1,4,372,0,0,0,0,0,0,0,9,0,386,386,15,386,386,0,5,402,402,402,5,401,12,0,0,0,0,9,8,0,0,1,0,0
Munich,1538302,World Population Review,10/27/2020,220602,158,34,3,0,0,76,35,81,81,39,46,0,0,81,200,79,53,81,46,0,0,2,30,2,2,11,2,2,2,2,56,1,187,93,0,0,9784,9785,4214,1,0,0,1009,166,0,0,7138,7139,0,0,0,0,0,0,67,46,1138,820,817,841,30,1,1,1,1,1,1,1,0,0,0,0,0,0,0,2,2,2,2,2,2,2,0,0,0,4,0,0,0,0,5,5,5,5,31,70,2,0,116,116,137,132,132,102,1879,7135,9936,80,1,0,0,0,0,0,0,0,3,3,3,3,3,3,3,91,0,74,7314,15,7405,0,0,894,20,981,105,890,851,81,85,5,20,42,20,7,1093,1102,"1,102",1102,1103,119,7,7,151,0,0,0,0,0,0,0,0,17,0,6168,0,0,"9,808",117,50,"2,379","2,379","2,379","12,482","6,037",0,274,"1,267",71,"1,267",28,0,0,0,"3,296",7,"1,279",207,"10,226",0,0,0,0,0,884,82,86,"1,136","1,136",495,1032,1546,52,52,52,53,53,53,53,169,1301,0,0,896,0,0,0,0,0,1,95,115,0,8,87,0,62,0,290,8378,8380,8380,2264,2058,12212,109,0,5,146,0,0,36,0,0,159,159,293,319,319,319,101,28,1,0,0,76,8,93,0,0,0,207,0,147,0,127,1003,876,0,0,0,0,170,170,170,0,0,0,0,26,26,0,27,1282,0,0,0,0,0,0,0,53,1,1468,1468,338,1468,1468,7,118,1729,1729,1729,274,1729,179,0,0,0,0,57,38,0,0,35,0,12
Mykolayiv,484659,World Population Review,10/27/2020,5385,4,0,0,0,0,3,3,3,3,2,0,1,1,3,11,0,0,3,0,0,1,0,0,0,0,0,0,0,0,0,2,0,11,8,0,0,200,200,42,0,0,1,35,4,0,0,195,195,0,0,0,0,0,0,0,0,23,11,11,11,0,0,0,0,0,0,0,0,0,0,0,0,0,0,0,0,0,0,0,0,0,0,0,0,0,0,0,0,0,0,0,0,0,0,0,0,0,0,11,11,11,11,11,11,27,195,324,3,0,1,1,1,1,1,1,1,0,0,0,0,0,0,0,1,0,1,174,1,177,1,1,11,0,12,1,11,11,1,1,0,0,0,0,0,39,39,39,39,39,11,0,0,11,1,1,1,1,1,1,1,1,0,0,83,1,1,199,1,0,25,25,25,351,81,0,2,39,1,39,0,1,1,1,32,0,39,5,224,1,1,1,1,1,138,1,1,37,37,15,36,43,0,0,0,0,0,0,0,9,38,0,0,10,1,1,1,1,1,0,1,4,0,0,4,1,0,0,6,113,113,113,17,12,235,24,0,0,0,0,0,0,1,1,2,2,4,4,4,4,1,0,0,1,0,1,0,1,1,0,1,0,0,0,0,1,11,10,0,0,0,0,9,9,9,1,1,1,1,0,0,0,0,37,0,1,1,1,1,1,1,0,0,41,41,5,41,41,0,11,158,158,158,3,158,2,1,1,0,1,0,8,0,0,0,0,1
Nagoya,9552132,World Population Review,10/27/2020,58232,0,7,1,0,0,18,7,20,20,8,13,0,0,20,76,17,15,20,13,0,0,0,7,0,0,2,0,0,0,0,59,0,49,4,1,1,1721,1721,990,0,0,0,616,0,0,0,1398,1398,0,0,0,0,0,0,21,16,1077,639,639,640,6,0,0,0,0,0,0,0,0,0,0,0,0,0,0,1,1,1,1,1,1,1,0,0,0,0,0,0,0,0,0,0,0,0,7,62,1,0,43,43,94,76,76,47,78,1400,2884,20,0,0,0,0,0,0,0,0,1,1,1,1,1,1,1,113,0,14,1645,0,1669,0,0,654,1,669,8,655,644,629,631,2,5,8,5,42,644,644,644,644,644,49,42,42,106,0,0,0,0,0,0,0,0,0,0,251,0,0,"1,725",2,9,56,56,56,"2,984",243,0,100,726,18,727,3,0,0,0,688,42,729,53,"1,812",0,0,0,0,0,"1,651",632,633,633,633,191,612,685,12,12,12,12,12,12,12,30,734,0,0,662,0,0,0,0,0,0,2,35,0,0,11,0,0,0,66,359,359,359,99,47,1852,19,0,0,0,0,1,0,0,0,28,28,32,32,32,32,1,0,3,0,0,574,0,631,0,0,0,0,0,0,0,19,686,667,0,0,0,1,29,29,29,0,0,0,0,0,0,0,0,735,1,0,0,0,0,0,0,11,0,775,775,36,774,775,0,49,792,792,792,27,793,34,0,0,0,0,13,561,0,0,9,0,8
Novosibirsk,1663748,World Population Review,10/27/2020,64086,34,14,1,0,0,9,7,67,67,2,60,0,0,67,35,9,62,67,60,0,0,0,13,0,0,2,0,0,0,0,21,0,35,15,2,2,1145,1145,2773,0,0,0,1243,36,1,0,1769,1769,0,0,0,0,0,0,17,9,820,114,113,115,1,0,0,0,0,0,0,0,0,0,0,0,0,0,0,1,1,1,1,1,1,1,0,0,0,8,0,0,0,0,8,8,8,8,1,22,0,0,27,27,36,27,27,17,151,1770,2231,67,0,0,0,0,0,0,0,0,0,0,0,0,0,0,0,65,30,70,942,2,962,0,0,127,1,137,8,126,114,34,34,0,9,16,9,4,1255,1258,"1,258",1258,1258,28,4,4,38,1,1,1,1,1,1,1,1,9,1,571,1,1,"1,148",7,16,195,195,195,"2,450",556,0,106,"1,285",73,"1,286",5,1,1,1,"2,462",4,"1,289",29,"1,216",1,1,1,1,1,608,34,34,"1,272","1,272",152,1180,1362,15,15,15,15,15,15,15,39,1307,0,0,128,1,1,1,1,1,0,78,79,2,12,20,1,1,0,45,685,685,685,109,80,1289,302,0,1,15,0,2,28,1,1,96,96,110,118,118,118,2,19,0,1,2,33,2,36,1,0,1,17,0,15,0,20,149,129,0,0,0,2,40,40,40,1,1,1,1,19,19,0,19,1292,2,1,1,1,1,1,1,15,0,1335,1335,128,1335,1335,1,28,1396,1396,1396,99,1397,124,1,1,0,0,16,186,0,0,11,0,28
Nuremberg,545454,population.city,10/27/2020,647972,879,79,2,0,1,109,51,130,130,31,79,0,0,130,1531,152,99,131,80,0,0,3,58,3,3,15,3,3,3,3,99,4,1526,798,4,4,29613,29615,21747,4,0,0,1697,900,0,0,12597,12597,1,1,1,1,1,0,62,31,4063,3648,3641,3684,25,1,1,1,1,1,1,1,0,0,0,1,1,3,3,1,1,1,1,1,1,1,3,3,3,17,4,4,4,0,17,17,20,17,26,43,5,0,862,862,883,882,882,847,4282,12587,21652,131,5,0,0,0,0,0,0,0,0,0,0,0,0,0,0,185,3,211,18677,14,18852,0,0,3758,42,4246,516,3758,3708,396,400,28,43,107,43,32,1922,1936,"1,936",1936,1937,879,32,32,908,0,0,0,0,0,0,0,0,85,17,20131,0,0,"29,657",186,113,"10,816","10,816","10,816","32,700","19,602",9,515,"2,158",152,"2,158",33,0,0,0,"19,806",32,"2,203","1,095","31,413",0,0,0,0,0,398,395,399,"1,995","1,995",944,1686,3622,156,156,156,156,156,156,156,190,2374,1,1,3784,0,0,0,0,0,2,57,291,12,29,89,0,38,6,1580,27789,27789,27790,7675,6582,37891,68,0,25,679,0,4,96,0,0,558,558,871,966,966,966,85,67,0,0,14,379,38,436,0,0,0,794,0,679,0,594,4346,3752,2,2,0,4,191,191,191,0,0,0,0,65,65,6,66,2271,4,0,0,0,0,0,0,154,8,3330,3329,1472,3329,3329,27,878,4547,4548,4548,715,4548,1119,0,0,0,0,178,42,0,0,159,0,15
Oklahoma City,655407,World Population Review,10/27/2020,0,0,0,0,0,0,0,0,0,0,0,0,0,0,0,0,0,0,0,0,0,0,0,0,0,0,0,0,0,0,0,0,0,0,0,0,0,0,0,0,0,0,0,0,0,0,0,0,0,0,0,0,0,0,0,0,0,0,0,0,0,0,0,0,0,0,0,0,0,0,0,0,0,0,0,0,0,0,0,0,0,0,0,0,0,0,0,0,0,0,0,0,0,0,0,0,0,0,0,0,0,0,0,0,0,0,0,0,0,0,0,0,0,0,0,0,0,0,0,0,0,0,0,0,0,0,0,0,0,0,0,0,0,0,0,0,0,0,0,0,0,0,0,0,0,0,0,0,0,0,0,0,0,0,0,0,0,0,0,0,0,0,0,0,0,0,0,0,0,0,0,0,0,0,0,0,0,0,0,0,0,0,0,0,0,0,0,0,0,0,0,0,0,0,0,0,0,0,0,0,0,0,0,0,0,0,0,0,0,0,0,0,0,0,0,0,0,0,0,0,0,0,0,0,0,0,0,0,0,0,0,0,0,0,0,0,0,0,0,0,0,0,0,0,0,0,0,0,0,0,0,0,0,0,0,0,0,0,0,0,0,0,0,0,0,0,0,0,0,0,0,0,0,0,0,0,0,0,0,0,0,0,0,0,0,0,0,0,0,0,0,0,0,0,0,0,0,0,0,0,0,0,0,0,0,0,0,0,0,0,0,0,0,0,0,0,0
Omsk,1182339,World Population Review,10/27/2020,18729,5,1,0,1,0,5,2,5,5,3,3,0,0,5,30,10,6,5,3,0,0,0,1,0,0,0,0,0,0,0,11,0,30,28,0,0,354,354,217,0,0,0,343,5,0,0,639,639,0,0,0,0,0,0,1,1,61,29,29,29,3,0,0,0,0,0,0,0,0,0,0,0,0,0,0,0,0,0,0,0,0,0,0,0,0,6,0,0,0,0,6,6,6,6,3,29,0,0,28,28,38,28,28,28,97,640,739,5,0,0,0,0,0,0,0,0,0,0,0,0,0,0,0,236,0,3,306,1,313,0,0,33,0,38,2,33,30,10,10,0,1,2,1,0,346,346,346,346,346,28,0,0,39,0,0,0,0,0,0,0,0,4,0,211,0,0,353,4,2,36,36,36,785,208,0,31,370,7,370,0,0,0,0,158,0,371,11,374,0,0,0,0,0,237,11,11,366,366,43,353,387,2,2,2,2,2,2,2,7,371,0,0,34,0,0,0,0,0,0,5,8,0,7,6,0,0,0,17,277,277,277,65,53,424,115,0,0,2,0,0,15,0,0,21,21,25,26,26,26,0,8,0,0,1,11,2,12,0,0,0,7,0,2,0,6,42,36,0,0,0,0,7,7,7,0,0,0,0,8,8,0,8,368,0,0,0,0,0,0,0,2,0,380,380,24,381,381,1,28,394,394,394,22,394,16,0,0,0,0,2,285,0,0,0,0,51
Orlando,1964000,MacroTrends,10/27/2020,51174,24,17,0,0,0,14,8,14,14,7,6,0,0,14,32,28,6,14,6,0,0,1,16,1,1,2,1,1,1,1,16,0,31,27,0,0,972,972,918,0,0,0,849,24,0,0,1688,1689,0,0,0,0,0,0,6,3,332,118,116,119,6,0,0,0,0,0,0,0,0,0,0,0,0,0,0,0,0,0,0,0,0,0,0,0,0,7,0,0,0,0,7,7,7,7,6,107,0,0,30,30,39,31,31,29,88,1696,2125,14,0,0,0,0,0,0,0,0,0,0,0,0,0,0,0,40,0,9,814,0,908,0,0,125,3,133,10,125,121,250,250,6,16,18,16,0,868,870,870,870,870,30,0,0,44,0,0,0,0,0,0,0,0,1,0,591,0,0,985,15,20,155,155,155,"2,381",528,1,45,905,7,905,5,0,0,0,541,0,909,39,"1,091",0,0,0,0,0,784,250,250,883,883,94,872,942,27,27,27,27,27,27,27,39,916,0,0,131,0,0,0,0,0,0,47,10,0,7,5,0,23,0,53,720,720,720,123,83,1185,57,0,0,590,0,0,18,0,0,10,10,31,31,31,31,11,12,0,0,2,247,1,249,0,0,0,9,0,592,0,18,145,127,6,6,0,0,39,39,39,0,0,0,0,13,13,0,13,912,0,0,0,0,0,0,0,27,0,944,944,55,944,945,0,31,1214,1214,1214,28,1214,31,0,0,0,0,27,20,0,0,10,0,5
Panama City,1860291,World Population Review,10/27/2020,0,0,0,0,0,0,0,0,0,0,0,0,0,0,0,0,0,0,0,0,0,0,0,0,0,0,0,0,0,0,0,0,0,0,0,0,0,0,0,0,0,0,0,0,0,0,0,0,0,0,0,0,0,0,0,0,0,0,0,0,0,0,0,0,0,0,0,0,0,0,0,0,0,0,0,0,0,0,0,0,0,0,0,0,0,0,0,0,0,0,0,0,0,0,0,0,0,0,0,0,0,0,0,0,0,0,0,0,0,0,0,0,0,0,0,0,0,0,0,0,0,0,0,0,0,0,0,0,0,0,0,0,0,0,0,0,0,0,0,0,0,0,0,0,0,0,0,0,0,0,0,0,0,0,0,0,0,0,0,0,0,0,0,0,0,0,0,0,0,0,0,0,0,0,0,0,0,0,0,0,0,0,0,0,0,0,0,0,0,0,0,0,0,0,0,0,0,0,0,0,0,0,0,0,0,0,0,0,0,0,0,0,0,0,0,0,0,0,0,0,0,0,0,0,0,0,0,0,0,0,0,0,0,0,0,0,0,0,0,0,0,0,0,0,0,0,0,0,0,0,0,0,0,0,0,0,0,0,0,0,0,0,0,0,0,0,0,0,0,0,0,0,0,0,0,0,0,0,0,0,0,0,0,0,0,0,0,0,0,0,0,0,0,0,0,0,0,0,0,0,0,0,0,0,0,0,0,0,0,0,0,0,0,0,0,0,0
Perm,1071419,World Population Review,10/27/2020,14563,7,0,0,0,0,9,5,11,11,5,6,0,0,11,15,3,8,11,6,0,0,0,0,0,0,0,0,0,0,0,4,0,15,3,0,0,396,396,284,0,0,0,158,7,0,0,356,356,0,0,0,0,0,0,2,0,81,56,56,57,4,0,0,0,0,0,0,0,0,0,0,0,0,0,0,0,0,0,0,0,0,0,0,0,0,0,0,0,0,0,0,0,0,0,4,26,0,0,4,4,6,4,4,3,64,358,478,11,0,0,0,0,0,0,0,0,0,0,0,0,0,0,0,24,0,11,288,0,302,0,0,63,1,65,2,63,59,115,116,1,0,0,0,0,166,182,182,182,182,4,0,0,7,0,0,0,0,0,0,0,0,0,0,249,0,0,398,2,0,96,96,96,589,241,0,40,193,11,193,3,0,0,0,190,0,193,13,425,0,0,0,0,0,292,119,119,187,187,58,157,221,1,1,1,1,1,1,1,15,193,0,0,62,0,0,0,0,0,0,15,14,0,0,6,0,2,0,14,325,325,325,73,60,485,142,0,0,2,0,0,5,0,0,39,39,41,44,44,44,0,3,0,0,0,130,2,132,0,0,0,2,1,2,0,2,63,61,0,0,0,0,15,15,15,0,0,0,0,3,3,0,3,195,0,0,0,0,0,0,0,1,0,202,202,35,202,202,1,4,231,231,231,39,231,44,0,0,0,0,1,45,0,0,1,0,4
Phoenix,1703080,World Population Review,10/27/2020,285586,34,56,0,0,0,69,55,146,146,17,91,0,0,146,69,238,93,146,91,0,0,1,44,1,1,6,1,1,1,1,33,1,68,23,0,0,6868,6868,19455,1,0,0,3287,59,0,0,4708,4710,0,0,0,0,0,0,14,10,1783,1506,1506,1509,14,0,0,0,0,0,0,0,0,0,0,0,0,0,0,0,0,0,0,0,0,0,0,0,0,8,0,0,0,0,23,23,23,23,15,119,0,0,37,37,56,38,38,35,179,4728,9231,149,0,0,0,0,0,0,0,0,1,1,1,1,1,1,1,155,65,336,5310,0,6087,0,0,1532,3,1582,51,1532,1523,4839,6532,4,33,75,33,0,3373,3377,"3,378",3380,3380,37,0,0,56,0,0,0,0,0,0,0,0,25,3,2375,0,0,"6,895",31,72,816,816,816,"10,848","2,324",2,492,"3,743",107,"3,743",22,0,0,0,"15,610",0,"3,753",138,"7,154",0,0,0,0,0,"1,134","4,846","6,540","3,713","3,713","1,261",3359,4011,83,83,83,83,83,83,83,101,3727,0,0,1534,0,0,0,0,0,1,124,148,1,23,65,0,28,0,239,2745,2745,2745,370,233,7317,278,0,0,381,0,0,43,0,0,113,113,151,164,164,164,20,36,1,0,0,5469,2,6519,0,0,0,61,0,386,0,115,1658,1543,16,16,0,0,101,101,101,0,0,0,0,36,36,0,36,3725,0,0,0,0,0,0,0,82,1,3919,3919,520,3918,3918,0,36,5137,5137,5137,142,5136,471,0,0,0,0,89,46,0,0,17,3,1
Pittsburgh,1704000,MacroTrends,10/27/2020,24277,0,14,1,0,1,16,2,16,16,11,14,0,0,16,15,4,15,16,14,0,0,0,13,0,0,2,0,0,0,0,6,0,14,7,0,0,548,548,365,0,0,0,265,0,0,0,380,380,1,1,1,1,1,0,12,12,78,63,63,63,11,0,0,0,0,0,0,0,0,0,0,0,0,0,0,1,1,1,1,1,1,1,0,0,0,0,0,0,0,0,0,0,0,0,11,135,0,0,11,11,12,12,12,9,69,383,602,16,0,0,0,0,0,0,0,0,0,0,0,0,0,0,0,10,0,17,436,1,440,0,0,67,0,71,4,67,65,860,860,1,12,14,12,2,276,277,277,277,278,11,2,2,13,0,0,0,0,0,0,0,0,1,0,316,0,0,560,6,16,112,112,113,736,300,0,42,298,20,297,0,0,0,0,291,2,299,22,616,0,0,0,0,0,371,862,862,289,289,63,262,308,16,16,16,16,16,16,16,49,305,1,1,65,0,0,0,0,0,0,4,22,1,3,13,0,28,0,26,396,396,396,71,52,671,17,0,1,0,0,0,13,0,0,21,21,28,32,32,32,213,8,0,0,0,855,0,856,0,0,0,0,0,0,0,7,73,66,13,13,0,0,49,49,49,0,0,0,0,6,6,1,8,310,0,0,0,0,0,0,0,16,0,318,318,40,319,319,1,11,336,336,336,27,336,32,0,0,0,0,17,9,0,0,2,0,0
Portland,664103,World Population Review,10/27/2020,109716,11,6,0,0,0,167,162,167,167,5,5,0,0,167,11,14,6,167,5,0,0,0,6,0,0,1,0,0,0,0,36,0,11,2,0,0,1742,1742,4583,0,0,0,889,11,0,0,1338,1338,0,0,0,0,0,0,7,2,131,87,85,89,4,0,0,0,0,0,0,0,0,0,0,0,0,0,0,0,0,0,0,0,0,0,0,0,0,2,0,0,0,0,2,2,2,2,4,54,0,0,8,8,31,8,8,7,150,1335,1877,167,0,0,0,0,0,0,0,0,0,0,0,0,0,0,0,26,0,8,1462,1,1496,0,0,100,3,135,38,99,92,7794,8284,0,4,5,4,0,964,964,964,964,964,8,0,0,38,0,0,0,0,0,0,0,0,3,0,1195,0,0,"1,747",10,5,243,243,243,"2,174","1,176",1,119,"1,049",7,"1,049",9,0,0,0,"3,161",0,"1,051",35,"1,829",0,0,0,0,0,"1,500","7,800","8,290","1,037","1,037",365,977,1269,6,6,6,6,6,6,6,47,1039,0,0,103,0,0,0,0,0,0,16,18,0,3,20,0,42,0,71,1352,1352,1352,166,132,1940,44,0,0,11,0,0,13,0,0,87,87,98,119,119,119,31,9,0,0,0,521,0,8254,0,0,0,9,0,17,0,43,140,97,10,10,0,0,47,47,47,0,0,0,0,8,8,0,9,1045,0,0,0,0,0,0,0,6,0,1213,1212,226,1214,1214,1,9,1675,1674,1674,77,1674,210,0,0,0,0,6,14,0,0,0,0,1
Prague,1305737,World Population Review,10/27/2020,165875,56,38,1,0,0,56,19,61,61,53,42,0,0,61,83,26,50,61,42,0,0,2,37,2,2,7,2,2,2,2,76,0,79,33,6,6,6062,6062,3372,0,0,0,1152,56,0,0,5720,5720,0,0,0,0,0,0,44,29,1363,761,758,772,28,0,0,0,0,0,0,0,0,0,0,0,0,0,1,1,1,1,1,1,1,1,0,0,0,10,0,0,0,0,12,12,12,12,28,122,0,0,45,45,84,53,53,43,1528,5715,7934,61,0,0,0,0,0,0,0,0,1,1,1,1,1,1,1,141,0,61,5289,2,"5,365",0,0,788,12,846,75,786,764,469,643,4,27,42,27,8,1230,"1,239","1,239",1239,1239,49,8,8,114,0,0,0,0,0,0,0,0,16,12,3019,0,0,"6,058",43,46,686,686,686,"8,723","2,934",2,172,"1,309",74,"1,309",39,0,0,0,"2,323",8,"1,324",198,"6,440",0,0,0,0,0,"2,141",469,643,"1,220","1,220",387,1118,1580,52,52,52,52,52,52,52,263,1517,0,0,794,0,0,0,0,0,1,41,98,2,22,76,0,16,1,248,4718,4719,4719,1679,1479,7880,146,0,5,17,0,4,65,0,0,268,268,315,335,335,335,75,41,0,0,5,612,7,626,0,0,0,67,0,17,0,97,877,780,16,16,3,4,261,261,261,0,0,0,0,40,40,3,42,1333,4,0,0,0,0,0,0,51,1,1597,1597,386,1597,1597,1,49,1734,1734,1734,307,1734,151,0,0,0,0,51,64,0,0,17,0,5
Pretoria,2565660,World Population Review,10/27/2020,19331,7,2,0,0,2,12,3,14,14,10,11,0,0,14,14,0,12,14,11,0,0,0,2,0,0,1,0,0,0,0,26,0,12,6,0,0,632,632,285,0,0,0,165,7,0,0,362,361,2,2,2,2,2,0,30,6,143,115,115,115,9,0,0,0,0,0,0,0,0,0,0,0,0,0,0,0,0,0,0,0,0,0,0,0,0,0,0,0,0,0,0,0,0,0,9,18,0,0,7,7,33,9,9,6,45,358,644,14,0,0,0,0,0,0,0,0,0,0,0,0,0,0,0,15,0,13,429,3,499,0,0,118,0,173,56,118,116,19,19,2,1,2,1,1,171,171,172,172,172,8,1,1,34,0,0,0,0,0,0,0,0,1,0,353,0,0,636,10,2,161,161,161,881,341,0,35,188,17,188,4,0,0,0,185,1,192,22,668,0,0,0,0,0,"1,778",18,18,171,171,72,148,215,4,4,4,4,4,4,4,14,199,2,2,117,0,0,0,0,0,0,5,20,0,0,4,0,12,0,76,452,452,453,104,82,744,92,0,0,2,0,0,3,0,0,23,23,39,42,42,42,6,2,1,0,0,15,0,16,0,0,0,3,0,2,0,60,176,116,0,0,0,0,15,15,15,0,0,0,0,2,2,0,2,197,0,0,0,0,0,0,0,4,0,212,212,48,213,213,1,8,243,243,243,35,243,29,0,0,0,0,4,34,0,0,7,0,2
Qingdao,5619977,World Population Review,10/27/2020,344374,87,29,0,1,0,248,134,310,310,94,176,0,0,310,20,164,205,310,176,0,0,1,26,1,1,4,1,1,1,1,12,0,20,8,0,0,2123,2123,2070,0,0,0,12101,105,0,0,2458,2458,0,0,0,0,0,1,320,109,985,523,523,531,86,0,0,0,0,0,0,0,0,0,0,0,0,0,6,0,0,0,0,0,0,0,0,0,0,8,1,1,1,0,8,8,8,8,87,790,4,0,14,14,18,15,15,14,87,2465,3493,310,6,0,0,0,0,0,0,0,1,1,1,1,1,1,1,195,18,204,1944,5,2030,0,0,580,9,605,42,580,540,28,28,2,21,35,21,1,12238,12250,"12,250",12250,12251,15,1,1,21,0,0,0,0,0,0,0,0,6,21,935,0,0,"2,133",70,34,105,105,105,"3,698",848,0,417,"12,360",254,"12,363",17,0,0,0,"1,464",1,"12,388",55,"2,285",0,0,0,0,0,365,29,29,"12,302","12,302","1,130",11988,12665,40,40,40,40,40,40,40,21,12367,0,0,579,0,0,0,0,0,0,71,304,2,8,62,0,2,2,187,1051,1051,1051,107,53,2332,240,0,0,11,0,0,19,0,0,283,283,422,439,439,439,0,14,0,0,0,22,0,30,0,0,0,0,0,11,0,163,727,564,1,1,2,0,21,21,21,0,0,0,0,14,14,1,14,12360,0,0,0,0,0,0,0,40,6,12550,12551,543,12552,12552,7,15,12746,12746,12745,340,12744,414,0,0,0,0,48,0,0,0,475,0,0
Quito,1873763,World Population Review,10/27/2020,38774,1,12,2,0,8,19,10,21,21,10,11,0,0,21,71,6,13,21,11,0,0,0,11,0,0,6,0,0,0,0,45,0,70,37,0,0,1029,1029,456,0,0,0,625,1,0,0,816,816,8,8,8,8,8,0,33,18,453,303,302,306,9,0,0,0,0,0,0,0,0,0,0,0,0,0,0,2,2,2,2,2,2,2,0,0,0,1,0,0,0,0,1,1,1,1,9,25,0,0,53,53,82,58,58,44,55,814,1511,21,0,0,0,0,0,0,0,0,1,1,1,1,1,1,1,89,0,23,911,6,920,0,0,328,4,368,37,327,310,31,32,6,8,12,8,6,649,651,651,651,651,57,6,6,85,0,0,0,0,0,0,0,0,0,3,324,0,0,"1,031",8,12,110,110,110,"1,641",284,0,43,663,22,663,2,0,0,0,274,6,671,78,"1,167",0,0,0,0,0,176,31,32,658,659,115,628,769,18,18,18,18,18,18,18,2,673,8,8,332,0,0,0,0,0,0,0,28,1,2,25,0,2,0,105,432,432,432,108,28,1176,106,0,4,0,0,0,3,0,0,38,38,50,58,58,58,0,2,0,0,0,16,1,34,0,0,0,1,0,0,0,39,368,329,4,4,0,0,2,2,2,0,0,0,0,2,2,0,2,666,0,0,0,0,0,0,0,18,0,734,734,90,734,734,0,58,776,776,776,42,775,71,0,0,0,0,20,28,0,0,2,0,2
Reading,342117,World Population Review,10/27/2020,26550,12,9,0,0,0,11,2,13,13,10,11,0,0,13,37,14,13,14,12,0,0,0,7,0,0,3,0,0,0,0,10,0,37,21,0,0,827,827,1026,0,0,0,251,12,0,0,536,535,0,0,0,0,0,0,11,8,120,95,95,101,9,0,0,0,0,0,0,0,0,0,0,0,0,0,0,0,0,0,0,0,0,0,0,0,0,8,0,0,0,0,8,8,8,8,9,39,0,0,25,25,29,27,27,26,106,536,791,14,1,0,0,0,0,0,0,0,1,1,1,1,1,1,1,28,0,15,581,0,614,0,0,105,5,112,13,104,101,8,11,3,4,15,4,2,269,271,271,271,271,27,2,2,32,0,0,0,0,0,0,0,0,2,0,525,0,0,826,7,16,225,225,225,"1,052",512,0,63,311,16,311,6,0,0,0,854,2,312,16,865,0,0,0,0,0,417,8,11,304,304,121,278,404,18,18,18,18,18,18,18,11,327,0,0,103,0,0,0,0,0,0,7,28,0,8,5,0,30,0,27,645,645,645,115,100,956,44,0,1,9,0,0,19,0,0,34,34,44,56,56,56,11,17,0,0,0,10,0,11,0,0,0,175,0,11,0,18,118,100,4,4,0,0,11,11,11,0,0,0,0,17,17,0,17,324,0,0,0,0,0,0,0,18,1,394,395,89,395,397,0,28,471,471,471,41,471,76,0,0,0,0,20,8,0,0,10,0,0
Recife,4127091,World Population Review,10/27/2020,78751,3,8,1,0,4,14,6,15,15,4,9,0,0,15,97,2,12,15,9,0,0,0,8,0,0,2,0,0,0,0,16,0,95,82,0,0,2037,2037,323,0,0,0,1638,3,0,0,1908,1908,4,4,4,4,4,0,15,10,163,102,102,103,3,0,0,0,0,0,0,0,0,0,0,0,0,0,0,1,1,1,1,1,1,1,0,0,3,7,3,3,3,0,4,4,4,4,8,40,0,0,86,86,97,89,89,86,1294,1915,2223,16,1,0,0,0,0,0,0,0,0,0,0,0,0,0,0,17,0,15,1966,10,1969,0,0,121,1,219,9,121,115,10,10,0,7,8,7,31,1663,1663,"1,663",1663,1663,87,31,31,100,0,0,0,0,0,0,0,0,0,0,1597,0,0,"2,045",4,8,78,78,78,"2,314","1,580",0,34,"1,673",21,"1,673",7,0,0,0,222,31,"1,674",38,"2,107",0,0,0,0,0,444,10,10,"1,668","1,668",63,1641,1702,8,8,8,8,8,8,8,5,1666,4,4,217,0,0,0,0,0,0,0,27,3,4,13,0,0,3,40,1680,1680,1680,88,49,2151,142,0,29,0,0,0,8,0,0,31,31,36,39,39,39,3,5,0,0,0,4,2,12,0,0,0,3,0,0,0,11,226,215,2,2,0,0,5,5,5,0,0,0,0,5,5,0,5,1663,0,0,0,0,0,0,0,8,0,1685,1686,50,1686,1686,0,87,1811,1811,1811,33,1812,37,0,0,0,0,8,29,0,0,24,0,1
Rosario,1532128,World Population Review,10/27/2020,100496,227,15,0,0,1,14,7,14,14,6,7,0,0,14,75,30,9,14,7,0,0,0,15,0,0,2,0,0,0,0,33,0,73,49,0,0,1983,1983,436,0,0,0,1154,228,2,0,1742,1742,1,1,1,1,1,0,15,9,701,266,266,267,5,0,0,0,0,0,0,0,0,0,0,0,0,0,0,1,1,1,1,1,1,1,0,0,0,1,0,0,0,0,1,1,1,1,7,39,0,0,57,57,71,60,60,56,170,1746,2485,14,0,0,0,0,0,0,0,0,0,0,0,0,0,0,0,27,0,15,1618,13,1622,0,0,271,2,283,16,271,268,31,31,2,13,20,13,2,1166,1167,"1,167",1167,1167,58,2,2,83,0,0,0,0,0,0,0,0,2,0,1071,0,0,"1,989",86,21,365,365,365,"2,870","1,058",1,110,"1,255",13,"1,255",2,0,0,0,263,2,"1,255",12,"2,019",0,0,0,0,0,522,31,31,972,972,195,951,1120,24,24,24,24,24,24,24,6,1263,1,1,271,0,0,0,0,0,0,458,23,1,2,9,0,0,0,25,1178,1178,1178,101,89,2104,159,0,1,20,0,0,10,0,0,20,20,109,117,117,117,1,8,0,0,0,27,0,29,0,0,0,5,0,20,0,22,295,273,8,8,0,0,6,6,6,0,0,0,0,7,7,2,8,1261,0,0,0,0,0,0,0,23,0,1300,1300,143,1300,1300,1,59,9544,9546,9548,102,9548,56,0,0,0,0,23,12,0,0,10,0,2
Rustenburg,509368,World Population Review,10/27/2020,925,0,0,0,0,0,0,0,0,0,0,0,0,0,0,0,0,0,0,0,0,0,0,0,0,0,0,0,0,0,0,0,0,0,0,0,0,23,23,13,0,0,0,5,0,0,0,14,14,0,0,0,0,0,0,0,0,2,1,1,1,0,0,0,0,0,0,0,0,0,0,0,0,0,0,0,0,0,0,0,0,0,0,0,0,0,0,0,0,0,0,0,0,0,0,0,1,0,0,0,0,0,0,0,0,1,14,20,0,0,0,0,0,0,0,0,0,0,0,0,0,0,0,0,3,0,0,11,0,11,0,0,1,0,2,1,1,1,0,0,0,0,0,0,0,5,5,5,5,5,0,0,0,0,0,0,0,0,0,0,0,0,0,0,18,0,0,24,0,0,13,13,13,33,18,0,0,5,0,5,0,0,0,0,7,0,5,0,24,0,0,0,0,0,333,0,0,5,5,0,5,5,0,0,0,0,0,0,0,0,6,0,0,1,0,0,0,0,0,0,0,0,0,0,0,0,1,0,1,27,27,27,9,9,33,6,0,0,0,0,0,0,0,0,0,0,0,0,0,0,0,0,0,0,0,0,0,0,0,0,0,0,0,0,0,1,2,1,0,0,0,0,0,0,0,0,0,0,0,0,0,0,0,6,0,0,0,0,0,0,0,0,0,6,6,0,6,6,0,0,6,6,6,0,6,0,0,0,0,0,0,0,0,0,0,0,0
Sacramento,521769,World Population Review,10/27/2020,25780,0,3,0,4,1,16,5,17,17,11,12,0,0,17,8,34,16,17,12,0,0,0,1,0,0,0,0,0,0,0,2,0,8,6,0,0,558,559,557,0,0,0,303,0,0,0,593,593,1,1,1,1,1,0,2,2,67,41,40,42,11,0,0,0,0,0,0,0,0,0,0,0,0,0,0,0,0,0,0,0,0,0,0,0,0,1,0,0,0,0,1,1,1,1,13,49,0,0,9,9,9,9,9,8,25,597,819,19,0,0,0,0,0,0,0,0,0,0,0,0,0,0,0,94,0,25,502,2,521,0,0,45,1,57,12,44,41,489,730,1,1,3,1,2,322,324,324,324,324,9,2,2,10,0,0,0,0,0,0,0,0,2,0,332,0,0,578,3,3,67,67,67,918,318,0,98,396,24,396,3,0,0,0,396,2,399,6,600,0,0,0,0,0,773,489,730,395,395,130,367,418,4,4,4,4,4,4,4,6,402,1,1,49,0,0,0,0,0,0,3,31,0,2,3,0,33,0,18,367,366,366,31,25,632,34,0,1,2,0,0,3,0,0,12,12,19,26,26,26,4,2,1,0,0,716,0,729,0,0,0,3,0,2,0,13,63,50,5,5,0,0,6,6,6,0,0,0,0,3,3,0,3,404,0,0,0,0,0,0,0,4,0,413,413,37,413,413,0,10,430,430,430,16,430,35,0,0,0,0,4,6,0,0,3,0,0
Saitama,7338536,Wikipedia,10/27/2020,32121,1,7,1,0,0,26,13,39,39,11,26,0,0,39,10,14,27,39,26,0,0,1,7,1,1,2,1,1,1,1,15,0,10,4,0,0,673,673,523,0,0,0,487,1,0,0,933,933,0,0,0,0,0,0,11,7,345,165,164,166,10,1,1,1,1,1,1,1,0,0,0,0,0,0,1,0,0,0,0,0,0,0,0,0,0,0,0,0,0,0,0,0,0,0,10,18,0,0,6,6,11,6,6,5,45,933,1429,40,4,0,0,0,0,0,0,0,0,0,0,0,0,0,0,98,1,31,627,1,656,0,0,176,2,180,10,176,169,8,8,0,5,8,5,1,536,541,541,541,541,6,1,1,19,0,0,0,0,0,0,0,0,0,0,180,0,0,682,8,8,36,36,36,"1,514",167,0,90,582,33,582,2,0,0,0,214,1,584,51,765,0,0,0,0,0,"1,125",8,8,545,545,196,493,610,8,8,8,8,8,8,8,29,594,0,0,173,0,0,0,0,0,0,4,49,0,0,18,0,0,0,53,285,285,285,107,58,809,18,0,1,0,0,0,0,0,0,50,50,62,66,66,66,1,0,1,0,0,6,0,9,0,0,0,3,0,0,0,12,179,167,0,0,0,0,29,29,29,0,0,0,0,0,0,0,0,593,0,0,0,0,0,0,0,8,0,636,636,83,634,634,2,4,680,681,681,57,681,69,0,0,0,0,9,406,0,0,2,0,5
Salvador,3839076,World Population Review,10/27/2020,80803,4,4,0,0,4,32,11,34,34,17,23,0,0,34,84,4,25,34,23,0,0,0,2,0,0,0,0,0,0,0,39,0,81,57,0,0,1752,1752,516,0,0,0,1793,4,0,0,1593,1593,4,4,4,4,4,0,31,15,373,266,261,276,16,0,0,0,0,0,0,0,0,0,0,1,1,0,0,0,0,0,0,0,0,0,1,1,1,1,1,1,1,0,0,0,1,0,18,82,0,0,62,62,85,67,67,61,397,1599,2203,34,0,0,0,0,0,0,0,0,0,0,0,0,0,0,0,31,0,34,1591,59,1615,0,0,292,15,337,56,292,276,23,23,1,2,7,2,13,1827,1829,"1,829",1830,1830,65,13,13,99,0,0,0,0,0,0,0,0,3,1,822,0,0,"1,759",13,7,145,145,145,"2,437",798,2,63,"1,850",36,"1,850",5,0,0,0,350,14,"1,857",50,"1,854",0,0,0,0,0,"2,028",24,24,"1,838","1,838",150,1789,1929,10,10,10,10,10,10,10,16,1855,4,4,299,0,0,0,0,0,0,0,44,3,1,17,0,2,2,94,1078,1078,1079,245,192,2047,254,0,13,0,0,0,9,0,0,46,46,73,89,89,89,0,3,0,0,0,11,0,23,0,0,0,10,0,0,0,65,353,288,8,8,0,0,16,16,16,0,0,0,0,3,3,0,3,1856,0,0,0,0,0,0,0,10,0,1897,1897,89,1898,1898,2,67,1971,1971,1971,60,1971,68,0,0,0,0,11,96,0,0,19,0,3
Samara,1163296,World Population Review,10/27/2020,15108,5,1,1,0,0,6,4,7,7,6,3,0,0,7,13,5,3,7,3,0,0,0,1,0,0,1,0,0,0,0,11,0,13,2,0,0,417,417,439,0,0,0,161,7,0,0,452,452,0,0,0,0,0,0,4,4,102,51,45,54,2,0,0,0,0,0,0,0,0,0,0,0,0,0,0,1,1,1,1,1,1,1,0,0,0,3,0,0,0,0,3,3,3,3,2,19,0,0,8,8,13,8,8,8,90,453,608,7,0,0,0,0,0,0,0,0,0,0,0,0,0,0,0,32,0,7,327,5,335,0,0,57,8,61,12,56,55,11,12,0,1,3,1,0,169,169,169,169,169,8,0,0,13,0,0,0,0,0,0,0,0,2,0,247,0,0,417,4,4,88,88,88,709,241,0,25,185,3,185,2,0,0,0,273,0,188,19,443,0,0,0,0,0,486,11,12,181,181,56,171,228,4,4,4,4,4,4,4,24,195,0,0,58,0,0,0,0,0,0,8,9,0,3,1,0,2,0,21,309,309,309,63,44,482,138,0,0,0,0,0,8,0,0,17,17,22,25,25,25,3,8,0,0,0,9,0,12,0,0,0,9,0,0,0,14,69,55,0,0,0,0,24,24,24,0,0,0,0,7,7,0,8,191,0,0,0,0,0,0,0,4,0,217,217,32,217,217,0,8,240,240,240,22,240,25,0,0,0,0,4,198,0,0,0,0,28
San Antonio,1578030,World Population Review,10/27/2020,4,0,0,0,0,0,0,0,0,0,0,0,0,0,0,0,0,0,0,0,0,0,0,0,0,0,0,0,0,0,0,0,0,0,0,0,0,0,0,0,0,0,0,0,0,0,0,0,0,0,0,0,0,0,0,0,0,0,0,0,0,0,0,0,0,0,0,0,0,0,0,0,0,0,0,0,0,0,0,0,0,0,0,0,0,0,0,0,0,0,0,0,0,0,0,0,0,0,0,0,0,0,0,0,0,0,0,0,0,0,0,0,0,0,0,0,0,0,0,0,0,0,0,0,0,0,0,0,0,0,0,0,0,0,0,0,0,0,0,0,0,0,0,0,0,0,0,0,0,0,0,0,0,0,0,0,0,0,0,0,0,0,0,0,0,0,0,0,0,0,0,0,0,0,0,0,0,0,0,0,0,0,0,0,0,0,0,0,0,0,0,0,0,0,0,0,0,0,0,0,0,0,0,0,0,0,0,0,0,0,0,0,0,0,0,0,0,0,0,0,0,0,0,0,0,0,0,0,0,0,0,0,0,0,0,4,0,0,0,0,0,0,0,0,0,0,0,0,0,0,0,0,0,0,0,0,0,0,0,0,0,0,0,0,0,0,0,0,0,0,0,0,0,0,0,0,0,0,0,0,0,0,0,0,0,0,0,0,0,0,0,0,0,0,0,0,0,0,0,0,0,0,0,0,0,0,0,0,0,0,0,0,0,0,0,0,0
San Diego,1447100,World Population Review,10/27/2020,38,0,0,0,0,0,0,0,0,0,0,0,0,0,0,0,0,0,0,0,0,0,0,0,0,0,0,0,0,0,0,0,0,0,0,0,0,2,2,0,0,0,0,0,0,0,0,3,3,0,0,0,0,0,0,0,0,0,0,0,0,0,0,0,0,0,0,0,0,0,0,0,0,0,0,0,0,0,0,0,0,0,0,0,0,0,0,0,0,0,0,0,0,0,0,0,0,0,0,0,0,0,0,0,0,0,3,3,0,0,0,0,0,0,0,0,0,0,0,0,0,0,0,0,0,0,0,1,0,1,0,0,0,0,0,0,0,0,0,0,0,0,0,0,0,0,0,0,0,0,0,0,0,0,0,0,0,0,0,0,0,0,0,0,2,0,0,2,0,0,0,0,0,4,2,0,0,0,0,0,0,0,0,0,0,0,0,0,2,0,0,0,0,0,0,0,0,0,0,0,0,0,0,0,0,0,0,0,0,0,0,0,0,0,0,0,0,0,0,0,0,0,0,0,0,0,0,0,0,2,2,2,0,0,2,0,0,0,0,0,0,0,0,0,0,0,0,0,0,0,0,0,0,0,0,0,0,0,0,0,0,0,0,0,0,0,0,0,0,0,0,0,0,0,0,0,0,0,0,0,0,0,0,0,0,0,0,0,0,0,0,0,0,0,0,0,0,0,0,0,0,0,0,0,0,0,0,0,0,0,0,0,0,0,0,0,0
San Jose,1399629,World Population Review,10/27/2020,1,0,0,0,0,0,0,0,0,0,0,0,0,0,0,0,0,0,0,0,0,0,0,0,0,0,0,0,0,0,0,0,0,0,0,0,0,0,0,0,0,0,0,0,0,0,0,0,0,0,0,0,0,0,0,0,0,0,0,0,0,0,0,0,0,0,0,0,0,0,0,0,0,0,0,0,0,0,0,0,0,0,0,0,0,0,0,0,0,0,0,0,0,0,0,0,0,0,0,0,0,0,0,0,0,0,0,0,0,0,0,0,0,0,0,0,0,0,0,0,0,0,0,0,0,0,0,0,0,0,0,0,0,0,0,0,0,0,0,0,0,0,0,0,0,0,0,0,0,0,0,0,0,0,0,0,0,0,0,0,0,0,0,0,0,0,0,0,0,0,0,0,0,0,0,0,0,0,0,0,0,0,0,0,0,0,0,0,0,0,0,0,0,0,0,0,0,0,0,0,0,0,0,0,0,0,0,0,0,0,0,0,0,0,0,0,0,0,0,0,0,0,0,0,0,0,0,0,0,0,0,0,0,0,0,1,0,0,0,0,0,0,0,0,0,0,0,0,0,0,0,0,0,0,0,0,0,0,0,0,0,0,0,0,0,0,0,0,0,0,0,0,0,0,0,0,0,0,0,0,0,0,0,0,0,0,0,0,0,0,0,0,0,0,0,0,0,0,0,0,0,0,0,0,0,0,0,0,0,0,0,0,0,0,0,0,0
Santa Clara,1945940,World Population Review,10/27/2020,56,0,0,0,0,0,0,0,0,0,0,0,0,0,0,0,0,0,0,0,0,0,0,0,0,0,0,0,0,0,0,0,0,0,0,0,0,4,4,0,0,0,0,0,0,0,0,0,0,0,0,0,0,0,0,0,0,0,0,0,0,0,0,0,0,0,0,0,0,0,0,0,0,0,0,0,0,0,0,0,0,0,0,0,0,0,0,0,0,0,0,0,0,0,0,0,0,0,0,0,0,0,0,0,0,0,0,0,0,0,0,0,0,0,0,0,0,0,0,0,0,0,0,0,0,0,0,0,0,0,0,0,0,0,0,0,0,0,0,0,0,0,0,0,0,0,0,0,0,0,0,0,0,0,0,0,0,0,0,0,0,0,0,0,4,0,0,4,0,0,4,4,4,4,4,0,0,0,0,0,0,0,0,0,0,0,0,0,4,0,0,0,0,0,0,0,0,0,0,0,0,0,0,0,0,0,0,0,0,0,0,0,0,0,0,0,0,0,0,0,0,0,0,0,0,0,0,0,0,4,4,4,0,0,4,0,0,0,0,0,0,0,0,0,0,0,0,0,0,0,0,0,0,0,0,0,0,0,0,0,0,0,0,0,0,0,0,0,0,0,0,0,0,0,0,0,0,0,0,0,0,0,0,0,0,0,0,0,0,0,0,0,0,0,0,0,0,0,0,0,0,0,0,0,0,0,0,0,0,0,0,0,0,0,0,0,0
Santa Cruz,1712688,World Population Review,10/27/2020,29,0,0,0,0,0,0,0,0,0,0,0,0,0,0,0,0,0,0,0,0,0,0,0,0,0,0,0,0,0,0,0,0,0,0,0,0,2,2,0,0,0,0,0,0,0,0,0,0,0,0,0,0,0,0,0,0,0,0,0,0,0,0,0,0,0,0,0,0,0,0,0,0,0,0,0,0,0,0,0,0,0,0,0,0,0,0,0,0,0,0,0,0,0,0,0,0,0,0,0,0,0,0,0,0,0,0,0,0,0,0,0,0,0,0,0,0,0,0,0,0,0,0,0,0,0,0,0,0,0,0,0,0,0,0,0,0,0,0,0,0,0,0,0,0,0,0,0,0,0,0,0,0,0,0,0,0,0,0,0,0,0,0,0,2,0,0,2,0,0,2,2,2,2,2,0,0,0,0,0,0,0,0,0,0,0,0,0,2,0,0,0,0,0,0,0,0,0,0,0,0,0,0,0,0,0,0,0,0,0,0,0,0,0,0,0,0,0,0,0,0,0,0,0,0,0,0,0,0,2,2,2,0,0,2,1,0,0,0,0,0,0,0,0,0,0,0,0,0,0,0,0,0,0,0,0,0,0,0,0,0,0,0,0,0,0,0,0,0,0,0,0,0,0,0,0,0,0,0,0,0,0,0,0,0,0,0,0,0,0,0,0,0,0,0,0,0,0,0,0,0,0,0,0,0,0,0,0,0,0,0,0,0,0,0,0,0
Sao Jose,721795,World Population Review,10/27/2020,0,0,0,0,0,0,0,0,0,0,0,0,0,0,0,0,0,0,0,0,0,0,0,0,0,0,0,0,0,0,0,0,0,0,0,0,0,0,0,0,0,0,0,0,0,0,0,0,0,0,0,0,0,0,0,0,0,0,0,0,0,0,0,0,0,0,0,0,0,0,0,0,0,0,0,0,0,0,0,0,0,0,0,0,0,0,0,0,0,0,0,0,0,0,0,0,0,0,0,0,0,0,0,0,0,0,0,0,0,0,0,0,0,0,0,0,0,0,0,0,0,0,0,0,0,0,0,0,0,0,0,0,0,0,0,0,0,0,0,0,0,0,0,0,0,0,0,0,0,0,0,0,0,0,0,0,0,0,0,0,0,0,0,0,0,0,0,0,0,0,0,0,0,0,0,0,0,0,0,0,0,0,0,0,0,0,0,0,0,0,0,0,0,0,0,0,0,0,0,0,0,0,0,0,0,0,0,0,0,0,0,0,0,0,0,0,0,0,0,0,0,0,0,0,0,0,0,0,0,0,0,0,0,0,0,0,0,0,0,0,0,0,0,0,0,0,0,0,0,0,0,0,0,0,0,0,0,0,0,0,0,0,0,0,0,0,0,0,0,0,0,0,0,0,0,0,0,0,0,0,0,0,0,0,0,0,0,0,0,0,0,0,0,0,0,0,0,0,0,0,0,0,0,0,0,0,0,0,0,0,0,0,0,0,0,0,0
Saratov,842680,World Population Review,10/27/2020,7561,6,0,0,0,0,1,1,2,2,0,1,0,0,2,9,5,1,2,1,0,0,0,0,0,0,0,0,0,0,0,8,0,9,7,1,1,156,156,143,0,0,0,104,6,0,0,217,217,0,0,0,0,0,0,5,4,59,32,31,32,0,0,0,0,0,0,0,0,0,0,0,0,0,0,0,0,0,0,0,0,0,0,0,0,0,0,0,0,0,0,0,0,0,0,0,6,0,0,8,8,14,9,9,9,12,217,279,2,0,0,0,0,0,0,0,0,0,0,0,0,0,0,0,19,0,3,128,0,129,0,0,35,0,36,1,34,32,6,6,0,0,0,0,1,108,109,109,109,109,9,1,1,16,0,0,0,0,0,0,0,0,2,0,88,0,0,156,2,0,27,27,27,308,82,0,14,118,3,118,3,0,0,0,87,1,118,12,178,0,0,0,0,0,281,6,6,116,116,23,109,134,0,0,0,0,0,0,0,5,122,0,0,34,0,0,0,0,0,0,5,6,0,0,2,0,1,0,13,124,124,124,37,25,202,97,0,1,0,0,1,0,0,0,9,9,15,15,15,15,1,0,0,0,0,5,0,8,0,0,0,4,0,0,0,2,37,35,0,0,0,1,5,5,5,0,0,0,0,0,0,0,0,120,1,0,0,0,0,0,0,0,0,132,132,13,132,132,0,9,154,154,154,11,154,11,0,0,0,0,1,152,0,0,0,0,33
Seocho-gu,435107,citypopulation.de,10/27/2020,17199,0,2,0,0,0,9,5,9,9,5,4,0,0,9,9,6,10,9,4,0,0,0,2,0,0,1,0,0,0,0,18,0,9,7,0,0,246,246,288,0,0,0,391,1,0,0,435,435,0,0,0,0,0,0,4,2,144,42,41,42,3,0,0,0,0,0,0,0,0,0,0,0,0,0,1,0,0,0,0,0,0,0,0,0,0,0,0,0,0,0,0,0,0,0,3,29,0,0,8,8,11,8,8,7,5,436,595,9,0,0,0,0,0,0,0,0,0,0,0,0,0,0,0,50,0,16,197,1,213,0,0,44,1,49,6,45,44,1,1,0,1,2,1,0,400,405,405,405,405,8,0,0,25,0,0,0,0,0,0,0,0,0,0,105,0,0,241,5,2,33,33,33,643,87,0,33,418,10,418,1,0,0,0,154,0,419,3,262,0,0,0,0,0,762,1,1,397,397,63,375,427,2,2,2,2,2,2,2,7,420,0,0,44,0,0,0,0,0,0,2,14,0,0,3,0,0,0,7,119,119,119,9,6,271,58,0,0,0,0,0,0,0,0,20,20,26,26,26,26,0,0,0,0,0,1,0,1,0,0,0,0,0,0,0,7,51,44,0,0,0,0,9,9,9,0,0,0,0,0,0,0,0,421,0,0,0,0,0,0,0,2,0,436,436,40,436,436,0,7,445,446,446,20,446,28,0,0,0,0,2,14,0,0,28,0,0
Seongnam-si,944000,MacroTrends,10/27/2020,68046,5,11,2,0,0,36,11,51,51,23,40,0,0,51,55,27,46,51,40,0,0,0,11,0,0,2,0,0,0,0,103,0,51,21,0,0,1340,1340,1466,0,0,0,1326,5,0,0,1706,1706,0,0,0,0,0,0,14,12,592,204,203,205,21,1,1,1,1,1,1,1,0,0,0,0,0,0,1,1,1,1,1,1,1,1,0,0,0,1,0,0,0,0,1,1,1,1,21,70,1,0,34,34,50,42,42,30,45,1705,2393,50,13,0,0,0,0,0,0,0,0,0,0,0,0,0,0,233,0,46,1135,4,1166,0,0,222,2,250,31,222,206,14,14,0,11,12,11,7,1354,1361,"1,362",1362,1363,37,7,7,126,0,0,0,0,0,0,0,0,2,3,495,0,0,"1,342",6,12,188,188,188,"2,625",438,0,102,"1,393",61,"1,392",10,0,0,0,860,7,"1,395",39,"1,442",0,0,0,0,0,"4,120",14,14,"1,209","1,209",270,1134,1311,13,13,13,13,13,13,13,31,1429,0,0,227,0,0,0,0,0,1,3,69,0,2,28,0,0,0,64,577,577,577,82,44,1484,230,0,5,0,0,0,2,0,0,101,101,110,115,115,115,10,2,0,0,0,12,0,14,0,0,0,1,0,0,0,33,255,222,1,1,1,0,31,31,31,0,0,0,0,2,2,0,2,1423,0,0,0,0,0,0,0,13,0,1475,1475,136,1476,1476,0,37,1505,1505,1505,94,1504,99,0,0,0,0,13,21,0,0,46,0,0
Setagaya-ku,939099,Wikipedia,10/27/2020,49700,2,33,1,0,0,23,20,24,24,4,4,0,0,24,12,12,4,24,4,0,0,0,28,0,0,5,0,0,0,0,35,1,9,1,0,0,1254,1254,811,1,0,0,788,2,0,0,1366,1366,0,0,0,0,0,0,12,11,569,370,368,371,2,0,0,0,0,0,0,0,0,0,0,0,0,0,0,1,1,1,1,1,1,1,0,0,0,0,0,0,0,0,0,0,0,0,2,57,0,0,7,7,22,9,9,1,60,1365,2366,23,0,0,0,0,0,0,0,0,1,1,1,1,1,1,1,120,0,5,1179,5,1198,0,0,376,1,385,12,374,371,316,323,2,22,39,22,0,805,807,807,807,807,8,0,0,37,0,0,0,0,0,0,0,0,1,0,246,0,0,"1,259",11,40,66,66,66,"2,470",220,1,76,864,9,864,12,0,0,0,500,0,864,59,"1,367",0,0,0,0,0,770,321,322,681,681,158,671,730,43,43,43,43,43,43,43,35,858,0,0,374,0,0,0,0,0,0,6,18,1,0,20,0,4,1,75,351,352,352,103,39,1415,119,0,0,2,0,0,1,0,0,8,8,19,28,28,28,0,1,0,0,0,309,0,318,0,0,0,2,0,3,0,20,401,381,0,0,0,0,35,35,35,0,0,0,0,1,1,1,1,857,0,0,0,0,0,0,0,47,0,885,884,26,884,883,1,7,906,906,906,19,906,15,0,0,0,0,44,418,0,0,6,0,6
Strasbourg,475000,MacroTrends,10/27/2020,381715,174,109,3,0,0,87,53,108,108,35,55,0,0,108,291,131,73,108,55,0,0,1,98,1,1,17,1,1,1,1,149,3,284,131,6,6,14840,14840,9021,3,0,0,2745,189,1,0,13482,13482,0,0,0,0,0,0,68,48,2096,1425,1420,1436,24,0,0,0,0,0,0,0,0,0,0,0,0,0,0,3,3,3,3,3,3,3,0,0,0,18,0,0,0,0,19,19,19,19,27,19,5,0,204,204,262,225,225,172,2021,13491,18681,110,8,0,0,0,0,0,0,0,4,4,4,4,4,4,4,287,0,96,13177,9,13253,0,0,1456,14,1531,64,1454,1440,482,484,19,80,127,80,33,2843,2855,"2,855",2855,2856,218,33,33,288,0,0,0,0,0,0,0,0,22,2,7944,0,0,"14,872",186,146,"1,656","1,656","1,656","20,455","7,876",8,384,"3,082",117,"3,082",36,0,0,0,"5,107",33,"3,103",84,"15,084",0,0,0,0,0,395,482,484,"2,825","2,825",740,2655,4124,177,177,177,177,177,177,177,4406,3129,0,0,1488,0,0,0,0,0,1,171,166,6,27,62,0,2,2,137,9027,9033,9033,1053,968,16053,116,0,20,174,0,6,118,0,0,238,238,464,904,904,904,13,86,0,0,4,460,7,488,0,0,0,2776,0,178,0,87,1587,1500,0,0,0,6,4412,4412,4412,0,0,0,0,76,76,3,85,3100,6,0,0,0,0,0,0,176,7,3637,3637,805,3636,3636,2,215,4360,4359,4359,422,4359,608,0,0,0,0,189,13,0,0,271,0,2
Surrey,1214818,population.city,10/27/2020,7315,0,2,0,0,0,8,1,8,8,7,7,0,0,8,6,4,9,8,7,0,0,0,2,0,0,0,0,0,0,0,0,0,6,2,0,0,207,207,285,0,0,0,73,0,0,0,170,170,0,0,0,0,0,0,2,1,45,35,35,35,7,0,0,0,0,0,0,0,0,0,0,0,0,0,0,0,0,0,0,0,0,0,0,0,0,0,0,0,0,0,0,0,0,0,7,19,0,0,2,2,2,2,2,2,8,167,254,8,0,0,0,0,0,0,0,0,0,0,0,0,0,0,0,11,0,8,149,2,155,0,0,41,0,45,4,41,38,0,0,0,2,2,2,0,74,74,74,74,74,3,0,0,3,0,0,0,0,0,0,0,0,0,1,141,0,0,214,1,3,58,58,58,325,124,0,19,83,11,83,1,0,0,0,204,0,83,9,250,0,0,0,0,0,298,0,0,80,80,33,69,96,3,3,3,3,3,3,3,18,87,0,0,42,0,0,0,0,0,0,1,10,0,0,12,0,7,0,11,164,164,164,27,19,262,16,0,0,0,0,0,1,0,0,9,9,11,11,11,11,15,1,0,0,0,0,0,0,0,0,0,0,0,0,0,4,45,41,6,6,0,0,19,19,19,0,0,0,0,1,1,0,1,87,0,0,0,0,0,0,0,3,2,98,98,16,98,98,2,3,102,102,102,10,102,12,0,0,0,0,6,10,0,0,0,0,0
Suzhou,7069992,World Population Review,10/27/2020,30726,1,0,0,0,1,31,12,34,34,20,22,0,0,33,22,13,27,33,22,0,0,0,0,0,0,0,0,0,0,0,18,0,22,8,0,0,224,224,5161,0,0,0,382,1,0,0,293,293,1,1,1,1,1,0,36,11,106,60,60,60,19,0,0,0,0,0,0,0,0,0,0,0,0,0,0,0,0,0,0,0,0,0,0,0,0,0,0,0,0,0,0,0,0,0,19,212,0,0,18,18,25,21,21,20,13,293,398,33,0,0,0,0,0,0,0,0,0,0,0,0,0,0,0,30,1,27,194,0,199,0,0,80,0,96,27,80,65,315,315,0,0,0,0,7,400,401,401,401,401,22,7,7,31,0,0,0,0,0,0,0,0,7,7,132,0,0,224,9,0,25,25,25,431,121,0,88,430,54,430,11,0,0,0,"4,678",7,444,27,281,0,0,0,0,0,408,318,318,420,420,171,347,475,0,0,0,0,0,0,0,26,448,1,1,80,0,0,0,0,0,0,1,58,0,0,21,0,2,0,47,177,177,177,48,24,296,991,0,3,0,0,0,1,0,0,70,70,85,88,88,88,0,0,0,0,0,305,1,308,0,0,0,2,0,0,0,34,106,72,0,0,1,0,26,26,26,0,0,0,0,0,0,0,0,446,0,0,0,0,0,0,0,0,0,466,466,99,466,466,0,22,478,478,478,76,478,77,0,0,0,0,0,0,1,1,34,0,0
Taichung,2852366,population.city,10/27/2020,186133,3,17,1,2,0,170,125,180,180,25,55,0,0,180,90,92,60,180,55,0,0,0,14,0,0,1,0,0,0,0,408,2,59,29,1,1,2662,2662,2146,2,0,0,4194,3,1,0,2753,2753,0,0,0,0,0,0,343,237,1531,720,719,732,20,1,1,1,1,1,1,1,0,0,0,0,0,0,1,0,0,0,0,0,0,0,0,0,0,1,0,0,0,0,1,1,1,1,28,465,0,0,50,50,366,81,81,41,170,2758,4151,182,2,0,0,0,0,0,0,0,0,0,0,0,0,0,0,503,2,64,2213,25,2442,0,0,806,13,882,90,806,755,311,313,4,14,23,14,5,4362,4369,"4,368",4369,4369,49,5,5,444,0,0,0,0,0,0,0,0,12,11,1567,0,0,"2,674",32,24,228,228,228,"4,656","1,115",0,381,"4,641",85,"4,640",6,0,0,0,"1,456",5,"4,662",126,"2,962",0,0,0,0,0,"5,419",313,315,"4,206","4,206",953,4090,4582,29,29,29,29,29,29,29,257,4644,0,0,805,0,0,0,0,0,0,11,198,0,1,71,0,0,0,191,1813,1813,1813,256,129,3066,737,0,2,14,0,1,5,0,0,158,158,202,225,225,225,3,3,1,0,0,317,0,326,0,0,0,5,0,14,0,113,904,791,0,0,3,1,260,260,260,0,0,0,0,3,3,0,3,4637,1,0,0,0,0,0,0,29,1,4897,4899,242,4899,4900,2,48,5063,5064,5064,182,5064,165,0,0,0,0,35,2997,0,0,57,0,100
Tainan City,849996,World Population Review,10/27/2020,0,0,0,0,0,0,0,0,0,0,0,0,0,0,0,0,0,0,0,0,0,0,0,0,0,0,0,0,0,0,0,0,0,0,0,0,0,0,0,0,0,0,0,0,0,0,0,0,0,0,0,0,0,0,0,0,0,0,0,0,0,0,0,0,0,0,0,0,0,0,0,0,0,0,0,0,0,0,0,0,0,0,0,0,0,0,0,0,0,0,0,0,0,0,0,0,0,0,0,0,0,0,0,0,0,0,0,0,0,0,0,0,0,0,0,0,0,0,0,0,0,0,0,0,0,0,0,0,0,0,0,0,0,0,0,0,0,0,0,0,0,0,0,0,0,0,0,0,0,0,0,0,0,0,0,0,0,0,0,0,0,0,0,0,0,0,0,0,0,0,0,0,0,0,0,0,0,0,0,0,0,0,0,0,0,0,0,0,0,0,0,0,0,0,0,0,0,0,0,0,0,0,0,0,0,0,0,0,0,0,0,0,0,0,0,0,0,0,0,0,0,0,0,0,0,0,0,0,0,0,0,0,0,0,0,0,0,0,0,0,0,0,0,0,0,0,0,0,0,0,0,0,0,0,0,0,0,0,0,0,0,0,0,0,0,0,0,0,0,0,0,0,0,0,0,0,0,0,0,0,0,0,0,0,0,0,0,0,0,0,0,0,0,0,0,0,0,0,0,0,0,0,0,0,0,0,0,0,0,0,0,0,0,0,0,0,0
Tampa,2877000,MacroTrends,10/27/2020,25708,1,10,1,0,0,19,14,20,20,5,6,0,0,20,11,13,9,20,6,0,0,0,8,0,0,1,0,0,0,0,4,0,11,6,0,0,561,561,631,0,0,0,281,1,0,0,529,528,0,0,0,0,0,0,3,2,137,100,100,103,5,0,0,0,0,0,0,0,0,0,0,0,0,0,0,1,1,1,1,1,1,1,0,0,0,0,0,0,0,0,0,0,0,0,5,48,0,0,8,8,10,8,8,6,28,522,846,20,0,0,0,0,0,0,0,0,0,0,0,0,0,0,0,53,0,13,443,0,519,0,0,106,3,124,20,106,102,666,666,1,5,10,5,1,298,298,298,298,298,8,1,1,10,0,0,0,0,0,0,0,0,0,0,232,0,0,563,23,13,113,113,113,"1,042",221,2,53,332,12,332,5,0,0,0,383,1,332,25,614,0,0,0,0,0,608,669,669,307,307,113,290,369,16,16,16,16,16,16,16,34,334,0,0,106,0,0,0,0,0,0,5,22,0,0,11,0,22,0,47,295,295,295,60,33,655,21,0,1,74,0,0,6,0,0,13,13,39,42,42,42,7,6,0,0,0,670,0,670,0,0,0,3,0,74,0,24,128,105,5,5,0,0,33,33,33,0,0,0,0,5,5,1,6,331,0,0,0,0,0,0,0,17,0,357,357,56,358,358,0,8,463,463,463,33,463,30,0,0,0,0,17,13,0,0,3,4,2
Tangerang,2338547,World Population Review,10/27/2020,78227,3,10,0,0,0,71,41,74,74,27,33,0,0,74,87,12,37,74,33,0,0,0,10,0,0,3,0,0,0,0,38,0,74,45,0,0,1858,1859,990,0,0,0,1300,3,0,0,1438,1438,0,0,0,0,0,0,293,261,1385,467,467,473,24,0,0,0,0,0,0,0,0,0,0,0,0,0,0,0,0,0,0,0,0,0,0,0,0,1,0,0,0,0,1,1,1,1,24,27,2,0,53,53,74,68,68,49,144,1441,2106,72,0,0,0,0,0,0,0,0,1,1,1,1,1,1,1,45,0,46,1495,12,1508,0,0,549,5,586,42,548,480,13,13,2,7,10,7,4,1335,1339,"1,339",1339,1340,55,4,4,83,0,0,0,0,0,0,0,0,0,4,1159,0,0,"1,864",16,12,358,358,358,"2,494","1,006",2,83,"1,372",41,"1,372",1,0,0,0,807,4,"1,384",129,"2,114",0,0,0,0,0,331,13,13,"1,354","1,354",321,1294,1713,15,15,15,15,15,15,15,6,1379,0,0,564,0,0,0,0,0,0,4,59,0,1,41,0,1,0,283,1381,1381,1381,206,84,2186,78,0,2,1,0,0,2,0,0,251,251,273,290,290,290,6,2,1,0,0,10,1,15,0,0,0,4,1,1,0,213,783,571,2,2,0,0,6,6,6,0,0,0,0,2,2,0,2,1372,0,0,0,0,0,0,0,15,0,1493,1493,135,1493,1493,3,56,1746,1746,1746,260,1746,95,0,0,0,0,16,66,0,0,9,0,8
Taoyuan District,2245000,MacroTrends,10/27/2020,0,0,0,0,0,0,0,0,0,0,0,0,0,0,0,0,0,0,0,0,0,0,0,0,0,0,0,0,0,0,0,0,0,0,0,0,0,0,0,0,0,0,0,0,0,0,0,0,0,0,0,0,0,0,0,0,0,0,0,0,0,0,0,0,0,0,0,0,0,0,0,0,0,0,0,0,0,0,0,0,0,0,0,0,0,0,0,0,0,0,0,0,0,0,0,0,0,0,0,0,0,0,0,0,0,0,0,0,0,0,0,0,0,0,0,0,0,0,0,0,0,0,0,0,0,0,0,0,0,0,0,0,0,0,0,0,0,0,0,0,0,0,0,0,0,0,0,0,0,0,0,0,0,0,0,0,0,0,0,0,0,0,0,0,0,0,0,0,0,0,0,0,0,0,0,0,0,0,0,0,0,0,0,0,0,0,0,0,0,0,0,0,0,0,0,0,0,0,0,0,0,0,0,0,0,0,0,0,0,0,0,0,0,0,0,0,0,0,0,0,0,0,0,0,0,0,0,0,0,0,0,0,0,0,0,0,0,0,0,0,0,0,0,0,0,0,0,0,0,0,0,0,0,0,0,0,0,0,0,0,0,0,0,0,0,0,0,0,0,0,0,0,0,0,0,0,0,0,0,0,0,0,0,0,0,0,0,0,0,0,0,0,0,0,0,0,0,0,0,0,0,0,0,0,0,0,0,0,0,0,0,0,0,0,0,0,0
Thessaloniki,812166,World Population Review,10/27/2020,21111,2,9,0,0,0,14,7,14,14,8,7,0,0,14,12,6,10,14,7,0,0,0,9,0,0,0,0,0,0,0,11,0,12,7,0,0,807,807,290,0,0,0,187,2,0,0,556,556,0,0,0,0,0,0,13,11,151,98,97,103,3,0,0,0,0,0,0,0,0,0,0,1,1,0,2,0,0,0,0,0,0,0,1,1,1,7,1,1,1,0,6,6,7,6,3,53,0,0,9,9,12,9,9,7,102,558,851,14,0,0,0,0,0,0,0,0,0,0,0,0,0,0,0,12,0,12,613,5,628,0,0,108,5,114,15,107,102,13,13,0,6,10,6,0,200,201,201,201,201,10,0,0,19,0,0,0,0,0,0,0,0,4,0,452,0,0,811,14,9,183,183,183,"1,063",442,0,34,214,12,214,0,0,0,0,172,0,216,16,849,0,0,0,0,0,438,13,13,195,195,76,178,234,10,10,10,10,10,10,10,12,227,0,0,109,0,0,0,0,0,0,8,21,2,8,14,0,0,1,23,540,540,540,94,78,917,60,0,0,11,0,0,20,0,0,20,20,35,41,41,41,3,12,0,0,0,13,2,15,0,0,0,7,0,11,0,24,124,100,0,0,0,0,12,12,12,0,0,0,0,12,12,0,12,225,0,0,0,0,0,0,0,10,0,241,240,43,240,240,2,10,262,262,262,35,262,24,0,0,0,0,10,108,0,0,5,0,3
Toledo,509000,MacroTrends,10/27/2020,13632,0,2,1,0,0,3,0,3,3,2,3,0,0,3,34,1,3,3,3,0,0,0,2,0,0,1,0,0,0,0,27,0,33,8,0,0,436,436,139,0,0,0,101,0,0,0,408,408,0,0,0,0,0,0,1,1,33,22,22,22,2,0,0,0,0,0,0,0,1,1,1,0,0,0,0,0,0,0,0,0,0,0,0,0,0,0,0,0,0,0,0,0,0,0,2,25,0,0,32,32,35,33,33,8,29,409,484,3,0,0,0,0,0,0,0,0,0,0,0,0,0,0,0,2,0,3,397,0,408,0,0,25,0,38,6,25,22,234,234,0,1,2,1,0,103,103,103,103,103,32,0,0,35,0,0,0,0,0,0,0,0,0,0,348,0,0,437,3,2,37,37,37,534,342,0,11,112,3,112,2,0,0,0,76,0,112,6,461,0,0,0,0,0,"1,073",235,235,109,109,25,106,121,2,2,2,2,2,2,2,4,104,0,0,34,0,0,0,0,0,0,1,4,0,0,5,0,15,0,10,386,386,386,33,27,486,36,0,0,2,0,0,1,0,0,5,5,8,8,8,8,4,0,0,0,0,232,0,232,0,0,0,3,0,2,0,6,40,34,2,2,0,0,4,4,4,0,0,0,0,0,0,0,0,106,0,0,0,0,0,0,0,2,0,113,113,10,113,113,0,34,120,120,120,6,121,6,0,0,0,0,2,29,0,0,0,0,0
Turin,1792163,World Population Review,10/27/2020,46900,0,10,0,0,0,12,9,12,12,4,3,0,0,12,7,6,9,12,3,0,0,0,7,0,0,2,0,0,0,0,7,0,7,2,0,0,1677,1677,923,0,0,0,419,0,0,0,1360,1360,0,0,0,0,0,0,11,10,377,254,253,255,3,0,0,0,0,0,0,0,0,0,0,0,0,0,0,0,0,0,0,0,0,0,0,0,0,3,0,0,0,0,3,3,3,3,3,84,0,0,3,3,7,3,3,2,184,1365,2196,13,0,0,0,0,0,0,0,0,0,0,0,0,0,0,0,132,0,12,1399,3,1410,0,0,260,2,281,24,259,255,234,234,1,5,13,5,0,441,443,444,444,444,3,0,0,9,0,0,0,0,0,0,0,0,9,1,798,0,0,"1,696",15,13,275,275,276,"2,501",761,0,85,506,13,506,0,0,0,0,518,0,509,37,"1,805",0,0,0,0,0,736,234,234,460,460,136,442,555,17,17,17,17,17,17,17,49,521,0,0,258,0,0,0,0,0,0,13,27,0,3,22,0,4,0,55,1034,1034,1034,231,192,1974,66,0,1,20,0,0,15,0,0,31,31,46,52,52,52,13,9,0,0,0,240,3,241,0,0,0,10,0,20,0,24,280,256,1,0,0,0,49,49,49,0,0,0,0,8,8,1,9,517,0,0,0,0,0,0,0,17,2,576,575,68,575,575,0,4,603,603,604,42,605,39,0,0,0,0,20,48,0,0,8,0,4
Tyumen,843196,World Population Review,10/27/2020,9260,0,6,0,1,0,2,1,2,2,10,1,0,0,2,5,1,2,2,1,0,0,0,6,0,0,5,0,0,0,0,6,0,5,1,0,0,241,241,201,0,0,0,106,0,0,0,255,255,0,0,0,0,0,0,9,3,82,36,36,37,1,0,0,0,0,0,0,0,0,0,0,0,0,0,0,0,0,0,0,0,0,0,0,0,0,0,0,0,0,0,0,0,0,0,1,4,0,0,1,1,5,1,1,1,15,255,368,2,0,0,0,0,0,0,0,0,5,5,5,5,5,5,5,14,0,6,188,0,189,0,0,43,1,44,6,43,37,9,9,0,0,7,0,0,112,112,112,112,112,1,0,0,8,0,0,0,0,0,0,0,0,6,0,129,0,0,243,2,7,54,54,54,425,121,0,20,126,3,126,0,0,0,0,71,0,127,34,294,0,0,0,0,0,321,9,9,124,124,41,117,160,7,7,7,7,7,7,7,8,125,0,0,44,0,0,0,0,0,1,0,5,0,0,11,0,1,0,35,201,201,201,69,34,329,95,0,0,4,0,0,0,0,0,8,8,11,12,12,12,5,0,0,0,0,5,0,8,0,0,0,4,0,4,0,6,45,39,0,0,0,0,8,8,8,0,0,0,0,0,0,0,0,125,0,0,0,0,0,0,0,7,0,144,144,12,144,144,0,0,156,156,156,8,155,15,0,0,0,0,7,43,0,0,2,0,6
West Chicago,26827,World Population Review,10/27/2020,0,0,0,0,0,0,0,0,0,0,0,0,0,0,0,0,0,0,0,0,0,0,0,0,0,0,0,0,0,0,0,0,0,0,0,0,0,0,0,0,0,0,0,0,0,0,0,0,0,0,0,0,0,0,0,0,0,0,0,0,0,0,0,0,0,0,0,0,0,0,0,0,0,0,0,0,0,0,0,0,0,0,0,0,0,0,0,0,0,0,0,0,0,0,0,0,0,0,0,0,0,0,0,0,0,0,0,0,0,0,0,0,0,0,0,0,0,0,0,0,0,0,0,0,0,0,0,0,0,0,0,0,0,0,0,0,0,0,0,0,0,0,0,0,0,0,0,0,0,0,0,0,0,0,0,0,0,0,0,0,0,0,0,0,0,0,0,0,0,0,0,0,0,0,0,0,0,0,0,0,0,0,0,0,0,0,0,0,0,0,0,0,0,0,0,0,0,0,0,0,0,0,0,0,0,0,0,0,0,0,0,0,0,0,0,0,0,0,0,0,0,0,0,0,0,0,0,0,0,0,0,0,0,0,0,0,0,0,0,0,0,0,0,0,0,0,0,0,0,0,0,0,0,0,0,0,0,0,0,0,0,0,0,0,0,0,0,0,0,0,0,0,0,0,0,0,0,0,0,0,0,0,0,0,0,0,0,0,0,0,0,0,0,0,0,0,0,0,0,0,0,0,0,0,0,0,0,0,0,0,0,0,0,0,0,0,0
Windsor,336000,MacroTrends,10/27/2020,330443,1,2,0,0,0,8,3,8,8,5,5,0,0,8,4,4,9,8,5,0,0,0,2,0,0,0,0,0,0,0,2,0,4,3,0,0,265,265,753,0,0,0,13928,1,0,0,266,266,0,0,0,0,0,0,3,3,47,36,36,36,5,0,0,0,0,0,0,0,0,0,0,0,0,0,0,0,0,0,0,0,0,0,0,0,0,0,0,0,0,0,0,0,0,0,5,15,0,0,3,3,3,3,3,3,32,266,338,8,0,0,0,0,0,0,0,0,0,0,0,0,0,0,0,6,0,8,212,3,217,0,0,37,0,48,10,37,36,2,2,0,1,4,1,0,13949,13949,"13,949",13948,13950,3,0,0,5,0,0,0,0,0,0,0,0,0,0,185,0,0,268,0,4,51,51,51,397,166,0,22,"13,962",9,"13,962",5,0,0,0,673,0,"13,960",7,292,0,0,0,0,0,594,2,2,"13,967","13,966",55,13955,13978,5,5,5,5,5,5,5,429,13924,0,0,39,0,0,0,0,0,0,1,12,2,2,0,0,22,0,18,234,234,234,49,42,331,13,0,0,3,0,0,10,0,0,8,8,8,8,8,8,9,10,0,0,1,1,1,1,0,0,0,0,0,3,0,12,52,40,3,3,0,0,431,431,431,0,0,0,0,10,10,0,10,13941,0,0,0,0,0,0,0,5,0,13944,13947,15,13946,13947,0,3,13968,13967,13967,7,13968,13,0,0,0,0,5,17,0,0,0,0,0
Wuhan,8364977,World Population Review,10/27/2020,28487,0,2,0,0,0,25,16,27,27,8,11,0,0,27,31,17,12,27,11,0,0,1,2,1,1,1,1,1,1,1,16,0,31,14,0,0,269,269,4006,0,0,0,487,0,0,0,308,308,0,0,0,0,0,0,34,4,113,80,80,81,7,0,0,0,0,0,0,0,0,0,0,0,0,0,0,0,0,0,0,0,0,0,0,0,0,0,0,0,0,0,0,0,0,0,7,169,0,0,21,21,28,25,25,19,16,310,440,27,1,0,0,0,0,0,0,0,0,0,0,0,0,0,0,33,0,18,238,9,250,0,0,91,1,94,3,91,87,23,24,0,1,3,1,6,510,510,510,511,511,24,6,6,33,0,0,0,0,0,0,0,0,11,2,151,0,0,273,10,3,19,19,19,485,145,0,54,532,28,532,13,0,0,0,"2,815",6,544,14,306,0,0,0,0,0,251,23,24,517,517,144,481,585,3,3,3,3,3,3,3,35,537,0,0,92,0,0,0,0,0,0,1,34,0,0,13,0,1,0,46,185,185,185,29,15,321,890,0,1,3,0,0,0,0,0,45,45,66,82,82,82,0,0,0,0,0,22,2,27,0,0,0,0,0,3,0,36,128,92,0,0,0,0,35,35,35,0,0,0,0,0,0,0,0,535,0,0,0,0,0,0,0,3,0,567,567,79,567,567,0,24,604,604,604,52,604,57,0,0,0,0,3,0,0,0,55,0,0
Wuxi,3256020,World Population Review,10/27/2020,26121,0,0,0,0,0,17,8,19,19,7,11,0,0,20,13,4,14,20,12,0,0,0,0,0,0,0,0,0,0,0,6,0,14,6,0,0,127,127,7929,0,0,0,200,0,0,0,144,144,0,0,0,0,0,0,23,5,56,44,43,45,7,0,0,0,0,0,0,0,0,0,0,0,0,0,0,0,0,0,0,0,0,0,0,0,0,0,0,0,0,0,0,0,0,0,9,146,2,0,7,7,11,7,7,7,9,145,218,20,0,0,0,0,0,0,0,0,0,0,0,0,0,0,0,18,0,12,104,2,117,0,0,53,2,55,8,53,48,69,69,0,0,0,0,0,207,208,208,208,208,7,0,0,12,0,0,0,0,0,0,0,0,8,1,65,0,0,127,4,0,10,10,10,243,62,0,28,215,20,215,7,0,0,0,"7,172",0,218,4,135,0,0,0,0,0,657,71,71,203,203,73,182,218,0,0,0,0,0,0,0,14,219,0,0,53,0,0,0,0,0,0,0,23,0,0,4,0,0,0,11,78,78,78,11,7,147,1212,0,0,0,0,0,0,0,0,17,17,27,27,27,27,0,0,0,0,0,60,0,70,0,0,0,2,0,0,0,13,62,49,0,0,0,0,14,14,14,0,0,0,0,0,0,0,0,217,0,0,0,0,0,0,0,0,0,224,224,34,224,224,0,7,235,235,235,21,235,27,0,0,0,0,0,0,3,3,17,0,2
Xalapa,775620,World Population Review,10/27/2020,4129,0,3,0,0,2,1,1,1,1,0,0,0,0,1,0,1,0,1,0,0,0,0,3,0,0,0,0,0,0,0,2,0,0,0,0,0,140,140,50,0,0,0,44,0,0,0,112,112,2,2,2,2,2,0,10,5,38,31,31,31,0,0,0,0,0,0,0,0,0,0,0,0,0,0,0,0,0,0,0,0,0,0,0,0,0,0,0,0,0,0,0,0,0,0,0,4,0,0,0,0,1,0,0,0,40,112,149,1,0,0,0,0,0,0,0,0,0,0,0,0,0,0,0,4,0,0,113,0,116,0,0,34,0,40,4,34,32,4,4,0,3,3,3,0,46,46,46,46,46,0,0,0,2,0,0,0,0,0,0,0,0,0,0,88,0,0,140,2,3,23,23,23,176,83,0,6,48,2,48,0,0,0,0,26,0,48,2,151,0,0,0,0,0,43,4,4,43,43,11,41,56,3,3,3,3,3,3,3,1,48,2,2,30,0,0,0,0,0,0,0,3,0,0,5,0,0,0,7,96,96,96,12,10,153,16,0,0,0,0,0,1,0,0,6,6,8,10,10,10,0,1,0,0,0,0,0,3,0,0,0,1,0,0,0,7,38,31,0,0,0,0,1,1,1,0,0,0,0,1,1,0,1,48,0,0,0,0,0,0,0,3,0,54,54,7,55,56,0,0,59,59,59,6,59,4,0,0,0,0,3,23,0,0,0,0,3
Xining,1539437,World Population Review,10/27/2020,7791,0,0,0,0,0,27,1,27,27,0,26,0,0,27,0,0,26,27,26,0,0,0,0,0,0,0,0,0,0,0,3,0,0,0,0,0,15,15,286,0,0,0,199,0,0,0,33,33,0,0,0,0,0,0,4,0,9,8,8,8,0,0,0,0,0,0,0,0,0,0,0,0,0,0,0,0,0,0,0,0,0,0,0,0,0,1,0,0,0,0,1,1,1,1,0,15,0,0,0,0,3,0,0,0,2,33,36,27,0,0,0,0,0,0,0,0,0,0,0,0,0,0,0,8,0,26,14,1,14,0,0,9,0,9,1,9,8,0,0,0,0,0,0,0,218,217,217,217,217,0,0,0,3,0,0,0,0,0,0,0,0,0,26,10,0,0,15,1,0,1,1,1,38,9,0,86,217,59,218,1,0,0,0,217,0,217,0,17,0,0,0,0,0,102,0,0,216,216,127,132,256,0,0,0,0,0,0,0,5,212,0,0,11,0,0,0,0,0,0,0,78,0,1,1,0,0,0,0,12,12,12,0,0,18,89,0,0,0,0,0,1,0,0,84,84,85,86,86,86,9,1,0,0,0,0,0,0,0,0,0,0,0,0,0,1,11,10,0,0,0,0,5,5,5,0,0,0,0,1,1,0,1,210,0,0,0,0,0,0,0,0,0,247,247,84,247,247,0,0,248,248,247,84,247,83,0,0,0,0,0,0,0,0,12,0,0
Yokohama,3574443,World Population Review,10/27/2020,93696,2,19,2,2,0,36,30,43,43,9,13,0,0,43,14,30,19,43,13,0,0,1,15,1,1,5,1,1,1,1,34,3,13,4,1,1,2446,2445,1653,3,0,0,1174,2,0,0,2547,2547,0,0,0,0,0,0,18,16,1252,771,770,772,4,0,0,0,0,0,0,0,0,0,0,0,0,0,0,2,2,2,2,2,2,2,0,0,0,0,0,0,0,0,0,0,0,0,4,68,1,0,10,10,26,11,11,7,136,2552,4482,43,2,0,0,0,0,0,0,0,0,0,0,0,0,0,0,299,1,20,2294,2,2327,0,0,795,2,979,13,794,778,620,622,1,11,21,11,1,1214,1217,"1,217",1217,1218,11,1,1,39,0,0,0,0,0,0,0,0,5,1,508,0,0,"2,447",17,20,132,132,132,"4,665",460,1,162,"1,348",23,"1,349",12,0,0,0,"1,057",1,"1,357",264,"2,847",0,0,0,0,0,"2,068",622,624,"1,268","1,268",352,1230,1400,22,22,22,22,22,22,22,51,1373,0,0,963,0,0,0,0,0,0,2,45,0,0,42,0,4,0,268,943,943,943,380,123,2953,40,0,0,2,0,1,1,0,0,61,61,80,97,97,97,13,1,4,0,0,604,0,622,0,0,0,16,0,2,0,21,1053,1032,0,0,2,1,49,49,49,0,0,0,0,1,1,0,1,1355,1,0,0,0,0,0,0,20,0,1441,1442,91,1442,1442,0,12,1516,1516,1517,73,1516,64,0,0,0,0,23,1207,0,0,1,0,33
Yongin-si,1083000,MacroTrends,10/27/2020,37144,1,2,0,0,0,15,9,33,33,12,24,0,0,33,27,6,25,33,24,0,0,0,2,0,0,0,0,0,0,0,59,0,25,15,0,0,583,583,714,0,0,0,853,1,0,0,507,507,0,0,0,0,0,0,7,6,345,89,88,91,6,0,0,0,0,0,0,0,0,0,0,0,0,0,0,0,0,0,0,0,0,0,0,0,0,0,0,0,0,0,0,0,0,0,6,55,0,0,18,18,26,21,21,16,21,509,894,33,18,0,0,0,0,0,0,0,0,0,0,0,0,0,0,49,0,26,504,0,516,0,0,96,2,115,21,95,92,1,1,1,1,3,1,3,866,867,867,867,867,19,3,3,76,0,0,0,0,0,0,0,0,0,1,189,0,0,584,10,4,71,71,71,983,164,0,49,884,28,885,5,0,0,0,482,3,885,16,630,0,0,0,0,0,"3,366",1,1,821,821,136,790,875,5,5,5,5,5,5,5,24,889,0,0,94,0,0,0,0,0,0,0,34,0,0,13,0,0,0,37,235,235,235,41,24,655,211,0,2,0,0,0,0,0,0,51,51,64,65,65,65,12,0,1,0,0,1,0,1,0,0,0,2,0,0,0,27,120,93,0,0,0,0,24,24,24,0,0,0,0,0,0,0,0,887,0,0,0,0,0,0,0,5,0,917,917,66,918,917,0,18,930,930,931,47,931,48,0,0,0,0,6,4,0,0,16,0,0
Yuseong-gu,355516,citypopulation.de,10/27/2020,4864,0,2,1,0,0,7,0,8,8,7,8,0,0,8,1,3,8,8,8,0,0,1,2,1,1,2,1,1,1,1,3,0,1,0,0,0,118,118,39,0,0,0,81,0,0,0,110,110,0,0,0,0,0,0,1,0,47,23,23,23,7,0,0,0,0,0,0,0,1,1,1,0,0,0,0,0,0,0,0,0,0,0,0,0,0,0,0,0,0,0,0,0,0,0,7,5,0,0,0,0,0,0,0,0,5,111,172,8,1,0,0,0,0,0,0,0,0,0,0,0,0,0,0,8,0,10,99,0,102,0,0,22,0,26,4,22,22,0,0,0,2,2,2,0,82,87,87,87,87,0,0,0,3,0,0,0,0,0,0,0,0,0,0,47,0,0,120,3,2,21,21,21,195,46,0,15,88,9,89,0,0,0,0,27,0,90,0,120,0,0,0,0,0,254,0,0,85,85,26,74,95,2,2,2,2,2,2,2,3,90,0,0,24,0,0,0,0,0,0,0,9,0,0,0,0,0,0,4,52,52,52,7,7,128,18,0,0,0,0,0,0,0,0,5,5,8,8,8,8,0,0,0,0,0,0,0,0,0,0,0,0,0,0,0,4,28,24,0,0,0,0,3,3,3,0,0,0,0,0,0,0,0,89,0,0,0,0,0,0,0,2,0,95,95,20,95,95,0,0,97,97,97,8,97,16,0,0,0,0,2,0,0,0,1,0,0
Zhongshan,2913974,World Population Review,10/27/2020,7028,0,0,0,0,0,6,5,9,9,1,4,0,0,9,5,0,5,9,4,0,0,0,0,0,0,0,0,0,0,0,0,0,5,4,0,0,97,97,679,0,0,0,96,0,0,0,83,83,0,0,0,0,0,0,26,6,53,42,42,42,1,0,0,0,0,0,0,0,0,0,0,0,0,0,0,0,0,0,0,0,0,0,0,0,0,0,0,0,0,0,0,0,0,0,1,97,0,0,4,4,4,4,4,4,6,83,116,9,1,0,0,0,0,0,0,0,0,0,0,0,0,0,0,4,0,5,77,0,91,0,0,45,0,47,4,45,42,5,5,0,0,0,0,0,111,111,111,111,111,4,0,0,4,0,0,0,0,0,0,0,0,0,0,65,0,0,97,8,0,3,3,3,137,62,0,21,116,10,116,0,0,0,0,519,0,118,3,105,0,0,0,0,0,60,5,5,106,106,48,93,128,0,0,0,0,0,0,0,1,115,0,0,41,0,0,0,0,0,0,0,17,0,0,5,0,0,0,23,66,66,66,4,1,101,361,0,0,0,0,0,0,0,0,17,17,29,31,31,31,0,0,0,0,0,4,2,7,0,0,0,2,0,0,0,23,61,38,0,0,0,0,1,1,1,0,0,0,0,0,0,0,0,118,0,0,0,0,0,0,0,0,0,124,124,27,124,124,2,4,133,133,133,25,133,19,0,0,0,0,0,0,0,0,13,0,0