port,port_number,capture_date,totalcount,CVE-2017-1000369,CVE-2017-1000600,CVE-2017-1001000,CVE-2017-10140,CVE-2017-10391,CVE-2017-11142,CVE-2017-11143,CVE-2017-11144,CVE-2017-11145,CVE-2017-11147,CVE-2017-11362,CVE-2017-11364,CVE-2017-11612,CVE-2017-11628,CVE-2017-12172,CVE-2017-12868,CVE-2017-12932,CVE-2017-12933,CVE-2017-12934,CVE-2017-14595,CVE-2017-14596,CVE-2017-14718,CVE-2017-14719,CVE-2017-14720,CVE-2017-14721,CVE-2017-14722,CVE-2017-14723,CVE-2017-14724,CVE-2017-14725,CVE-2017-14726,CVE-2017-14798,CVE-2017-14990,CVE-2017-15098,CVE-2017-15099,CVE-2017-15130,CVE-2017-15132,CVE-2017-15710,CVE-2017-15715,CVE-2017-15906,CVE-2017-16510,CVE-2017-16633,CVE-2017-16634,CVE-2017-16642,CVE-2017-16944,CVE-2017-17091,CVE-2017-17663,CVE-2017-3167,CVE-2017-3169,CVE-2017-3239,CVE-2017-3247,CVE-2017-3249,CVE-2017-3250,CVE-2017-3626,CVE-2017-3730,CVE-2017-3731,CVE-2017-3732,CVE-2017-3735,CVE-2017-3736,CVE-2017-3737,CVE-2017-3738,CVE-2017-5340,CVE-2017-5487,CVE-2017-5488,CVE-2017-5489,CVE-2017-5490,CVE-2017-5491,CVE-2017-5492,CVE-2017-5493,CVE-2017-5610,CVE-2017-5611,CVE-2017-5612,CVE-2017-6377,CVE-2017-6379,CVE-2017-6381,CVE-2017-6441,CVE-2017-6514,CVE-2017-6814,CVE-2017-6815,CVE-2017-6816,CVE-2017-6817,CVE-2017-6818,CVE-2017-6819,CVE-2017-6919,CVE-2017-6920,CVE-2017-6921,CVE-2017-6922,CVE-2017-6923,CVE-2017-6924,CVE-2017-6925,CVE-2017-6926,CVE-2017-6927,CVE-2017-6928,CVE-2017-6929,CVE-2017-6932,CVE-2017-7189,CVE-2017-7269,CVE-2017-7272,CVE-2017-7418,CVE-2017-7484,CVE-2017-7485,CVE-2017-7486,CVE-2017-7546,CVE-2017-7547,CVE-2017-7548,CVE-2017-7659,CVE-2017-7668,CVE-2017-7679,CVE-2017-7890,CVE-2017-7963,CVE-2017-7983,CVE-2017-7984,CVE-2017-7986,CVE-2017-7987,CVE-2017-7988,CVE-2017-7989,CVE-2017-8057,CVE-2017-8295,CVE-2017-9061,CVE-2017-9062,CVE-2017-9063,CVE-2017-9064,CVE-2017-9065,CVE-2017-9066,CVE-2017-9067,CVE-2017-9118,CVE-2017-9120,CVE-2017-9788,CVE-2017-9789,CVE-2017-9798,CVE-2017-9933,CVE-2017-9934,CVE-2018-0732,CVE-2018-0733,CVE-2018-0734,CVE-2018-0735,CVE-2018-0737,CVE-2018-0739,CVE-2018-1000024,CVE-2018-1000027,CVE-2018-1000773,CVE-2018-10100,CVE-2018-10101,CVE-2018-10102,CVE-2018-1053,CVE-2018-10545,CVE-2018-10546,CVE-2018-10547,CVE-2018-10548,CVE-2018-10549,CVE-2018-1058,CVE-2018-10915,CVE-2018-10925,CVE-2018-1115,CVE-2018-11321,CVE-2018-11322,CVE-2018-11323,CVE-2018-11324,CVE-2018-11325,CVE-2018-11326,CVE-2018-11327,CVE-2018-11328,CVE-2018-1172,CVE-2018-11756,CVE-2018-11763,CVE-2018-12711,CVE-2018-12712,CVE-2018-1283,CVE-2018-12882,CVE-2018-12895,CVE-2018-1301,CVE-2018-1302,CVE-2018-1303,CVE-2018-1312,CVE-2018-1333,CVE-2018-14028,CVE-2018-14851,CVE-2018-14883,CVE-2018-14884,CVE-2018-15132,CVE-2018-15473,CVE-2018-15880,CVE-2018-15881,CVE-2018-15882,CVE-2018-15919,CVE-2018-16850,CVE-2018-17082,CVE-2018-17189,CVE-2018-17199,CVE-2018-17855,CVE-2018-17856,CVE-2018-17857,CVE-2018-17858,CVE-2018-17859,CVE-2018-19052,CVE-2018-19131,CVE-2018-19132,CVE-2018-19395,CVE-2018-19396,CVE-2018-19518,CVE-2018-19520,CVE-2018-19935,CVE-2018-20147,CVE-2018-20148,CVE-2018-20149,CVE-2018-20150,CVE-2018-20151,CVE-2018-20152,CVE-2018-20153,CVE-2018-20685,CVE-2018-20783,CVE-2018-2911,CVE-2018-3152,CVE-2018-5407,CVE-2018-6376,CVE-2018-6377,CVE-2018-6378,CVE-2018-6379,CVE-2018-6380,CVE-2018-6389,CVE-2018-6789,CVE-2018-7584,CVE-2018-7600,CVE-2018-7602,CVE-2018-8011,CVE-2018-8045,CVE-2018-8581,CVE-2018-9861,CVE-2019-0190,CVE-2019-0196,CVE-2019-0197,CVE-2019-0211,CVE-2019-0215,CVE-2019-0217,CVE-2019-0220,CVE-2019-0708,CVE-2019-10129,CVE-2019-10130,CVE-2019-10149,CVE-2019-10164,CVE-2019-10691,CVE-2019-10909,CVE-2019-10945,CVE-2019-10946,CVE-2019-11034,CVE-2019-11035,CVE-2019-11036,CVE-2019-11038,CVE-2019-11039,CVE-2019-11040,CVE-2019-11072,CVE-2019-11358,CVE-2019-11510,CVE-2019-11809,CVE-2019-11876,CVE-2019-12525,CVE-2019-12527,CVE-2019-12529,CVE-2019-12764,CVE-2019-12765,CVE-2019-12766,CVE-2019-12815,CVE-2019-13345,CVE-2019-13917,CVE-2019-14654,CVE-2019-1543,CVE-2019-1552,CVE-2019-1559,CVE-2019-1652,CVE-2019-1653,CVE-2019-19781,CVE-2019-3814,CVE-2019-6109,CVE-2019-6110,CVE-2019-6111,CVE-2019-6261,CVE-2019-6262,CVE-2019-6263,CVE-2019-6264,CVE-2019-6338,CVE-2019-6339,CVE-2019-6340,CVE-2019-6341,CVE-2019-6977,CVE-2019-7524,CVE-2019-7739,CVE-2019-7740,CVE-2019-7741,CVE-2019-7742,CVE-2019-7743,CVE-2019-7744,CVE-2019-8942,CVE-2019-8943,CVE-2019-9020,CVE-2019-9021,CVE-2019-9022,CVE-2019-9023,CVE-2019-9024,CVE-2019-9025,CVE-2019-9193,CVE-2019-9637,CVE-2019-9638,CVE-2019-9639,CVE-2019-9640,CVE-2019-9641,CVE-2019-9675,CVE-2019-9711,CVE-2019-9712,CVE-2019-9713,CVE-2019-9714,CVE-2019-9787,CVE-2020-0796,CVE-2020-11651,CVE-2020-11652,CVE-2020-1938,CVE-2020-5902,MS17-010
Port 11,11,11/17/2020,1673,1,0,0,0,0,0,0,0,0,0,0,0,0,0,0,0,0,0,0,0,0,0,0,0,0,0,0,0,0,0,0,0,0,0,0,0,0,0,801,0,0,0,0,2,0,0,0,0,0,0,0,0,0,0,0,0,0,0,0,0,0,0,0,0,0,0,0,0,0,0,0,0,0,0,0,0,0,0,0,0,0,0,0,0,0,0,0,0,0,0,0,0,0,0,0,0,0,0,0,0,0,0,0,0,0,0,0,0,0,0,0,0,0,0,0,0,0,0,0,0,0,0,0,0,0,0,0,0,0,0,0,0,0,0,0,0,0,0,0,0,0,0,0,0,0,0,0,0,0,0,0,0,0,0,0,0,0,0,0,0,0,0,0,0,0,0,0,0,0,0,0,0,0,0,0,0,0,0,0,12,0,0,0,749,0,0,0,0,0,0,0,0,0,0,0,0,0,0,0,0,0,0,0,0,0,0,0,0,4,0,0,0,0,0,0,0,0,0,0,0,0,0,0,0,0,0,0,0,0,0,0,0,0,0,0,0,0,46,0,0,0,0,0,0,0,0,0,0,0,0,0,0,0,0,0,0,0,0,0,0,0,0,46,0,0,0,0,0,0,0,0,4,4,4,0,0,0,0,0,0,0,0,0,0,0,0,0,0,0,0,0,0,0,0,0,0,0,0,0,0,0,0,0,0,0,0,0,0,0,0,0,0,0,0,0,0
Port 21,21,11/17/2020,80129,4,0,0,0,0,0,0,0,0,0,0,0,0,0,0,0,0,0,0,0,0,0,0,0,0,0,0,0,0,0,0,0,0,0,0,0,0,0,0,0,0,0,0,4,0,0,0,0,0,0,0,0,0,0,0,0,0,0,0,0,0,0,0,0,0,0,0,0,0,0,0,0,0,0,0,0,0,0,0,0,0,0,0,0,0,0,0,0,0,0,0,0,0,0,0,0,0,1,0,0,0,0,0,0,0,0,0,0,0,0,0,0,0,0,0,0,0,0,0,0,0,0,0,0,0,0,0,0,0,0,0,0,0,0,0,0,0,0,0,0,0,0,0,0,0,0,0,0,0,0,0,0,0,0,0,0,0,0,0,0,0,0,0,0,0,0,0,0,0,0,0,0,0,0,0,0,0,0,0,0,0,0,0,0,0,0,0,0,0,0,0,0,0,0,0,0,0,0,0,0,0,0,0,0,0,0,0,0,0,0,0,0,0,0,0,0,0,0,0,3,0,0,0,0,0,0,0,0,0,0,0,0,0,0,0,0,0,0,0,0,0,0,0,0,0,0,0,0,0,0,0,0,0,0,0,0,0,0,0,0,80117,0,0,0,0,0,0,0,0,0,0,0,0,0,0,0,0,0,0,0,0,0,0,0,0,0,0,0,0,0,0,0,0,0,0,0,0,0,0,0,0,0,0,0,0,0,0,0,0,0,0,0,0,0,0,0
Port 22,22,11/17/2020,12676523,0,0,0,0,0,0,0,0,0,0,0,0,0,0,0,0,0,0,0,0,0,0,0,0,0,0,0,0,0,0,0,0,0,0,0,0,0,0,6602776,0,0,0,0,0,0,0,0,0,0,0,0,0,0,0,0,0,0,0,0,0,0,0,0,0,0,0,0,0,0,0,0,0,0,0,0,0,0,0,0,0,0,0,0,0,0,0,0,0,0,0,0,0,0,0,0,0,0,0,0,0,0,0,0,0,0,0,0,0,0,0,0,0,0,0,0,0,0,0,0,0,0,0,0,0,0,0,0,0,0,0,0,0,0,0,0,0,0,0,0,0,0,0,0,0,0,0,0,0,0,0,0,0,0,0,0,0,0,0,0,0,0,0,0,0,0,0,0,0,0,0,0,0,0,0,0,0,0,0,0,27966,0,0,0,4817220,0,0,0,0,0,0,0,0,0,0,0,0,0,0,0,0,0,0,0,0,0,0,0,0,306682,0,0,0,0,0,0,0,0,0,0,2,0,0,0,0,0,1,0,0,0,0,0,0,0,0,0,0,0,8,0,0,0,0,0,0,0,0,0,0,0,0,0,0,0,0,0,0,0,0,0,0,21,0,8,0,0,0,0,0,0,0,0,307269,307280,307290,0,0,0,0,0,0,0,0,0,0,0,0,0,0,0,0,0,0,0,0,0,0,0,0,0,0,0,0,0,0,0,0,0,0,0,0,0,0,0,0,0,0
Port 23,23,11/17/2020,10004,1,0,0,0,0,0,0,0,0,0,0,0,0,0,0,0,0,0,0,0,0,0,0,0,0,0,0,0,0,0,0,0,0,0,0,0,0,0,5606,0,0,0,0,1,0,0,0,0,0,0,0,0,0,0,0,0,0,0,0,0,0,0,0,0,0,0,0,0,0,0,0,0,0,0,0,0,0,0,0,0,0,0,0,0,0,0,0,0,0,0,0,0,0,0,0,0,0,0,0,0,0,0,0,0,0,0,0,0,0,0,0,0,0,0,0,0,0,0,0,0,0,0,0,0,0,0,0,0,0,0,0,0,0,0,0,0,0,0,0,0,0,0,0,0,0,0,0,0,0,0,0,0,0,0,0,0,0,0,0,0,0,0,0,0,0,0,0,0,0,0,0,0,0,0,0,0,0,0,0,21,0,0,0,3871,0,0,0,0,0,0,0,0,0,0,0,0,0,0,0,0,0,0,0,0,0,0,0,0,123,0,0,0,0,0,0,0,0,0,0,1,0,0,0,0,0,0,0,0,0,0,0,0,0,0,0,0,0,0,0,0,0,0,0,0,0,0,0,0,0,0,0,0,0,0,0,0,0,0,0,0,11,0,0,0,0,0,0,0,0,0,0,123,123,123,0,0,0,0,0,0,0,0,0,0,0,0,0,0,0,0,0,0,0,0,0,0,0,0,0,0,0,0,0,0,0,0,0,0,0,0,0,0,0,0,0,0
Port 24,24,11/17/2020,5175,1,0,0,0,0,2,2,2,2,0,0,0,0,2,0,1,0,2,0,0,0,0,0,0,0,0,0,0,0,0,0,0,0,0,0,0,0,0,1062,0,0,0,123,1,0,0,0,0,0,0,0,0,0,0,6,3,22,11,11,12,0,0,0,0,0,0,0,0,0,0,0,0,0,0,0,0,0,0,0,0,0,0,0,0,0,0,0,0,0,0,0,0,0,0,0,2,0,0,0,0,0,0,0,0,0,0,0,2,0,0,0,0,0,0,0,0,0,0,0,0,0,0,0,1,0,0,0,0,0,0,0,16,1,19,1,16,14,0,0,0,0,0,0,0,126,126,126,126,126,0,0,0,0,0,0,0,0,0,0,0,0,0,0,0,0,0,0,2,0,0,0,0,0,0,0,3,127,0,127,4,0,0,0,759,0,127,0,0,0,0,0,0,0,0,0,0,124,124,9,123,129,0,0,0,0,0,0,0,33,128,0,0,20,0,0,0,0,0,0,0,3,0,0,0,0,4,0,1,0,0,0,0,0,0,0,0,0,0,0,0,0,0,0,1,1,4,4,4,4,0,0,0,0,0,0,0,0,0,0,0,2,0,0,0,2,23,21,0,0,0,0,33,33,33,0,0,0,0,0,0,0,0,129,0,0,0,0,0,0,0,0,0,131,131,3,131,131,0,0,134,134,134,3,134,1,0,0,0,0,0,0,0,0,0,0,0
Port 25,25,11/17/2020,177024,30414,0,0,176,0,0,0,0,0,0,0,0,0,0,0,0,0,0,0,0,0,0,0,0,0,0,0,0,0,0,0,0,0,0,0,0,0,0,5,0,0,0,0,31680,0,0,0,0,0,0,0,0,0,0,0,0,0,0,0,0,0,0,0,0,0,0,0,0,0,0,0,0,0,0,0,0,0,0,0,0,0,0,0,0,0,0,0,0,0,0,0,0,0,0,0,0,0,0,0,0,0,0,0,0,0,0,0,0,0,0,0,0,0,0,0,0,0,0,0,0,0,0,0,0,0,0,0,0,0,0,0,0,0,0,0,0,0,0,0,0,0,0,0,0,0,0,0,0,0,0,0,0,0,0,0,0,0,0,0,0,0,0,0,0,0,0,0,0,0,0,0,0,0,0,0,0,0,0,0,0,0,0,0,3,0,0,0,0,0,0,0,0,0,0,0,0,0,0,0,0,0,0,0,0,0,0,0,0,0,0,0,0,0,0,0,0,0,0,0,33166,0,0,0,0,0,18015,0,0,0,0,0,0,0,0,0,0,0,31097,0,0,0,0,0,0,0,0,0,0,0,0,0,0,0,0,0,0,0,0,0,0,7,0,32461,0,0,0,0,0,0,0,0,0,0,0,0,0,0,0,0,0,0,0,0,0,0,0,0,0,0,0,0,0,0,0,0,0,0,0,0,0,0,0,0,0,0,0,0,0,0,0,0,0,0,0,0,0
Port 26,26,11/17/2020,100076,478,0,0,2,0,0,0,0,0,0,0,0,0,0,0,0,0,0,0,0,0,0,0,0,0,0,0,0,0,0,0,0,0,0,0,0,0,0,3824,0,0,0,0,513,0,0,0,0,0,0,0,0,0,0,0,0,0,0,0,0,0,0,0,0,0,0,0,0,0,0,0,0,0,0,0,0,0,0,0,0,0,0,0,0,0,0,0,0,0,0,0,0,0,0,0,0,0,0,0,0,0,0,0,0,0,0,0,0,0,0,0,0,0,0,0,0,0,0,0,0,0,0,0,0,0,0,0,0,0,0,0,0,0,0,0,0,0,0,0,0,0,0,0,0,0,0,0,0,0,0,0,0,0,0,0,0,0,0,0,0,0,0,0,0,0,0,0,0,0,0,0,0,0,0,0,0,0,0,0,9,0,0,0,2692,0,0,0,0,0,0,0,0,0,0,0,0,0,0,0,0,0,0,0,0,0,0,0,0,91,0,0,0,0,0,0,0,0,0,0,1659,0,0,0,0,0,402,0,0,0,0,0,0,0,0,0,0,0,44973,0,0,0,0,0,0,0,0,0,0,0,0,0,0,0,0,0,0,0,0,0,0,5,0,45155,0,0,0,0,0,0,0,0,91,91,91,0,0,0,0,0,0,0,0,0,0,0,0,0,0,0,0,0,0,0,0,0,0,0,0,0,0,0,0,0,0,0,0,0,0,0,0,0,0,0,0,0,0
Port 80,80,11/17/2020,90536104,2,32449,1200,0,109,48638,21047,66497,66496,23225,45452,0,0,66499,0,49105,53810,66498,45454,0,0,705,28801,705,705,4415,706,706,706,706,0,578,0,0,0,0,2822502,2822538,1135,578,0,0,1190210,2,249,0,2120371,2120388,109,109,109,109,109,13,51009,22467,870630,644632,642883,649066,20411,193,193,193,193,193,193,193,118,118,118,110,110,148,520,891,890,890,890,890,889,889,215,215,275,3511,375,319,319,0,3496,3496,3711,3496,21851,217207,538,0,0,0,0,0,0,0,285957,2121685,3265271,66538,1442,0,0,0,0,0,0,0,429,429,429,429,429,429,429,175721,1180,91154,2146904,3436,2238046,0,0,675766,5453,703762,31703,675083,659019,389815,393572,2642,22773,38349,22772,0,1253180,1258343,1258345,1258355,1258371,0,0,0,0,0,0,0,0,0,0,0,0,3182,2117,1583657,0,0,2826185,21935,38617,639923,639927,639933,4006000,1535078,547,165886,1323563,66503,1323601,27,0,0,0,782,0,1339383,78740,2987168,0,0,0,0,0,714867,389952,393710,1297662,1297672,304345,1178993,1481037,43075,43075,43074,43075,43074,43072,43071,49,1356347,109,109,681704,0,0,0,0,0,288,1,93737,1611,4754,32920,0,1,1000,142543,1896375,1896418,1896448,299015,220211,3208986,0,0,0,0,0,0,16464,0,0,80460,80460,122307,134251,134253,134253,12084,11692,0,0,1119,23483,615,394426,0,0,0,1,24,0,0,81198,760210,679023,0,0,346,0,51,51,51,0,0,0,0,10533,10533,1322,11517,1348607,0,0,0,0,0,0,0,43081,1021,1463970,1463984,243068,1464024,1464030,1717,0,1625975,1626006,1626032,96901,1626074,200120,0,0,0,0,45304,0,0,0,0,0,0
Port 81,81,11/17/2020,751402,0,54,1,0,0,414,230,477,477,172,247,0,0,476,0,142,280,476,247,0,0,0,44,0,0,3,0,0,0,0,0,1,0,0,0,0,17785,17780,1483,1,0,0,12213,0,1,0,21186,21186,0,0,0,0,0,0,1000,363,9517,4950,4947,5007,156,0,0,0,0,0,0,0,0,0,0,0,0,0,3,1,1,1,1,1,1,1,0,0,3,15,3,3,3,0,12,12,12,12,159,1831,11,0,0,0,0,0,0,0,2239,21228,28163,474,17,0,0,0,0,0,0,0,0,0,0,0,0,0,0,701,9,390,15198,80,15517,0,0,5359,64,5576,239,5357,5093,152,152,2,32,59,32,0,12566,12624,12624,12625,12627,0,0,0,0,0,0,0,0,0,0,0,0,7,22,8598,0,0,17832,261,59,2381,2381,2382,31043,8175,1,1136,13236,423,13237,3,0,0,0,250,0,13312,367,18981,0,0,0,0,0,38891,154,154,12878,12879,2792,12283,13825,61,61,61,61,61,61,61,6,13453,0,0,5438,0,0,0,0,0,1,0,511,23,31,441,0,0,7,1049,10061,10062,10061,1392,1021,20006,0,0,0,0,0,0,82,0,0,566,566,1076,1159,1158,1158,243,65,0,0,0,113,2,157,0,0,0,1,0,0,0,915,6292,5378,0,0,1,0,6,6,6,0,0,0,0,61,61,6,64,13452,0,0,0,0,0,0,0,61,0,13825,13827,1215,13823,13824,11,0,16489,16487,16494,816,16504,833,0,0,0,0,65,0,0,0,0,0,0
Port 82,82,11/17/2020,250097,0,9,0,0,1,155,82,173,174,52,91,0,0,174,0,75,108,174,91,0,0,0,9,0,0,0,0,0,0,0,0,0,0,0,0,0,5314,5314,701,0,0,0,4125,0,0,0,5150,5153,1,1,1,1,1,0,333,112,3287,2583,2579,2604,48,0,0,0,0,0,0,0,0,0,0,0,0,0,3,0,0,0,0,0,0,0,0,0,0,2,1,1,1,0,2,2,2,2,53,585,1,0,0,0,0,0,0,0,880,5143,7624,171,3,0,0,0,0,0,0,0,0,0,0,0,0,0,0,130,7,146,4756,42,4878,0,0,2690,24,2761,72,2693,2628,26,26,2,6,11,6,0,4250,4262,4261,4261,4261,0,0,0,0,0,0,0,0,0,0,0,0,3,6,2374,0,0,5331,92,10,471,471,471,8308,2239,0,467,4527,150,4527,2,0,0,0,621,0,4558,117,5668,0,0,0,0,0,14274,27,27,4301,4301,1032,4052,4808,13,13,13,13,13,13,13,13,4595,1,1,2735,0,0,0,0,0,0,0,195,2,2,81,0,0,2,378,2923,2924,2924,478,362,6045,0,0,0,0,0,0,10,0,0,237,237,405,624,624,624,641,6,0,0,1,8,1,28,0,0,0,1,0,0,0,349,3086,2737,0,0,0,0,13,13,13,0,0,0,0,6,6,1,6,4598,0,0,0,0,0,0,0,12,0,4718,4720,459,4721,4722,2,0,5868,5867,5869,325,5869,320,0,0,0,0,12,0,0,0,0,0,0
Port 83,83,11/17/2020,293110,0,7,0,0,0,159,100,191,191,48,91,0,0,191,0,101,110,191,91,0,0,1,7,1,1,1,1,1,1,1,0,0,0,0,0,0,8120,8120,123,0,0,0,4606,0,0,0,7323,7323,0,0,0,0,0,0,302,135,4057,3082,3079,3116,43,0,0,0,0,0,0,0,0,0,0,0,0,0,2,0,0,0,0,0,0,0,0,0,0,2,1,1,1,0,2,2,2,2,46,639,1,0,0,0,0,0,0,0,1315,7329,11240,192,1,0,0,0,0,0,0,0,0,0,0,0,0,0,0,368,10,125,7484,72,7624,0,0,3254,37,3328,85,3255,3157,32,32,1,5,7,5,0,4756,4773,4773,4773,4773,0,0,0,0,0,0,0,0,0,0,0,0,1,9,2980,0,0,8132,101,7,526,526,526,12000,2837,0,344,4912,155,4913,0,0,0,0,74,0,4943,119,8430,0,0,0,0,0,9679,32,32,4739,4739,1015,4495,5135,8,8,8,8,8,8,8,11,4985,0,0,3300,0,0,0,0,0,0,0,212,2,3,82,0,0,1,332,3530,3530,3530,507,388,8826,0,0,0,0,0,0,9,0,0,269,269,481,507,507,507,20,5,0,0,0,7,1,33,0,0,0,0,0,0,0,310,3594,3284,0,0,0,0,11,11,11,0,0,0,0,5,5,0,5,4988,0,0,0,0,0,0,0,8,0,5144,5144,487,5144,5144,5,0,5340,5341,5341,358,5341,348,0,0,0,0,8,0,0,0,0,0,0
Port 84,84,11/17/2020,256418,0,6,0,0,0,91,59,104,104,26,45,0,0,104,0,63,57,104,45,0,0,1,5,1,1,1,1,1,1,1,0,0,0,0,0,0,8289,8290,158,0,0,0,2877,0,0,0,5887,5887,0,0,0,0,0,0,182,89,5663,4888,4889,4903,23,0,0,0,0,0,0,0,0,0,0,0,0,0,3,0,0,0,0,0,0,0,0,0,0,4,0,0,0,0,4,4,4,4,24,309,1,0,0,0,0,0,0,0,981,5892,11082,104,2,0,0,0,0,0,0,0,0,0,0,0,0,0,0,120,6,57,7907,33,7972,0,0,4987,13,5039,44,4989,4942,30,31,1,5,8,5,0,3172,3181,3181,3181,3181,0,0,0,0,0,0,0,0,0,0,0,0,1,3,1977,0,0,8305,69,7,333,333,333,11534,1892,0,280,3360,69,3360,0,0,0,0,131,0,3371,54,8474,0,0,0,0,0,5384,30,31,3239,3240,811,3137,3467,9,9,9,9,9,9,9,2,3391,0,0,5023,0,0,0,0,0,0,0,295,2,4,48,0,0,2,128,2264,2264,2264,262,208,8693,0,0,0,0,0,0,9,0,0,149,149,249,261,261,261,19,9,0,0,0,8,1,32,0,0,0,2,0,0,0,120,5146,5026,0,0,0,0,2,2,2,0,0,0,0,7,7,2,7,3391,0,0,0,0,0,0,0,9,0,3485,3485,256,3485,3485,3,0,3802,3802,3802,208,3804,174,0,0,0,0,9,0,0,0,0,0,0
Port 85,85,11/17/2020,69347,0,2,0,0,0,18,14,20,20,5,6,0,0,20,0,12,7,20,6,0,0,0,2,0,0,0,0,0,0,0,0,0,0,0,0,0,1880,1880,155,0,0,0,1454,0,0,0,2154,2154,0,0,0,0,0,0,35,12,333,142,141,142,4,0,0,0,0,0,0,0,0,0,0,0,0,0,0,0,0,0,0,0,0,0,0,0,0,3,0,0,0,0,3,3,3,3,4,107,0,0,0,0,0,0,0,0,378,2161,2465,20,0,0,0,0,0,0,0,0,0,0,0,0,0,0,0,19,2,7,1766,6,1784,0,0,158,1,168,13,158,145,8,8,0,1,2,1,0,1478,1482,1482,1482,1483,0,0,0,0,0,0,0,0,0,0,0,0,0,1,746,0,0,1888,11,3,100,100,100,2599,719,0,39,1500,14,1501,3,0,0,0,125,0,1508,20,1966,0,0,0,0,0,1391,8,8,1495,1495,140,1473,1554,3,3,3,3,3,3,3,1,1519,0,0,162,0,0,0,0,0,0,0,26,2,3,29,0,0,1,38,831,831,831,76,57,2027,0,0,0,0,0,0,4,0,0,39,39,60,64,64,64,7,4,0,0,3,2,0,8,0,0,0,1,0,0,0,32,190,158,0,0,0,0,2,2,2,0,0,0,0,4,4,1,4,1519,0,0,0,0,0,0,0,3,0,1547,1547,53,1547,1547,0,0,1585,1585,1585,45,1585,34,0,0,0,0,3,0,0,0,0,0,0
Port 86,86,11/17/2020,10641,0,0,0,0,0,8,6,9,9,2,3,0,0,9,0,1,3,9,3,0,0,0,0,0,0,0,0,0,0,0,0,0,0,0,0,0,0,0,217,0,0,0,355,0,0,0,0,0,0,0,0,0,0,0,17,9,95,68,68,70,2,0,0,0,0,0,0,0,0,0,0,0,0,0,0,0,0,0,0,0,0,0,0,0,0,1,0,0,0,0,1,1,1,1,2,19,0,0,0,0,0,0,0,0,0,0,0,9,0,0,0,0,0,0,0,0,0,0,0,0,0,0,0,12,0,4,0,0,0,0,0,78,2,81,5,78,74,0,0,0,0,0,0,0,369,369,369,369,369,0,0,0,0,0,0,0,0,0,0,0,0,0,0,0,0,0,0,6,0,0,0,0,0,0,0,18,379,4,379,0,0,0,0,160,0,381,0,0,0,0,0,0,0,0,0,0,374,374,60,363,401,0,0,0,0,0,0,0,2,387,0,0,80,0,0,0,0,0,0,0,8,0,1,0,0,0,0,11,0,0,0,0,0,0,0,0,0,0,0,0,1,0,0,23,23,32,35,35,35,0,1,0,0,0,0,0,0,0,0,0,0,0,0,0,16,95,79,0,0,0,0,2,2,2,0,0,0,0,1,1,0,1,384,0,0,0,0,0,0,0,0,0,395,395,31,395,395,1,0,412,412,412,27,412,21,0,0,0,0,0,0,0,0,0,0,0
Port 88,88,11/17/2020,746943,0,12,3,0,0,356,209,427,427,151,218,0,0,427,0,2691,246,428,219,0,0,0,11,0,0,3,0,0,0,0,0,0,0,0,0,0,15631,15631,1876,0,0,0,16595,0,0,0,17278,17278,0,0,0,0,0,0,1248,319,4119,1992,1990,2033,113,0,0,0,0,0,0,0,3,3,3,0,0,0,3,0,0,0,0,0,0,0,0,0,0,8,0,0,0,0,8,8,8,8,120,3093,0,0,0,0,0,0,0,0,2305,17298,20961,430,11,0,0,0,0,0,0,0,0,0,0,0,0,0,0,1429,34,268,14332,35,14681,0,0,2419,43,2547,133,2419,2078,75,75,0,11,17,11,0,16827,16852,16852,16852,16852,0,0,0,0,0,0,0,0,0,0,0,0,8,15,7482,0,0,15673,151,14,1039,1039,1039,22439,7212,0,753,17222,329,17224,4,0,0,0,1703,0,17280,245,16436,0,0,0,0,0,37886,75,75,17014,17015,2261,16598,17764,17,17,17,17,17,17,17,7,17336,0,0,2485,0,0,0,0,0,1,0,404,1,9,307,0,0,0,1004,8355,8356,8356,807,561,17014,0,0,0,0,0,0,21,0,0,494,494,955,1001,1001,1001,44,16,0,0,1,49,4,79,0,0,0,2,0,0,0,904,3415,2511,0,0,0,0,7,7,7,0,0,0,0,15,15,3,16,17343,0,0,0,0,0,0,0,17,0,17695,17695,875,17695,17695,10,0,18106,18107,18108,632,18110,616,0,0,0,0,17,0,0,0,0,0,0
Port 98,98,11/17/2020,9655,0,0,0,0,0,5,4,5,5,1,1,0,0,5,0,0,1,5,1,0,0,0,0,0,0,0,0,0,0,0,0,0,0,0,0,0,0,0,143,0,0,0,180,0,0,0,0,0,0,0,0,0,0,0,9,4,57,24,24,28,1,0,0,0,0,0,0,0,0,0,0,0,0,0,0,0,0,0,0,0,0,0,0,0,0,0,0,0,0,0,0,0,0,0,1,7,0,0,0,0,0,0,0,0,0,0,0,5,0,0,0,0,0,0,0,0,0,0,0,0,0,0,0,5,0,1,0,0,0,0,0,33,4,35,5,33,30,0,0,0,0,0,0,0,184,185,185,185,185,0,0,0,0,0,0,0,0,0,0,0,0,0,1,0,0,0,0,195,0,0,0,0,0,0,0,198,380,3,380,0,0,0,0,53,0,382,0,0,0,0,0,0,0,0,0,0,186,186,213,182,388,0,0,0,0,0,0,0,2,382,0,0,34,0,0,0,0,0,0,0,3,0,0,0,0,0,0,4,0,0,0,0,0,0,0,0,0,0,0,0,0,0,0,8,8,205,206,206,206,0,0,0,0,0,0,0,0,0,0,0,0,0,0,0,8,39,31,0,0,0,0,2,2,2,0,0,0,0,0,0,0,0,387,0,0,0,0,0,0,0,0,0,391,391,206,391,391,0,0,401,401,401,204,401,9,0,0,0,0,0,0,0,0,0,0,0
Port 102,102,11/17/2020,4420,0,0,0,0,0,0,0,0,0,0,0,0,0,0,0,0,0,0,0,0,0,0,0,0,0,0,0,0,0,0,0,0,0,0,0,0,0,0,2207,0,0,0,0,0,0,0,0,0,0,0,0,0,0,0,0,0,0,0,0,0,0,0,0,0,0,0,0,0,0,0,0,0,0,0,0,0,0,0,0,0,0,0,0,0,0,0,0,0,0,0,0,0,0,0,0,0,0,0,0,0,0,0,0,0,0,0,0,0,0,0,0,0,0,0,0,0,0,0,0,0,0,0,0,0,0,0,0,0,0,0,0,0,0,0,0,0,0,0,0,0,0,0,0,0,0,0,0,0,0,0,0,0,0,0,0,0,0,0,0,0,0,0,0,0,0,0,0,0,0,0,0,0,0,0,0,0,0,0,0,0,0,0,0,2200,0,0,0,0,0,0,0,0,0,0,0,0,0,0,0,0,0,0,0,0,0,0,0,0,3,0,0,0,0,0,0,0,0,0,0,0,0,0,0,0,0,0,0,0,0,0,0,0,0,0,0,0,0,0,0,0,0,0,0,0,0,0,0,0,0,0,0,0,0,0,0,0,0,0,0,0,1,0,0,0,0,0,0,0,0,0,0,3,3,3,0,0,0,0,0,0,0,0,0,0,0,0,0,0,0,0,0,0,0,0,0,0,0,0,0,0,0,0,0,0,0,0,0,0,0,0,0,0,0,0,0,0
Port 113,113,11/17/2020,26297,0,0,0,0,0,0,0,0,0,0,0,0,0,0,0,0,0,0,0,0,0,0,0,0,0,0,0,0,0,0,0,0,0,0,0,0,1606,1606,67,0,0,0,0,0,0,10,1635,1635,0,0,0,0,0,0,0,0,0,0,0,0,0,0,0,0,0,0,0,0,0,0,0,0,0,0,0,0,0,0,0,0,0,0,0,0,0,0,0,0,0,0,0,0,0,0,0,1,0,0,0,0,0,0,0,0,554,1636,1674,0,0,0,0,0,0,0,0,0,0,0,0,0,0,0,0,0,0,0,1544,1,1549,0,0,0,0,0,0,0,0,331,331,0,0,0,0,0,0,0,0,0,0,0,0,0,0,0,0,0,0,0,0,0,0,327,0,669,0,0,1610,0,0,60,60,60,1743,661,0,0,0,0,0,0,0,0,0,54,0,0,10,1634,0,0,0,0,0,0,337,337,0,0,0,0,0,0,0,0,0,0,0,0,5,0,0,0,0,0,0,0,0,0,0,0,0,0,0,5,0,0,0,10,707,707,707,37,27,1661,0,0,0,0,0,0,0,0,0,0,0,0,0,0,0,0,0,0,0,0,335,0,339,0,0,0,0,0,0,0,0,0,0,0,0,0,0,5,5,5,0,0,0,0,0,0,0,0,0,0,0,0,0,0,0,0,0,0,0,0,0,0,0,0,0,0,0,0,0,0,0,0,0,0,0,0,0,0,0,0,0,0
Port 119,119,11/17/2020,3,1,0,0,0,0,0,0,0,0,0,0,0,0,0,0,0,0,0,0,0,0,0,0,0,0,0,0,0,0,0,0,0,0,0,0,0,0,0,0,0,0,0,0,1,0,0,0,0,0,0,0,0,0,0,0,0,0,0,0,0,0,0,0,0,0,0,0,0,0,0,0,0,0,0,0,0,0,0,0,0,0,0,0,0,0,0,0,0,0,0,0,0,0,0,0,0,0,0,0,0,0,0,0,0,0,0,0,0,0,0,0,0,0,0,0,0,0,0,0,0,0,0,0,0,0,0,0,0,0,0,0,0,0,0,0,0,0,0,0,0,0,0,0,0,0,0,0,0,0,0,0,0,0,0,0,0,0,0,0,0,0,0,0,0,0,0,0,0,0,0,0,0,0,0,0,0,0,0,0,0,0,0,0,0,0,0,0,0,0,0,0,0,0,0,0,0,0,0,0,0,0,0,0,0,0,0,0,0,0,0,0,0,0,0,0,0,0,0,0,0,0,0,0,0,0,0,0,0,0,0,0,0,0,0,0,0,0,0,0,0,0,0,0,0,0,0,0,0,0,0,0,0,0,0,0,0,0,0,0,0,1,0,0,0,0,0,0,0,0,0,0,0,0,0,0,0,0,0,0,0,0,0,0,0,0,0,0,0,0,0,0,0,0,0,0,0,0,0,0,0,0,0,0,0,0,0,0,0,0,0,0,0,0,0,0,0
Port 143,143,11/17/2020,405,0,0,0,0,0,0,0,0,0,0,0,0,0,0,0,0,0,0,0,0,0,0,0,0,0,0,0,0,0,0,0,0,0,0,80,80,0,0,0,0,0,0,0,0,0,0,0,0,0,0,0,0,0,0,0,0,0,0,0,0,0,0,0,0,0,0,0,0,0,0,0,0,0,0,0,0,0,0,0,0,0,0,0,0,0,0,0,0,0,0,0,0,0,0,0,0,0,0,0,0,0,0,0,0,0,0,0,0,0,0,0,0,0,0,0,0,0,0,0,0,0,0,0,0,0,0,0,0,0,0,0,0,0,0,0,0,0,0,0,0,0,0,0,0,0,0,0,0,0,0,0,0,0,0,0,0,0,0,0,0,0,0,0,0,0,0,0,0,0,0,0,0,0,0,0,0,0,0,0,0,0,0,0,0,0,0,0,0,0,0,0,0,0,0,0,0,0,0,0,0,0,0,0,0,0,0,0,0,0,0,0,0,0,0,0,0,0,0,0,0,0,0,0,0,0,0,0,0,0,0,0,0,0,0,0,0,0,0,0,81,0,0,0,0,0,0,0,0,0,0,0,0,0,0,0,0,0,0,0,0,0,0,0,0,0,0,0,0,0,0,82,0,0,0,0,0,0,0,0,0,0,0,0,82,0,0,0,0,0,0,0,0,0,0,0,0,0,0,0,0,0,0,0,0,0,0,0,0,0,0,0,0,0,0,0,0
Port 222,222,11/17/2020,13318,0,0,0,0,0,2,2,2,2,1,0,0,0,2,0,1,0,2,0,0,0,0,0,0,0,0,0,0,0,0,0,0,0,0,0,0,0,0,6702,0,0,0,31,0,0,0,0,0,0,0,0,0,0,0,7,4,20,12,12,12,0,0,0,0,0,0,0,0,0,0,0,0,0,0,0,0,0,0,0,0,0,0,0,0,0,0,0,0,0,0,0,0,0,0,0,3,0,0,0,0,0,0,0,0,0,0,0,2,0,0,0,0,0,0,0,0,0,0,0,0,0,0,0,2,0,0,0,0,0,0,0,14,0,16,1,14,14,0,0,0,0,0,0,0,32,32,32,32,32,0,0,0,0,0,0,0,0,0,0,0,0,0,0,0,0,0,0,0,0,0,0,0,0,0,0,1,33,1,33,57,0,0,0,4616,0,33,0,0,0,0,0,0,0,0,0,0,32,32,11,31,34,0,0,0,0,0,0,0,236,33,0,0,15,0,0,0,0,0,0,0,2,0,0,0,0,0,0,2,0,0,0,0,0,0,0,0,0,0,0,0,0,0,0,1,1,1,2,2,2,0,0,0,0,0,0,0,0,0,0,0,2,0,0,0,2,18,16,0,0,0,0,237,238,238,0,0,0,0,0,0,0,0,33,0,0,0,0,0,0,0,0,0,34,34,1,34,34,0,0,36,36,36,1,36,1,0,0,0,0,0,0,0,0,0,0,0
Port 225,225,11/17/2020,4622,0,0,0,0,0,2,2,2,2,1,0,0,0,2,0,0,0,2,0,0,0,0,0,0,0,0,0,0,0,0,0,0,0,0,0,0,0,0,954,0,0,0,120,0,0,0,0,0,0,0,0,0,0,0,4,2,19,7,7,7,0,0,0,0,0,0,0,0,0,0,0,0,0,0,0,0,0,0,0,0,0,0,0,0,0,0,0,0,0,0,0,0,0,0,0,3,0,0,0,0,0,0,0,0,0,0,0,2,0,0,0,0,0,0,0,0,0,0,0,0,0,0,0,2,0,0,0,0,0,0,0,9,0,10,2,9,7,0,0,0,0,0,0,0,120,120,120,120,120,0,0,0,0,0,0,0,0,0,0,0,0,0,0,0,0,0,0,1,0,0,0,0,0,0,0,1,121,0,121,0,0,0,0,618,0,122,0,0,0,0,0,0,0,0,0,0,121,121,8,121,125,0,0,0,0,0,0,0,13,122,0,0,9,0,0,0,0,0,0,1,0,0,0,0,0,2,0,2,0,0,0,0,0,0,0,0,0,1,0,0,0,0,0,2,2,4,4,4,4,0,0,0,0,0,0,0,0,0,0,0,0,0,1,0,3,16,13,0,0,0,0,13,13,13,0,0,0,0,0,0,0,0,122,0,0,0,0,0,0,0,0,0,122,122,1,122,122,0,0,127,127,127,3,127,1,0,0,0,0,0,0,0,0,0,0,0
Port 443,443,11/17/2020,53252949,5,19786,943,0,91,41664,21059,59060,59061,16881,38001,11,11,59064,0,33745,46168,59063,38002,3,13,620,16672,620,620,4158,620,620,620,620,0,787,0,0,0,0,1655810,1655841,5742,788,3,9,868575,5,256,0,1142592,1142601,91,91,91,91,91,0,40,26,693,583,576,587,13118,140,140,140,140,140,140,140,57,57,57,122,122,144,821,747,747,747,747,747,747,747,212,212,270,3393,348,309,309,0,3409,3409,3621,3408,14675,6281,592,0,0,0,0,0,0,0,173582,1143147,1793110,59089,1375,9,5,9,5,7,5,3,343,343,343,343,343,343,343,56659,2157,82642,1233813,2484,1287882,7,8,602,10,3910,3319,602,584,9353,9714,4580,12158,26204,12159,0,906816,911748,911751,911764,911774,0,0,0,0,12,12,12,12,12,12,12,12,568,1873,948758,11,11,1657542,19761,27206,397312,397311,397313,2251425,914085,839,134903,962948,58527,962958,60,13,13,13,3600,0,980123,49975,1760072,16,14,12,14,14,755533,9372,9734,948552,948557,238045,840594,1120672,33849,33852,33852,33857,33857,33859,33861,297,1000059,90,90,605,13,13,13,13,13,344,5,78584,2008,5270,20914,6,4,1020,53289,1156961,1156986,1156993,203052,153236,1913770,0,0,0,0,0,0,24146,16,12,92626,92626,131858,148430,148428,148426,12647,18860,462,14,1498,7891,398,10113,16,1,8,1,32,0,0,3330,3920,592,5464,5465,441,0,298,298,299,13,13,13,13,17036,17036,1597,18547,990393,0,13,13,14,15,14,14,33849,1316,1083071,1083081,215674,1083117,1083138,2761,0,1245037,1245055,1245088,105006,1245123,171414,12,12,4,12,37002,0,4,4,0,357,0
Port 444,444,11/17/2020,62570,0,42,6,0,0,83,40,88,88,48,48,0,0,89,0,16,61,89,49,0,0,2,39,2,2,17,2,2,2,2,0,1,0,0,0,0,0,0,1172,1,0,0,2109,0,1,0,0,0,0,0,0,0,0,0,2,2,17,12,12,12,39,0,0,0,0,0,0,0,0,0,0,0,0,0,2,6,6,6,6,6,6,6,0,0,0,4,0,0,0,0,4,4,4,4,40,0,2,0,0,0,0,0,0,0,0,0,0,89,1,0,0,0,0,0,0,0,1,1,1,1,1,1,1,63,0,63,0,0,0,0,0,14,0,212,198,14,12,0,0,11,27,63,27,0,2176,2184,2184,2183,2183,0,0,0,0,0,0,0,0,0,0,0,0,0,3,0,0,0,0,53,65,0,0,0,0,0,1,179,2248,77,2249,3,0,0,0,586,0,2260,0,0,0,0,0,0,0,0,0,0,2131,2132,436,2024,2390,77,77,77,77,77,77,77,29,2292,0,0,12,0,0,0,0,0,0,0,100,0,4,0,0,2,0,195,0,0,0,0,0,0,0,0,0,0,0,0,11,0,0,125,125,188,205,205,205,0,8,0,0,0,0,0,0,0,0,0,2,0,0,0,197,208,11,54,54,0,0,29,29,29,0,0,0,0,8,8,0,8,2280,0,0,0,0,0,0,0,77,2,2431,2431,302,2431,2430,3,0,2992,2991,2991,177,2991,222,0,0,0,0,86,0,0,0,0,0,0
Port 445,445,11/17/2020,127973,0,0,0,0,0,0,0,0,0,0,0,0,0,0,0,0,0,0,0,0,0,0,0,0,0,0,0,0,0,0,0,0,0,0,0,0,0,0,0,0,0,0,0,0,0,0,0,0,0,0,0,0,0,0,0,0,2,1,1,1,0,0,0,0,0,0,0,0,0,0,0,0,0,0,0,0,0,0,0,0,0,0,0,0,0,0,0,0,0,0,0,0,0,0,0,0,0,0,0,0,0,0,0,0,0,0,0,0,0,0,0,0,0,0,0,0,0,0,0,0,0,0,0,0,0,0,0,0,0,0,0,1,0,31,30,1,1,0,0,0,0,0,0,0,0,0,0,0,0,0,0,0,0,0,0,0,0,0,0,0,0,0,0,0,0,0,0,0,0,0,0,0,0,0,0,0,0,0,0,0,0,0,0,0,0,0,0,0,0,0,0,0,0,0,0,0,0,0,0,0,0,0,0,0,0,0,0,0,0,0,0,0,1,0,0,0,0,0,0,0,0,0,0,0,0,0,0,30,0,0,0,0,0,0,0,0,0,0,0,0,0,0,0,0,0,0,0,0,0,0,0,0,0,0,0,0,0,0,0,0,0,0,0,0,30,31,1,0,0,0,0,0,0,0,0,0,0,0,0,0,0,0,0,0,0,0,0,0,0,0,0,0,0,0,0,0,0,0,0,0,0,0,0,0,0,0,0,0,0,0,117164,0,0,0,0,10647
Port 465,465,11/17/2020,279158,26552,0,0,13,0,0,0,0,0,0,0,0,0,0,0,0,0,0,0,0,0,0,0,0,0,0,0,0,0,0,0,0,0,0,0,0,0,0,0,0,0,0,0,27910,0,0,0,0,0,0,0,0,0,0,0,0,0,0,0,0,0,0,0,0,0,0,0,0,0,0,0,0,0,0,0,0,0,0,0,0,0,0,0,0,0,0,0,0,0,0,0,0,0,0,0,0,0,0,0,0,0,0,0,0,0,0,0,0,0,0,0,0,0,0,0,0,0,0,0,0,0,0,0,0,0,0,0,0,0,0,0,0,0,0,0,0,0,0,0,0,0,0,0,0,0,0,0,0,0,0,0,0,0,0,0,0,0,0,0,0,0,0,0,0,0,0,0,0,0,0,0,0,0,0,0,0,0,0,0,0,0,0,0,0,0,0,0,0,0,0,0,0,0,0,0,0,0,0,0,0,0,0,0,0,0,0,0,0,0,0,0,0,0,0,0,0,0,0,0,19962,0,0,0,0,0,47,0,0,0,0,0,0,0,0,0,0,0,101714,0,0,0,0,0,0,0,0,0,0,0,0,0,0,0,0,0,0,0,0,0,0,0,0,102960,0,0,0,0,0,0,0,0,0,0,0,0,0,0,0,0,0,0,0,0,0,0,0,0,0,0,0,0,0,0,0,0,0,0,0,0,0,0,0,0,0,0,0,0,0,0,0,0,0,0,0,0,0
Port 587,587,11/17/2020,261762,25537,0,0,28,0,0,0,0,0,0,0,0,0,0,0,0,0,0,0,0,0,0,0,0,0,0,0,0,0,0,0,0,0,0,0,0,0,0,3,0,0,0,0,26846,0,0,0,0,0,0,0,0,0,0,0,0,0,0,0,0,0,0,0,0,0,0,0,0,0,0,0,0,0,0,0,0,0,0,0,0,0,0,0,0,0,0,0,0,0,0,0,0,0,0,0,0,0,0,0,0,0,0,0,0,0,0,0,0,0,0,0,0,0,0,0,0,0,0,0,0,0,0,0,0,0,0,0,0,0,0,0,0,0,0,0,0,0,0,0,0,0,0,0,0,0,0,0,0,0,0,0,0,0,0,0,0,0,0,0,0,0,0,0,0,0,0,0,0,0,0,0,0,0,0,0,0,0,0,0,0,0,0,0,3,0,0,0,0,0,0,0,0,0,0,0,0,0,0,0,0,0,0,0,0,0,0,0,0,0,0,0,0,0,0,0,0,0,0,0,22719,0,0,0,0,0,1347,0,0,0,0,0,0,0,0,0,0,0,92046,0,0,0,0,0,0,0,0,0,0,0,0,0,0,0,0,0,0,0,0,0,0,0,0,93233,0,0,0,0,0,0,0,0,0,0,0,0,0,0,0,0,0,0,0,0,0,0,0,0,0,0,0,0,0,0,0,0,0,0,0,0,0,0,0,0,0,0,0,0,0,0,0,0,0,0,0,0,0
Port 666,666,11/17/2020,15053,0,0,0,0,0,0,0,0,0,0,0,0,0,0,0,0,0,0,0,0,0,0,0,0,0,0,0,0,0,0,0,0,0,0,0,0,0,0,10157,0,0,0,0,0,0,0,0,0,0,0,0,0,0,0,0,0,0,0,0,0,0,0,0,0,0,0,0,0,0,0,0,0,0,0,0,0,0,0,0,0,0,0,0,0,0,0,0,0,0,0,0,0,0,0,0,0,0,0,0,0,0,0,0,0,0,0,0,0,0,0,0,0,0,0,0,0,0,0,0,0,0,0,0,0,0,0,0,0,0,0,0,0,0,7,7,0,0,0,0,0,0,0,0,0,0,0,0,0,0,0,0,0,0,0,0,0,0,0,0,0,0,0,0,0,0,0,0,0,0,0,0,0,0,0,0,0,0,0,0,8,0,0,0,4718,0,0,0,0,0,0,0,0,0,0,0,0,0,0,0,0,0,0,0,0,0,0,0,0,31,0,0,0,0,0,0,0,0,0,0,0,0,0,0,0,0,1,0,7,0,0,0,0,0,0,0,0,0,0,0,0,0,0,0,0,0,0,0,0,0,0,0,0,0,0,0,0,0,0,0,0,6,0,0,0,7,7,0,0,0,0,0,31,31,31,0,0,0,0,0,0,0,0,0,0,0,0,0,0,0,0,0,0,0,0,0,0,0,0,0,1,1,1,0,1,0,0,0,0,0,0,0,0,0,0,0,0
Port 830,830,11/17/2020,21097,0,0,0,0,0,1,1,1,1,0,0,0,0,1,0,1,0,1,0,0,0,0,0,0,0,0,0,0,0,0,0,0,0,0,0,0,0,0,9645,0,0,0,90,0,0,0,0,0,0,0,0,0,0,0,5,5,23,12,12,13,0,0,0,0,0,0,0,0,0,0,0,0,0,0,0,0,0,0,0,0,0,0,0,0,0,0,0,0,0,0,0,0,0,0,0,2,0,0,0,0,0,0,0,0,0,0,0,1,0,0,0,0,0,0,0,0,0,0,0,0,0,0,0,2,0,0,0,0,0,0,0,16,1,18,1,16,14,0,0,0,0,0,0,0,92,92,92,92,92,0,0,0,0,0,0,0,0,0,0,0,0,0,0,0,0,0,0,1,0,0,0,0,0,0,0,2,93,0,93,0,0,0,0,9025,0,93,0,0,0,0,0,0,0,0,0,0,92,92,8,91,98,0,0,0,0,0,0,0,2,94,0,0,18,0,0,0,0,0,0,0,2,0,0,0,0,0,0,0,0,0,0,0,0,0,0,0,0,0,0,0,0,0,0,3,3,4,5,5,5,0,0,0,0,0,0,0,0,0,0,0,0,0,0,0,1,20,19,0,0,0,0,2,2,2,0,0,0,0,0,0,0,0,93,0,0,0,0,0,0,0,0,0,95,95,3,95,95,0,0,99,99,99,4,99,3,0,0,0,0,0,0,0,0,0,0,0
Port 888,888,11/17/2020,1173730,0,0,0,0,0,68,11,71,71,53,60,0,0,71,0,9,64,71,60,0,0,0,0,0,0,0,0,0,0,0,0,0,0,0,0,0,33178,33182,129,0,0,0,32874,0,0,0,576,576,0,0,0,0,0,0,25,12,198,144,145,147,53,0,0,0,0,0,0,0,0,0,0,0,0,0,2,0,0,0,0,0,0,0,0,0,0,0,0,0,0,0,0,0,0,0,53,108,0,0,0,0,0,0,0,0,268,578,670,71,0,0,0,0,0,0,0,0,0,0,0,0,0,0,0,10,2,61,524,1,33326,0,0,157,2,164,10,157,148,4,4,0,0,0,0,0,33070,33076,33078,33079,33079,0,0,0,0,0,0,0,0,0,0,0,0,0,2,33307,0,0,33432,7,0,39,39,39,33601,33310,0,79,33147,71,33156,0,0,0,0,80,0,33186,6,33514,0,0,0,0,0,737,4,4,33198,33198,123,33127,33229,0,0,0,0,0,0,0,8,33238,0,0,158,0,0,0,0,0,0,0,74,0,0,10,0,2,0,31,33487,33493,33496,32,26,33642,0,0,0,0,0,0,1,0,0,23,23,35,40,40,40,1,0,0,0,0,3,0,4,0,0,0,1,0,0,0,33,191,158,0,0,0,0,8,8,8,0,0,0,0,0,0,0,0,33405,0,0,0,0,0,0,0,0,0,33431,33432,90,33434,33435,1,0,33467,33472,33474,31,33480,79,0,0,0,0,0,0,0,0,0,0,0
Port 993,993,11/17/2020,3758,0,0,0,0,0,0,0,0,0,0,0,0,0,0,0,0,0,0,0,0,0,0,0,0,0,0,0,0,0,0,0,0,0,0,751,751,0,0,0,0,0,0,0,0,0,0,0,0,0,0,0,0,0,0,0,0,0,0,0,0,0,0,0,0,0,0,0,0,0,0,0,0,0,0,0,0,0,0,0,0,0,0,0,0,0,0,0,0,0,0,0,0,0,0,0,0,0,0,0,0,0,0,0,0,0,0,0,0,0,0,0,0,0,0,0,0,0,0,0,0,0,0,0,0,0,0,0,0,0,0,0,0,0,0,0,0,0,0,0,0,0,0,0,0,0,0,0,0,0,0,0,0,0,0,0,0,0,0,0,0,0,0,0,0,0,0,0,0,0,0,0,0,0,0,0,0,0,0,0,0,0,0,0,0,0,0,0,0,0,0,0,0,0,0,0,0,0,0,0,0,0,0,0,0,0,0,0,0,0,0,0,0,0,0,0,0,0,0,0,0,0,0,0,0,0,0,0,0,0,0,0,0,0,0,0,0,0,0,0,752,0,0,0,0,0,0,0,0,0,0,0,0,0,0,0,0,0,0,0,0,0,0,0,0,0,0,0,0,0,0,752,0,0,0,0,0,0,0,0,0,0,0,0,752,0,0,0,0,0,0,0,0,0,0,0,0,0,0,0,0,0,0,0,0,0,0,0,0,0,0,0,0,0,0,0,0
Port 999,999,11/17/2020,777639,0,0,0,0,0,158,111,268,268,47,157,0,0,268,0,2062,157,268,157,0,0,0,0,0,0,0,0,0,0,0,0,0,0,0,0,0,0,0,173,0,0,0,30670,0,0,0,0,0,0,0,0,0,0,0,13,5,37,28,27,29,47,0,0,0,0,0,0,0,0,0,0,0,0,0,0,0,0,0,0,0,0,0,0,0,0,0,0,0,0,0,0,0,0,0,47,70,0,0,0,0,0,0,0,0,0,0,0,271,1,0,0,0,0,0,0,0,0,0,0,0,0,0,0,4,2,155,0,0,0,0,0,332,2,339,8,332,31,0,0,0,0,0,0,0,30884,30885,30887,30889,30892,0,0,0,0,0,0,0,0,0,0,0,0,0,0,0,0,0,0,5,0,0,0,0,0,0,0,195,30942,165,30949,1,0,0,0,141,0,30977,0,0,0,0,0,0,0,0,0,0,30988,30989,1915,30798,31500,0,0,0,0,0,0,0,3,31020,0,0,334,0,0,0,0,0,0,0,171,0,0,0,0,0,0,9,0,0,0,0,0,0,0,0,0,1,0,0,0,0,0,89,89,105,695,695,695,0,0,0,0,0,0,0,0,0,0,0,0,0,1,0,11,346,335,0,0,0,0,3,3,3,0,0,0,0,0,0,0,0,31143,0,0,0,0,0,0,0,0,0,31468,31468,554,31473,31559,0,0,43539,43543,43546,93,43552,547,0,0,0,0,0,0,0,0,0,0,0
Port 1024,1024,11/17/2020,62496,0,0,0,0,0,26,20,135,135,6,115,0,0,135,0,2,115,135,115,0,0,0,0,0,0,0,0,0,0,0,0,0,0,0,0,0,0,0,4990,0,0,0,1524,0,0,0,0,0,0,0,0,0,0,0,38,21,312,172,171,181,5,0,0,0,0,0,0,0,0,0,0,0,0,0,0,0,0,0,0,0,0,0,0,0,0,0,0,0,0,0,0,0,0,0,5,19,0,0,0,0,0,0,0,0,0,0,0,135,0,0,0,0,0,0,0,0,0,0,0,0,0,0,0,8,0,117,0,0,0,0,0,271,10,384,31,271,212,0,0,0,0,0,0,0,1550,1552,1552,1552,1552,0,0,0,0,0,0,0,0,0,0,0,0,0,3,0,0,0,0,9,0,0,0,0,0,0,0,188,1565,171,1565,0,0,0,0,4712,0,1568,0,0,0,0,0,0,0,0,0,0,1539,1539,265,1359,2514,0,0,0,0,0,0,0,17,1575,0,0,365,0,0,0,0,0,0,0,176,0,0,0,0,0,0,61,0,0,0,0,0,0,0,0,0,0,0,0,0,0,0,85,85,98,100,100,100,0,0,0,0,0,0,0,0,0,0,0,3,0,0,0,73,433,360,0,0,0,0,18,18,18,0,0,0,0,0,0,0,0,1575,0,0,0,0,0,0,0,0,0,2528,2528,1112,2528,2540,1,0,2557,2557,2558,94,2561,1101,0,0,0,0,0,0,0,0,0,0,0
Port 3388,3388,11/17/2020,4469,0,0,0,0,0,0,0,0,0,0,0,0,0,0,0,0,0,0,0,0,0,0,0,0,0,0,0,0,0,0,0,0,0,0,0,0,0,0,573,0,0,0,0,0,0,0,0,0,0,0,0,0,0,0,0,0,0,0,0,0,0,0,0,0,0,0,0,0,0,0,0,0,0,0,0,0,0,0,0,0,0,0,0,0,0,0,0,0,0,0,0,0,0,0,0,0,0,0,0,0,0,0,0,0,0,0,0,0,0,0,0,0,0,0,0,0,0,0,0,0,0,0,0,0,0,0,0,0,0,0,0,0,0,0,0,0,0,0,0,0,0,0,0,0,0,0,0,0,0,0,0,0,0,0,0,0,0,0,0,0,0,0,0,0,0,0,0,0,0,0,0,0,0,0,0,0,0,0,0,0,0,0,0,532,0,0,0,0,0,0,0,0,0,0,0,0,0,0,0,0,0,0,0,0,0,0,0,0,0,0,0,0,0,0,0,0,0,0,0,0,0,0,0,0,0,0,0,0,0,0,0,0,0,0,3362,0,0,0,0,0,0,0,0,0,0,0,0,0,0,0,0,0,0,0,0,0,0,0,0,0,2,0,0,0,0,0,0,0,0,0,0,0,0,0,0,0,0,0,0,0,0,0,0,0,0,0,0,0,0,0,0,0,0,0,0,0,0,0,0,0,0,0,0,0,0,0,0,0,0,0,0,0,0,0,0,0
Port 3389,3389,11/17/2020,351759,0,0,0,0,0,0,0,0,0,0,0,0,0,0,0,0,0,0,0,0,0,0,0,0,0,0,0,0,0,0,0,0,0,0,0,0,0,0,48198,0,0,0,0,0,0,0,0,0,0,0,0,0,0,0,0,0,0,0,0,0,0,0,0,0,0,0,0,0,0,0,0,0,0,0,0,0,0,0,0,0,0,0,0,0,0,0,0,0,0,0,0,0,0,0,0,0,0,0,0,0,0,0,0,0,0,0,0,0,0,0,0,0,0,0,0,0,0,0,0,0,0,0,0,0,0,0,0,0,0,0,0,0,0,0,0,0,0,0,0,0,0,0,0,0,0,0,0,0,0,0,0,0,0,0,0,0,0,0,0,0,0,0,0,0,0,0,0,0,0,0,0,0,0,0,0,0,0,0,0,1,0,0,0,48043,0,0,0,0,0,0,0,0,0,0,0,0,0,0,0,0,0,0,0,0,0,0,0,0,6,0,0,0,0,0,0,0,0,0,0,0,0,0,0,0,0,0,0,0,0,0,0,0,0,0,255492,0,0,0,0,0,0,0,0,0,0,0,0,0,0,0,0,0,0,0,0,0,0,0,0,0,1,0,0,0,0,0,0,0,0,0,0,6,6,6,0,0,0,0,0,0,0,0,0,0,0,0,0,0,0,0,0,0,0,0,0,0,0,0,0,0,0,0,0,0,0,0,0,0,0,0,0,0,0,0,0,0
Port 4000,4000,11/17/2020,1750,0,0,0,0,0,0,0,0,0,0,0,0,0,0,0,0,0,0,0,0,0,0,0,0,0,0,0,0,0,0,0,0,0,0,0,0,8,8,906,0,0,0,0,0,0,0,3,3,0,0,0,0,0,0,0,0,0,0,0,0,0,0,0,0,0,0,0,0,0,0,0,0,0,0,0,0,0,0,0,0,0,0,0,0,0,0,0,0,0,0,0,0,0,0,0,1,0,0,0,0,0,0,0,0,0,3,9,0,0,0,0,0,0,0,0,0,0,0,0,0,0,0,0,0,0,0,7,0,7,0,0,0,0,0,0,0,0,0,0,0,0,0,0,0,0,0,0,0,0,0,0,0,0,0,0,0,0,0,0,0,0,0,0,2,0,0,8,0,0,1,1,1,10,2,0,0,0,0,0,1,0,0,0,694,0,0,0,8,0,0,0,0,0,2,0,0,0,0,0,0,0,0,0,0,0,0,0,0,8,0,0,0,0,0,0,0,0,0,0,0,0,0,0,0,0,3,0,0,2,2,2,0,0,8,0,0,0,0,0,0,0,0,0,0,0,0,0,0,0,0,0,0,0,0,0,0,0,0,0,0,16,0,0,0,0,0,0,0,0,0,0,8,8,8,0,0,0,0,0,0,0,0,0,0,0,0,0,0,0,0,0,0,0,0,0,0,0,0,0,0,0,0,0,0,0,0,0,0,0,0,0,0,0,0,0,0
Port 4444,4444,11/17/2020,3950,0,0,0,0,0,0,0,0,0,0,0,0,0,0,0,0,0,0,0,0,0,0,0,0,0,0,0,0,0,0,0,0,0,0,0,0,5,5,2132,0,0,0,0,0,0,0,4,4,0,0,0,0,0,0,0,0,1,0,0,0,0,0,0,0,0,0,0,0,0,0,0,0,0,0,0,0,0,0,0,0,0,0,0,0,0,0,0,0,0,0,0,0,0,0,0,0,0,0,0,0,0,0,0,0,1,4,4,0,0,0,0,0,0,0,0,0,0,0,0,0,0,0,0,0,0,0,1,0,1,0,0,0,0,122,122,0,0,0,0,0,0,0,0,0,0,0,0,0,0,0,0,0,0,0,0,0,0,0,0,0,0,0,0,5,0,0,5,0,0,4,4,4,8,5,0,0,0,0,0,27,0,0,0,899,0,0,0,5,0,0,0,0,0,0,0,0,0,0,0,0,0,0,0,0,0,0,0,0,45,0,0,0,0,0,0,0,0,0,0,3,0,0,0,0,0,0,0,121,6,6,6,1,1,6,0,0,0,0,0,0,0,0,0,0,0,0,0,0,0,0,0,0,0,0,0,0,0,0,0,0,6,0,0,0,121,121,0,0,0,0,0,45,45,45,0,0,0,0,0,0,0,0,0,0,0,0,0,0,0,0,0,0,0,0,0,0,0,0,0,0,0,0,0,0,0,0,0,0,0,0,0,0,0,0,0,0
Port 4506,4506,11/17/2020,286,0,0,0,0,0,0,0,0,0,0,0,0,0,0,0,0,0,0,0,0,0,0,0,0,0,0,0,0,0,0,0,0,0,0,0,0,0,0,42,0,0,0,0,0,0,0,0,0,0,0,0,0,0,0,0,0,0,0,0,0,0,0,0,0,0,0,0,0,0,0,0,0,0,0,0,0,0,0,0,0,0,0,0,0,0,0,0,0,0,0,0,0,0,0,0,0,0,0,0,0,0,0,0,0,0,0,0,0,0,0,0,0,0,0,0,0,0,0,0,0,0,0,0,0,0,0,0,0,0,0,0,0,0,0,0,0,0,0,0,0,0,0,0,0,0,0,0,0,0,0,0,0,0,0,0,0,0,0,0,0,0,0,0,0,0,0,0,0,0,0,0,0,0,0,0,0,0,0,0,0,0,0,0,32,0,0,0,0,0,0,0,0,0,0,0,0,0,0,0,0,0,0,0,0,0,0,0,0,3,0,0,0,0,0,0,0,0,0,0,0,0,0,0,0,0,0,0,0,0,0,0,0,0,0,0,0,0,0,0,0,0,0,0,0,0,0,0,0,0,0,0,0,0,0,0,0,0,0,0,0,0,0,0,0,0,0,0,0,0,0,0,3,3,3,0,0,0,0,0,0,0,0,0,0,0,0,0,0,0,0,0,0,0,0,0,0,0,0,0,0,0,0,0,0,0,0,0,0,0,0,0,100,100,0,0,0
Port 4545,4545,11/17/2020,4927,0,0,0,0,0,2,2,5,5,0,3,0,0,5,0,0,3,5,3,0,0,0,0,0,0,0,0,0,0,0,0,0,0,0,0,0,0,0,54,0,0,0,120,0,0,0,0,0,0,0,0,0,0,0,7,4,28,14,14,15,0,0,0,0,0,0,0,0,0,0,0,0,0,0,0,0,0,0,0,0,0,0,0,0,0,0,0,0,0,0,0,0,0,0,0,1,0,0,0,0,0,0,0,0,0,0,0,5,0,0,0,0,0,0,0,0,0,0,0,0,0,0,0,0,0,3,0,0,0,0,0,15,1,19,2,15,15,0,0,0,0,0,0,0,123,124,124,124,124,0,0,0,0,0,0,0,0,0,0,0,0,0,0,0,0,0,0,2,0,0,0,0,0,0,0,7,125,4,125,0,0,0,0,17,0,125,0,0,0,0,0,0,0,0,0,0,122,122,15,117,219,0,0,0,0,0,0,0,2,165,0,0,18,0,0,0,0,0,0,0,5,0,0,0,0,5,0,0,0,0,0,0,0,0,0,0,0,0,0,0,0,0,0,97,97,99,99,99,99,0,0,0,0,0,0,0,0,0,0,0,0,0,0,0,2,20,18,0,0,0,0,2,2,2,0,0,0,0,0,0,0,0,126,0,0,0,0,0,0,0,0,0,221,221,102,221,221,0,0,224,224,224,99,224,5,0,0,0,0,0,0,0,0,0,0,0
Port 4567,4567,11/17/2020,55940,0,0,0,0,0,17,15,17,17,3,2,0,0,17,0,1,2,17,2,0,0,0,0,0,0,0,0,0,0,0,0,0,0,0,0,0,962,962,408,0,0,0,1191,0,0,0,512,512,0,0,0,0,0,0,39,20,186,106,100,115,2,0,0,0,0,0,0,0,0,0,0,0,0,0,0,0,0,0,0,0,0,0,0,0,0,0,0,0,0,0,0,0,0,0,2,44,0,0,0,0,0,0,0,0,79,513,676,17,0,0,0,0,0,0,0,0,0,0,0,0,0,0,0,9,0,2,350,2,368,0,0,131,15,152,28,131,119,91,92,0,0,0,0,0,1204,1206,1206,1206,1206,0,0,0,0,0,0,0,0,0,0,0,0,4,0,796,0,0,966,6,1,601,601,601,1299,775,0,13,1212,4,1213,1,0,0,0,150,0,1214,19,1004,0,0,0,0,0,741,92,93,1206,1206,60,1198,1703,1,1,1,1,1,1,1,8,1457,0,0,140,0,0,0,0,0,0,0,10,0,0,6,0,0,0,36,882,882,882,85,66,1070,0,0,0,0,0,0,0,0,0,485,485,492,495,495,495,2,0,0,0,0,126,35,128,0,0,0,1,35,0,0,42,171,129,0,0,0,0,8,8,8,0,0,0,0,0,0,0,0,1226,0,0,0,0,0,0,0,1,0,1701,1701,483,1701,1701,0,0,1724,1725,1725,489,1725,13,0,0,0,0,1,0,0,0,0,0,0
Port 5000,5000,11/17/2020,160959,1,4,0,0,0,39,23,47,47,16,24,0,0,47,0,10,29,47,24,0,0,1,4,1,1,1,1,1,1,1,0,0,0,0,0,0,4092,4092,1047,0,0,0,1865,1,0,0,5058,5058,0,0,0,0,0,0,73,45,2260,358,344,527,14,0,0,0,0,0,0,0,0,0,0,0,0,0,0,0,0,0,0,0,0,0,0,0,0,1,0,0,0,0,1,1,1,1,14,640,1,0,0,0,0,0,0,0,447,5066,6665,47,1,0,0,0,0,0,0,0,0,0,0,0,0,0,0,68,0,30,2798,5,2835,0,0,575,172,643,211,564,529,1060,1061,0,2,5,2,0,1940,1944,1944,1944,1944,0,0,0,0,0,0,0,0,0,0,0,0,643,1,2513,0,0,4113,17,5,1283,1283,1283,8013,2474,0,79,1968,42,1970,0,0,0,0,550,0,1983,96,4272,0,0,0,0,0,4463,1060,1061,1929,1929,256,1869,3179,5,5,5,5,5,5,5,55,2231,0,0,609,0,0,0,0,0,0,0,53,0,1,27,0,4,0,163,3015,3015,3015,483,387,4660,0,0,0,0,0,0,2,0,0,1199,1199,1231,1244,1244,1244,9,2,0,0,0,1144,93,1156,0,0,0,7,32,0,0,252,701,449,0,0,0,0,55,55,55,0,0,0,0,1,1,0,2,1993,0,0,0,0,0,0,0,5,1,2511,2511,579,2511,2511,2,0,2901,2902,2902,801,2902,89,0,0,0,0,8,0,0,0,0,0,0
Port 5003,5003,11/17/2020,11257,0,0,0,0,0,0,0,0,0,0,0,0,0,0,0,0,0,0,0,0,0,0,0,0,0,0,0,0,0,0,0,0,0,0,0,0,0,0,58,0,0,0,336,0,0,0,0,0,0,0,0,0,0,0,3,3,36,15,15,15,0,0,0,0,0,0,0,0,0,0,0,0,0,0,0,0,0,0,0,0,0,0,0,0,0,0,0,0,0,0,0,0,0,0,0,2,0,0,0,0,0,0,0,0,0,0,0,0,0,0,0,0,0,0,0,0,0,0,0,0,0,0,0,1,0,1,0,0,0,0,0,20,0,27,4,20,17,0,0,0,0,0,0,0,339,340,340,341,341,0,0,0,0,0,0,0,0,0,0,0,0,0,0,0,0,0,0,3,0,0,0,0,0,0,0,7,345,2,345,1,0,0,0,50,0,346,0,0,0,0,0,0,0,0,0,0,342,342,7,338,573,0,0,0,0,0,0,0,3,389,0,0,24,0,0,0,0,0,0,0,2,0,0,0,0,0,0,5,0,0,0,0,0,0,0,0,0,0,0,0,0,0,0,221,221,225,226,226,226,0,0,0,0,0,0,0,0,0,0,0,0,0,0,0,6,29,23,0,0,0,0,3,3,3,0,0,0,0,0,0,0,0,348,0,0,0,0,0,0,0,0,0,452,452,102,452,452,0,0,509,509,509,146,509,7,0,0,0,0,0,0,0,0,0,0,0
Port 5025,5025,11/17/2020,357,0,0,0,2,0,0,0,0,0,0,0,0,0,0,0,0,0,0,0,0,0,0,0,0,0,0,0,0,0,0,0,0,0,0,0,0,0,0,204,0,0,0,0,0,0,0,0,0,0,0,0,0,0,0,0,0,0,0,0,0,0,0,0,0,0,0,0,0,0,0,0,0,0,0,0,0,0,0,0,0,0,0,0,0,0,0,0,0,0,0,0,0,0,0,0,0,0,0,0,0,0,0,0,0,0,0,0,0,0,0,0,0,0,0,0,0,0,0,0,0,0,0,0,0,0,0,0,0,0,0,0,0,0,0,0,0,0,0,0,0,0,0,0,0,0,0,0,0,0,0,0,0,0,0,0,0,0,0,0,0,0,0,0,0,0,0,0,0,0,0,0,0,0,0,0,0,0,0,0,2,0,0,0,125,0,0,0,0,0,0,0,0,0,0,0,0,0,0,0,0,0,0,0,0,0,0,0,0,4,0,0,0,0,0,0,0,0,0,0,0,0,0,0,0,0,7,0,0,0,0,0,0,0,0,0,0,0,0,0,0,0,0,0,0,0,0,0,0,0,0,0,0,0,0,0,0,0,0,0,0,1,0,0,0,0,0,0,0,0,0,0,4,4,4,0,0,0,0,0,0,0,0,0,0,0,0,0,0,0,0,0,0,0,0,0,0,0,0,0,0,0,0,0,0,0,0,0,0,0,0,0,0,0,0,0,0
Port 5190,5190,11/17/2020,5901,0,0,0,0,0,2,2,2,2,0,0,0,0,2,0,0,0,2,0,0,0,0,0,0,0,0,0,0,0,0,0,0,0,0,0,0,0,0,25,0,0,0,117,0,0,0,0,0,0,0,0,0,0,0,2,2,20,8,8,8,0,0,0,0,0,0,0,0,0,0,0,0,0,0,0,0,0,0,0,0,0,0,0,0,0,0,0,0,0,0,0,0,0,0,0,1,0,0,0,0,0,0,0,0,0,0,0,2,0,0,0,0,0,0,0,0,0,0,0,0,0,0,0,2,0,0,0,0,0,0,0,11,0,14,1,11,9,0,0,0,0,0,0,0,119,119,119,119,119,0,0,0,0,0,0,0,0,0,0,0,0,0,0,0,0,0,0,1,0,0,0,0,0,0,0,1,121,0,121,1,0,0,0,18,0,121,0,0,0,0,0,0,0,0,0,0,119,119,6,119,347,0,0,0,0,0,0,0,0,174,0,0,14,0,0,0,0,0,0,0,1,0,0,0,0,0,0,1,0,0,0,0,0,0,0,0,0,1,0,0,0,0,0,224,224,225,227,227,227,0,0,0,0,0,0,0,0,0,0,0,0,0,1,0,2,17,15,0,0,0,0,0,0,0,0,0,0,0,0,0,0,0,123,0,0,0,0,0,0,0,0,0,228,228,104,228,229,0,0,275,275,275,138,276,0,0,0,0,0,0,0,0,0,0,0,0
Port 5432,5432,11/17/2020,4606485,0,0,0,0,0,0,0,0,0,0,0,0,0,0,401351,0,0,0,0,0,0,0,0,0,0,0,0,0,0,0,106432,0,397174,107500,0,0,0,0,0,0,0,0,0,0,0,0,0,0,0,0,0,0,0,0,0,0,0,0,0,0,0,0,0,0,0,0,0,0,0,0,0,0,0,0,0,0,0,0,0,0,0,0,0,0,0,0,0,0,0,0,0,0,0,0,0,0,0,0,321523,321525,350434,328109,328103,281308,0,0,0,0,0,0,0,0,0,0,0,0,0,0,0,0,0,0,0,0,0,0,0,0,0,0,0,0,0,0,0,0,0,0,0,0,0,0,0,160258,0,0,0,0,0,324102,160270,160270,369437,0,0,0,0,0,0,0,0,0,0,0,0,0,0,0,0,0,0,0,0,0,0,0,0,0,0,0,0,0,0,0,160342,0,0,0,0,0,0,0,0,0,0,0,0,0,0,0,0,0,0,0,0,0,0,0,0,0,0,0,0,0,0,0,0,0,0,0,0,0,0,0,0,0,0,0,0,0,0,0,0,0,0,0,4022,0,0,0,0,0,0,0,0,0,0,0,0,0,0,0,0,0,0,0,0,0,0,0,0,0,0,0,0,0,0,0,0,0,0,0,0,0,0,0,0,0,0,0,0,0,0,0,0,0,0,0,0,0,0,0,0,0,0,0,0,0,324325,0,0,0,0,0,0,0,0,0,0,0,0,0,0,0,0,0
Port 5555,5555,11/17/2020,53351,0,1,0,0,0,248,19,252,252,227,233,0,0,252,0,6,238,252,233,0,0,0,1,0,0,0,0,0,0,0,0,0,0,0,0,0,0,0,3206,0,0,0,1156,0,0,0,0,0,0,0,0,0,0,0,64,34,362,206,174,214,226,0,0,0,0,0,0,0,0,0,0,0,0,0,0,0,0,0,0,0,0,0,0,0,0,0,0,0,0,0,0,0,0,0,227,30,0,0,0,0,0,0,0,0,0,0,0,252,0,0,0,0,0,0,0,0,0,0,0,0,0,0,0,15,2,243,0,0,0,0,0,258,40,303,76,258,219,0,0,0,1,1,1,0,1186,1186,1187,1187,1187,0,0,0,0,0,0,0,0,0,0,0,0,0,2,0,0,0,0,15,1,0,0,0,0,0,0,282,1211,247,1211,4,0,0,0,1937,0,1220,0,0,0,0,0,0,0,0,0,0,1196,1196,386,931,2139,1,1,1,1,1,1,1,28,1456,0,0,270,0,0,0,0,0,0,0,257,0,0,0,0,0,0,52,0,0,0,0,0,0,0,0,0,0,0,0,2,0,0,926,926,950,955,955,955,0,2,0,0,0,0,0,0,0,0,0,9,0,0,0,97,333,236,0,0,0,0,28,28,28,0,0,0,0,2,2,0,2,1233,0,0,0,0,0,0,0,1,0,1735,1735,774,1735,1742,0,0,1843,1843,1844,543,1844,279,0,0,0,0,1,0,0,0,0,0,0
Port 5900,5900,11/17/2020,64299,0,0,0,0,0,17,13,17,17,5,4,0,0,17,0,1,4,17,4,0,0,0,0,0,0,0,0,0,0,0,0,0,0,0,0,0,892,892,2778,0,0,0,1187,0,0,0,469,469,0,0,0,0,0,0,33,18,163,82,81,91,4,0,0,0,0,0,0,0,0,0,0,0,0,0,0,0,0,0,0,0,0,0,0,0,0,0,0,0,0,0,0,0,0,0,4,40,0,0,0,0,0,0,0,0,73,471,607,17,0,0,0,0,0,0,0,0,0,0,0,0,0,0,0,12,0,4,303,4,311,0,0,111,10,124,12,111,96,79,80,0,0,0,0,0,1205,1206,1206,1206,1206,0,0,0,0,0,0,0,0,0,0,0,0,4,1,748,0,0,896,7,0,585,585,585,1206,728,0,16,1211,7,1213,0,0,0,0,2777,0,1215,21,935,0,0,0,0,0,743,80,81,1203,1203,55,1193,2147,0,0,0,0,0,0,0,10,1446,0,0,123,0,0,0,0,0,0,0,11,0,0,4,0,0,0,26,820,820,820,68,47,984,0,0,0,0,0,0,0,0,0,953,953,961,964,964,964,6,0,0,0,0,178,98,179,0,0,0,1,37,0,0,23,141,118,0,0,0,0,10,10,10,0,0,0,0,0,0,0,0,1222,0,0,0,0,0,0,0,0,0,1691,1691,484,1691,1695,0,0,2032,2032,2032,715,2032,15,0,0,0,0,0,0,0,0,0,0,0
Port 7070,7070,11/17/2020,42471,0,0,0,0,0,16,16,16,16,1,0,0,0,16,0,11,1,16,0,0,0,0,0,0,0,0,0,0,0,0,0,0,0,0,0,0,1803,1803,34,0,0,0,449,0,0,0,838,838,0,0,0,0,0,0,8,6,45,18,18,20,0,0,0,0,0,0,0,0,0,0,0,0,0,0,0,0,0,0,0,0,0,0,0,0,0,0,0,0,0,0,0,0,0,0,0,20,0,0,0,0,0,0,0,0,21,844,949,16,0,0,0,0,0,0,0,0,0,0,0,0,0,0,0,167,0,2,362,1,364,0,0,29,2,31,4,29,23,13,13,0,0,0,0,0,454,455,455,455,455,0,0,0,0,0,0,0,0,0,0,0,0,1,0,1699,0,0,1814,1,0,1449,1449,1449,2406,1690,0,11,460,4,460,0,0,0,0,23,0,462,5,1829,0,0,0,0,0,288,13,13,392,392,46,385,571,0,0,0,0,0,0,0,1,465,0,0,32,0,0,0,0,0,0,0,5,0,0,0,0,0,0,10,1745,1745,1745,36,31,1867,0,0,0,0,0,0,0,0,0,10,10,13,14,14,14,1,0,0,0,0,24,11,24,0,0,0,1,7,0,0,8,39,31,0,0,0,0,1,1,1,0,0,0,0,0,0,0,0,467,0,0,0,0,0,0,0,0,0,645,645,185,645,645,0,0,668,669,669,10,669,183,0,0,0,0,0,0,0,0,0,0,0
Port 7080,7080,11/17/2020,24733,0,38,0,0,0,29,26,36,36,3,10,0,0,36,0,30,20,36,10,0,0,1,29,1,1,4,1,1,1,1,0,1,0,0,0,0,0,0,17,1,0,0,691,0,0,0,0,0,0,0,0,0,0,0,10,3,54,33,33,34,2,0,0,0,0,0,0,0,0,0,0,0,0,0,0,0,0,0,0,0,0,0,0,0,0,8,0,0,0,0,9,9,9,9,2,1,1,0,0,0,0,0,0,0,0,0,0,37,3,0,0,0,0,0,0,0,1,1,1,1,1,1,1,39,0,16,0,0,0,0,0,41,1,50,6,41,37,0,0,2,18,43,18,0,721,723,723,723,723,0,0,0,0,0,0,0,0,0,0,0,0,0,0,0,0,0,0,7,42,0,0,0,0,0,1,43,739,21,739,0,0,0,0,16,0,743,0,0,0,0,0,0,0,0,0,0,735,735,117,705,1169,46,46,46,46,46,46,46,0,750,0,0,46,0,0,0,0,0,0,0,43,1,16,0,0,0,0,6,0,0,0,0,0,0,0,0,0,0,0,0,27,0,0,38,38,57,88,88,88,0,15,0,0,0,0,0,0,0,0,0,0,0,0,0,9,54,45,0,0,0,0,0,0,0,0,0,0,0,13,13,0,14,749,0,0,0,0,0,0,0,46,2,1140,1140,420,1141,1141,1,0,1405,1405,1405,44,1405,408,0,0,0,0,49,0,0,0,0,0,0
Port 7443,7443,11/17/2020,63261,0,0,0,0,0,36,17,37,37,40,20,0,0,37,0,6,23,37,20,0,0,0,0,0,0,0,0,0,0,0,0,0,0,0,0,0,0,0,57,0,0,0,1799,0,0,0,0,0,0,0,0,0,0,0,5,1,37,20,20,22,19,0,0,0,0,0,0,0,0,0,0,0,0,0,0,0,0,0,0,0,0,0,0,0,0,0,0,0,0,0,0,0,0,0,19,1,0,0,0,0,0,0,0,0,0,0,0,37,0,0,0,0,0,0,0,0,0,0,0,0,0,0,0,42,0,27,0,0,0,0,0,24,2,160,138,24,23,0,0,0,0,1,0,0,1826,1830,1830,1830,1830,0,0,0,0,0,0,0,0,0,0,0,0,0,3,0,0,0,0,21,1,0,0,0,0,0,0,66,1852,32,1852,1,0,0,0,49,0,1859,0,0,0,0,0,0,0,0,0,0,1835,1835,172,1789,3491,1,1,1,1,1,1,1,4,1873,0,0,23,0,0,0,0,0,1,0,42,0,0,0,0,0,0,138,0,0,0,0,0,0,0,0,0,0,0,0,0,0,0,47,47,70,84,84,84,0,0,0,0,0,0,0,0,0,0,0,0,0,0,0,142,165,23,11,11,0,0,4,4,4,0,0,0,0,0,0,0,0,1880,0,0,0,0,0,0,0,1,0,3505,3505,1680,3505,3505,1,0,3573,3573,3574,64,3576,1656,0,0,0,0,1,0,0,0,0,2,0
Port 7510,7510,11/17/2020,6435,0,0,0,0,0,2,2,2,2,1,0,0,0,2,0,13,0,2,0,0,0,0,0,0,0,0,0,0,0,0,0,0,0,0,0,0,0,0,4,0,0,0,179,0,0,0,0,0,0,0,0,0,0,0,3,2,15,6,6,8,0,0,0,0,0,0,0,0,0,0,0,0,0,0,0,0,0,0,0,0,0,0,0,0,0,0,0,0,0,0,0,0,0,0,0,0,0,0,0,0,0,0,0,0,0,0,0,2,0,0,0,0,0,0,0,0,0,0,0,0,0,0,0,0,0,0,0,0,0,0,0,12,2,14,2,12,9,0,0,0,0,0,0,0,181,181,181,182,182,0,0,0,0,0,0,0,0,0,0,0,0,0,0,0,0,0,0,1,0,0,0,0,0,0,0,2,183,0,183,0,0,0,0,4,0,183,0,0,0,0,0,0,0,0,0,0,182,182,8,181,360,0,0,0,0,0,0,0,2,183,0,0,14,0,0,0,0,0,0,0,1,0,0,0,0,0,0,1,0,0,0,0,0,0,0,0,0,0,0,0,0,0,0,2,2,3,4,4,4,0,0,0,0,0,0,0,0,0,0,0,0,0,0,0,3,15,12,0,0,0,0,2,2,2,0,0,0,0,0,0,0,0,185,0,0,0,0,0,0,0,0,0,363,363,181,363,363,0,0,375,375,375,3,375,180,0,0,0,0,0,0,0,0,0,0,0
Port 7779,7779,11/17/2020,54284,0,0,0,0,0,18,12,18,18,7,6,0,0,18,0,88,6,18,6,0,0,0,0,0,0,0,0,0,0,0,0,0,0,0,0,0,0,0,72,0,0,0,1495,0,0,0,0,0,0,0,0,0,0,0,32,20,138,69,68,80,6,0,0,0,0,0,0,0,0,0,0,0,0,0,0,0,0,0,0,0,0,0,0,0,0,0,0,0,0,0,0,0,0,0,6,10,0,0,0,0,0,0,0,0,0,0,0,18,0,0,0,0,0,0,0,0,0,0,0,0,0,0,0,8,0,6,0,0,0,0,0,99,12,111,16,99,85,0,0,0,0,0,0,0,1510,1511,1511,1511,1511,0,0,0,0,0,0,0,0,0,0,0,0,0,1,0,0,0,0,9,0,0,0,0,0,0,0,19,1517,8,1517,0,0,0,0,44,0,1525,0,0,0,0,0,0,0,0,0,0,1509,1509,60,1498,3057,0,0,0,0,0,0,0,4,1529,0,0,109,0,0,0,0,0,0,1,14,0,0,0,0,0,0,12,0,0,0,0,0,0,0,0,0,0,0,0,0,0,0,16,16,27,30,30,30,0,0,0,0,0,0,0,0,0,0,0,1,0,0,0,25,128,103,0,0,0,0,4,4,4,0,0,0,0,0,0,0,0,1533,0,0,0,0,0,0,0,0,0,3081,3081,1563,3081,3082,0,0,3176,3177,3177,24,3178,1552,0,0,0,0,0,0,0,0,0,0,0
Port 8000,8000,11/17/2020,3955108,0,40,1,0,2,329,170,404,404,103,234,0,0,404,0,167,295,404,234,0,0,0,37,0,0,2,0,0,0,0,0,0,0,0,0,0,14707,14708,549,0,0,0,8414,0,0,0,15869,15870,2,2,2,2,2,0,710,482,5283,1951,1925,2002,87,1,1,1,1,1,1,1,0,0,0,0,0,0,3,0,0,0,0,0,0,0,0,0,0,19,0,0,0,0,19,19,19,19,93,1204,5,0,0,0,0,0,0,0,2332,15893,21408,407,30,0,0,0,0,0,0,0,1,1,1,1,1,1,1,383,8,289,11937,27,12189,0,0,2337,69,2459,163,2328,2031,614438,614455,15,29,49,29,0,8808,8851,8852,8852,8852,0,0,0,0,0,0,0,0,0,0,0,0,679,69,9243,0,0,14743,294,51,2660,2660,2660,24393,8896,1,885,9168,410,9168,8,0,0,0,390,0,9386,248,15563,0,0,0,0,0,27268,615086,615098,8746,8746,2698,8091,11746,70,70,70,70,70,70,70,8,9577,2,2,2408,0,0,0,0,0,1,0,510,2,19,213,0,1,2,561,12592,12592,12593,3228,2979,18557,0,0,0,0,0,0,42,0,0,1162,1162,1617,1715,1715,1715,84,40,0,0,7,291741,437,616231,0,0,0,4,38,0,0,492,2833,2341,0,0,0,0,8,8,8,0,0,0,0,37,37,3,40,9479,0,0,0,0,0,0,0,70,0,11508,11509,3051,11510,11510,10,0,12173,12174,12177,1418,12177,2633,0,0,0,0,70,0,0,0,0,0,0
Port 8001,8001,11/17/2020,348745,0,20,1,0,0,237,129,301,301,72,172,0,0,301,0,120,203,301,172,0,0,0,20,0,0,1,0,0,0,0,0,0,0,0,0,0,8793,8795,738,0,0,0,5185,0,0,0,7622,7623,0,0,0,0,0,0,381,182,1804,1294,1285,1321,64,0,0,0,0,0,0,0,0,0,0,0,0,0,8,1,1,1,1,1,1,1,0,0,0,6,0,0,0,0,6,6,6,6,67,842,1,0,0,0,0,0,0,0,938,7630,9302,302,21,0,0,0,0,0,0,0,0,0,0,0,0,0,0,131,15,219,7110,26,7278,0,0,1540,32,1729,77,1536,1359,1556,1804,2,21,23,21,0,5405,5431,5431,5431,5431,0,0,0,0,0,0,0,0,0,0,0,0,40,42,5451,0,0,8819,357,23,1563,1563,1563,11108,5218,0,817,5831,319,5831,11,0,0,0,511,0,5899,148,9428,0,0,0,0,0,6336,1557,1805,5396,5396,1529,4966,7885,25,25,25,25,25,25,25,7,6014,0,0,1699,0,0,0,0,0,0,0,385,2,8,142,0,2,0,317,6826,6826,6826,1227,1079,10514,0,0,0,0,0,0,20,0,0,597,597,1058,1095,1095,1095,25,15,0,0,4,496,92,1901,0,0,0,3,34,0,0,252,1946,1694,0,0,0,0,7,7,7,0,0,0,0,15,15,0,15,5953,0,0,0,0,0,0,0,26,0,7845,7845,2693,7845,7846,8,0,8446,8446,8446,954,8446,2179,0,0,0,0,27,0,0,0,0,0,0
Port 8009,8009,11/17/2020,141036,0,0,0,0,0,32,22,36,36,13,14,0,0,36,0,23,21,36,14,0,0,0,0,0,0,0,0,0,0,0,0,0,0,0,0,0,2260,2260,106,0,0,0,1543,0,0,0,1546,1546,0,0,0,0,0,0,0,0,0,0,0,0,10,0,0,0,0,0,0,0,0,0,0,0,0,0,0,0,0,0,0,0,0,0,0,0,0,0,0,0,0,0,0,0,0,0,10,65,0,0,0,0,0,0,0,0,136,1550,1868,37,0,0,0,0,0,0,0,0,0,0,0,0,0,0,0,21,0,20,1513,7,1558,0,0,0,0,0,0,0,0,1515,1761,0,0,0,0,0,1589,1591,1591,1591,1591,0,0,0,0,0,0,0,0,0,0,0,0,45,2,1924,0,0,2265,27,0,720,720,720,2645,1895,0,82,1617,34,1618,3,0,0,0,72,0,1627,40,2340,0,0,0,0,0,1358,1516,1762,1575,1575,198,1527,3187,0,0,0,0,0,0,0,3,1639,0,0,0,0,0,0,0,0,0,0,49,0,0,10,0,0,0,40,2109,2109,2109,175,135,2476,0,0,0,0,0,0,1,0,0,61,61,97,102,102,102,7,1,0,0,2,409,69,1833,0,0,0,2,37,0,0,0,0,0,0,0,0,0,3,3,3,0,0,0,0,1,1,0,1,1636,0,0,0,0,0,0,0,0,0,3200,3200,1633,3201,3201,0,0,3312,3312,3312,84,3312,1595,0,0,0,0,0,0,0,0,37624,0,0
Port 8010,8010,11/17/2020,191890,0,7,0,0,0,69,52,82,82,17,30,0,0,82,0,20,39,82,30,0,0,0,7,0,0,0,0,0,0,0,0,0,0,0,0,0,3792,3792,184,0,0,0,1953,0,0,0,4150,4150,0,0,0,0,0,0,131,54,2047,1002,1007,1023,13,0,0,0,0,0,0,0,0,0,0,0,0,0,0,0,0,0,0,0,0,0,0,0,0,1,0,0,0,0,1,1,1,1,13,301,0,0,0,0,0,0,0,0,622,4154,5028,82,3,0,0,0,0,0,0,0,0,0,0,0,0,0,0,51,2,45,2879,12,2994,0,0,1575,16,1608,532,1575,1037,3291,3538,0,5,7,5,0,2146,2152,2152,2152,2152,0,0,0,0,0,0,0,0,0,0,0,0,46,3,3317,0,0,3799,56,7,859,859,859,6027,3262,0,556,2496,187,2497,3,0,0,0,149,0,2522,40,4429,0,0,0,0,0,3137,3301,3548,2414,2414,815,1918,4145,7,7,7,7,7,7,7,4,2552,0,0,1596,0,0,0,0,0,0,0,208,0,1,546,0,1,0,108,3673,3673,3673,332,292,4725,0,0,0,0,0,0,10,0,0,541,541,626,648,648,648,9,4,0,0,1,715,70,3627,0,0,0,2,36,0,0,599,1696,1097,0,0,0,0,4,4,4,0,0,0,0,4,4,0,4,2543,0,0,0,0,0,0,0,7,0,4137,4137,2151,4138,4138,0,0,4325,4325,4326,597,4326,2062,0,0,0,0,7,0,0,0,0,0,0
Port 8023,8023,11/17/2020,7157,0,0,0,0,0,4,4,4,4,0,0,0,0,4,0,1,0,4,0,0,0,0,0,0,0,0,0,0,0,0,0,0,0,0,0,0,0,0,92,0,0,0,150,0,0,0,0,0,0,0,0,0,0,0,9,4,37,83,83,84,0,0,0,0,0,0,0,0,0,0,0,0,0,0,0,0,0,0,0,0,0,0,0,0,0,0,0,0,0,0,0,0,0,0,0,2,0,0,0,0,0,0,0,0,0,0,0,4,0,0,0,0,0,0,0,0,0,0,0,0,0,0,0,3,0,0,0,0,0,0,0,91,1,103,10,91,88,0,0,0,0,0,0,0,156,156,156,156,156,0,0,0,0,0,0,0,0,0,0,0,0,0,1,0,0,0,0,1,0,0,0,0,0,0,0,5,160,2,160,2,0,0,0,70,0,160,0,0,0,0,0,0,0,0,0,0,157,157,20,153,340,0,0,0,0,0,0,0,3,164,0,0,94,0,0,0,0,0,0,0,2,0,0,0,0,0,0,25,0,0,0,0,0,0,0,0,0,0,0,0,1,0,0,9,9,10,11,11,11,0,0,0,0,0,0,0,0,0,0,0,0,0,0,0,26,119,93,0,0,0,0,3,3,3,0,0,0,0,0,0,0,0,163,0,0,0,0,0,0,0,0,0,346,347,189,347,347,0,0,374,374,374,10,374,187,0,0,0,0,0,0,0,0,0,0,0
Port 8069,8069,11/17/2020,53251,0,1,0,0,0,27,22,35,35,6,13,0,0,35,0,7,13,35,13,0,0,0,1,0,0,1,0,0,0,0,0,0,0,0,0,0,0,0,40,0,0,0,1254,0,0,0,0,0,0,0,0,0,0,0,46,22,196,410,407,417,4,0,0,0,0,0,0,0,0,0,0,0,0,0,0,0,0,0,0,0,0,0,0,0,0,0,1,0,0,0,0,0,0,0,4,13,0,0,0,0,0,0,0,0,0,0,0,35,0,0,0,0,0,0,0,0,0,0,0,0,0,0,0,16,7,13,0,0,0,0,0,440,10,453,14,440,425,0,0,0,1,1,1,0,1280,1281,1281,1282,1282,0,0,0,0,0,0,0,0,0,0,0,0,0,0,0,0,0,0,9,1,0,0,0,0,0,0,33,1291,17,1292,1,0,0,0,29,0,1293,0,0,0,0,0,0,0,0,0,0,1280,1281,102,1258,2873,1,1,1,1,1,1,1,30,1300,0,0,450,0,0,0,0,0,0,0,23,1,0,0,0,0,1,14,0,0,0,0,0,0,0,0,0,0,0,0,1,0,0,38,38,47,52,52,52,0,0,0,0,0,0,0,0,0,0,0,1,0,0,0,25,471,446,0,0,0,0,30,30,30,0,0,0,0,0,0,0,0,1305,0,0,0,0,0,0,0,1,0,2879,2880,1605,2880,2880,0,0,2990,2990,2990,43,2990,1598,0,0,0,0,1,0,0,0,0,0,0
Port 8080,8080,11/17/2020,9854984,2,613,13,0,160,1815,869,2093,2093,895,1225,217,217,2094,0,646,1869,2094,1225,16,226,10,543,10,10,62,10,10,10,10,0,13,0,0,0,0,134518,134522,1243,13,20,77,185273,2,2,0,109143,109145,160,160,160,160,160,0,1373,677,13831,7051,7055,7264,694,2,2,2,2,2,2,2,0,0,0,20,20,21,22,11,11,11,11,11,11,11,24,24,25,180,31,26,26,0,167,167,191,167,759,4650,30,0,0,0,0,0,0,0,20505,109179,145933,2095,41,209,59,209,59,158,59,49,11,11,11,11,11,11,11,3637,70,1786,104732,660,110289,151,159,7959,205,11253,3458,7954,7482,502544,569964,48,377,678,377,0,187151,187383,187385,187388,187390,0,0,0,0,224,224,224,224,224,224,224,224,11386,116,81199,173,167,134618,1161,668,25117,25119,25120,177502,78300,3,4927,188759,2717,188762,5,223,223,223,857,0,189357,2245,141381,250,190,108,193,193,54249,503860,571300,187017,187018,18586,183452,196632,744,744,744,744,744,744,744,44,190221,160,160,8130,223,222,222,222,222,2,0,3463,66,227,1862,56,2,49,5818,102804,102804,102805,20933,18685,160117,0,0,0,1,0,0,681,252,105,5505,5505,7510,8037,8037,8037,536,467,0,197,131,209280,2302,572414,250,1,81,5,63,1,9,4161,12161,7999,0,0,2,0,44,44,44,195,195,195,195,431,431,52,466,190002,0,195,195,195,250,195,195,747,20,195533,195536,10757,195541,195546,48,0,200096,200099,200100,6576,200103,8461,113,104,32,113,789,0,0,0,0,0,0