smart_city,population_2020,population_source,overall_rating,overall_ranking,capture_date,totalcount,CVE-2017-1000369,CVE-2017-1000600,CVE-2017-1001000,CVE-2017-10140,CVE-2017-10391,CVE-2017-11142,CVE-2017-11143,CVE-2017-11144,CVE-2017-11145,CVE-2017-11147,CVE-2017-11362,CVE-2017-11364,CVE-2017-11612,CVE-2017-11628,CVE-2017-12172,CVE-2017-12868,CVE-2017-12932,CVE-2017-12933,CVE-2017-12934,CVE-2017-14595,CVE-2017-14596,CVE-2017-14718,CVE-2017-14719,CVE-2017-14720,CVE-2017-14721,CVE-2017-14722,CVE-2017-14723,CVE-2017-14724,CVE-2017-14725,CVE-2017-14726,CVE-2017-14798,CVE-2017-14990,CVE-2017-15098,CVE-2017-15099,CVE-2017-15130,CVE-2017-15132,CVE-2017-15710,CVE-2017-15715,CVE-2017-15906,CVE-2017-16510,CVE-2017-16633,CVE-2017-16634,CVE-2017-16642,CVE-2017-16944,CVE-2017-17091,CVE-2017-17663,CVE-2017-3167,CVE-2017-3169,CVE-2017-3239,CVE-2017-3247,CVE-2017-3249,CVE-2017-3250,CVE-2017-3626,CVE-2017-3730,CVE-2017-3731,CVE-2017-3732,CVE-2017-3735,CVE-2017-3736,CVE-2017-3737,CVE-2017-3738,CVE-2017-5340,CVE-2017-5487,CVE-2017-5488,CVE-2017-5489,CVE-2017-5490,CVE-2017-5491,CVE-2017-5492,CVE-2017-5493,CVE-2017-5610,CVE-2017-5611,CVE-2017-5612,CVE-2017-6377,CVE-2017-6379,CVE-2017-6381,CVE-2017-6441,CVE-2017-6514,CVE-2017-6814,CVE-2017-6815,CVE-2017-6816,CVE-2017-6817,CVE-2017-6818,CVE-2017-6819,CVE-2017-6919,CVE-2017-6920,CVE-2017-6921,CVE-2017-6922,CVE-2017-6923,CVE-2017-6924,CVE-2017-6925,CVE-2017-6926,CVE-2017-6927,CVE-2017-6928,CVE-2017-6929,CVE-2017-6932,CVE-2017-7189,CVE-2017-7269,CVE-2017-7272,CVE-2017-7418,CVE-2017-7484,CVE-2017-7485,CVE-2017-7486,CVE-2017-7546,CVE-2017-7547,CVE-2017-7548,CVE-2017-7659,CVE-2017-7668,CVE-2017-7679,CVE-2017-7890,CVE-2017-7963,CVE-2017-7983,CVE-2017-7984,CVE-2017-7986,CVE-2017-7987,CVE-2017-7988,CVE-2017-7989,CVE-2017-8057,CVE-2017-8295,CVE-2017-9061,CVE-2017-9062,CVE-2017-9063,CVE-2017-9064,CVE-2017-9065,CVE-2017-9066,CVE-2017-9067,CVE-2017-9118,CVE-2017-9120,CVE-2017-9788,CVE-2017-9789,CVE-2017-9798,CVE-2017-9933,CVE-2017-9934,CVE-2018-0732,CVE-2018-0733,CVE-2018-0734,CVE-2018-0735,CVE-2018-0737,CVE-2018-0739,CVE-2018-1000024,CVE-2018-1000027,CVE-2018-1000773,CVE-2018-10100,CVE-2018-10101,CVE-2018-10102,CVE-2018-1053,CVE-2018-10545,CVE-2018-10546,CVE-2018-10547,CVE-2018-10548,CVE-2018-10549,CVE-2018-1058,CVE-2018-10915,CVE-2018-10925,CVE-2018-1115,CVE-2018-11321,CVE-2018-11322,CVE-2018-11323,CVE-2018-11324,CVE-2018-11325,CVE-2018-11326,CVE-2018-11327,CVE-2018-11328,CVE-2018-1172,CVE-2018-11756,CVE-2018-11763,CVE-2018-12711,CVE-2018-12712,CVE-2018-1283,CVE-2018-12882,CVE-2018-12895,CVE-2018-1301,CVE-2018-1302,CVE-2018-1303,CVE-2018-1312,CVE-2018-1333,CVE-2018-14028,CVE-2018-14851,CVE-2018-14883,CVE-2018-14884,CVE-2018-15132,CVE-2018-15473,CVE-2018-15880,CVE-2018-15881,CVE-2018-15882,CVE-2018-15919,CVE-2018-16850,CVE-2018-17082,CVE-2018-17189,CVE-2018-17199,CVE-2018-17855,CVE-2018-17856,CVE-2018-17857,CVE-2018-17858,CVE-2018-17859,CVE-2018-19052,CVE-2018-19131,CVE-2018-19132,CVE-2018-19395,CVE-2018-19396,CVE-2018-19518,CVE-2018-19520,CVE-2018-19935,CVE-2018-20147,CVE-2018-20148,CVE-2018-20149,CVE-2018-20150,CVE-2018-20151,CVE-2018-20152,CVE-2018-20153,CVE-2018-20685,CVE-2018-20783,CVE-2018-2911,CVE-2018-3152,CVE-2018-5407,CVE-2018-6376,CVE-2018-6377,CVE-2018-6378,CVE-2018-6379,CVE-2018-6380,CVE-2018-6389,CVE-2018-6789,CVE-2018-7584,CVE-2018-7600,CVE-2018-7602,CVE-2018-8011,CVE-2018-8045,CVE-2018-8581,CVE-2018-9861,CVE-2019-0190,CVE-2019-0196,CVE-2019-0197,CVE-2019-0211,CVE-2019-0215,CVE-2019-0217,CVE-2019-0220,CVE-2019-0708,CVE-2019-10129,CVE-2019-10130,CVE-2019-10149,CVE-2019-10164,CVE-2019-10691,CVE-2019-10909,CVE-2019-10945,CVE-2019-10946,CVE-2019-11034,CVE-2019-11035,CVE-2019-11036,CVE-2019-11038,CVE-2019-11039,CVE-2019-11040,CVE-2019-11072,CVE-2019-11358,CVE-2019-11510,CVE-2019-11809,CVE-2019-11876,CVE-2019-12525,CVE-2019-12527,CVE-2019-12529,CVE-2019-12764,CVE-2019-12765,CVE-2019-12766,CVE-2019-12815,CVE-2019-13345,CVE-2019-13917,CVE-2019-14654,CVE-2019-1543,CVE-2019-1552,CVE-2019-1559,CVE-2019-1652,CVE-2019-1653,CVE-2019-19781,CVE-2019-3814,CVE-2019-6109,CVE-2019-6110,CVE-2019-6111,CVE-2019-6261,CVE-2019-6262,CVE-2019-6263,CVE-2019-6264,CVE-2019-6338,CVE-2019-6339,CVE-2019-6340,CVE-2019-6341,CVE-2019-6977,CVE-2019-7524,CVE-2019-7739,CVE-2019-7740,CVE-2019-7741,CVE-2019-7742,CVE-2019-7743,CVE-2019-7744,CVE-2019-8942,CVE-2019-8943,CVE-2019-9020,CVE-2019-9021,CVE-2019-9022,CVE-2019-9023,CVE-2019-9024,CVE-2019-9025,CVE-2019-9193,CVE-2019-9637,CVE-2019-9638,CVE-2019-9639,CVE-2019-9640,CVE-2019-9641,CVE-2019-9675,CVE-2019-9711,CVE-2019-9712,CVE-2019-9713,CVE-2019-9714,CVE-2019-9787,CVE-2020-0796,CVE-2020-11651,CVE-2020-11652,CVE-2020-1938,CVE-2020-5902,MS17-010
Abu Dhabi,1482816,World Population Review,5,56,02/08/2020,0,0,0,0,0,0,0,0,0,0,0,0,0,0,0,0,0,0,0,0,0,0,0,0,0,0,0,0,0,0,0,0,0,0,0,0,0,0,0,0,0,0,0,0,0,0,0,0,0,0,0,0,0,0,0,0,0,0,0,0,0,0,0,0,0,0,0,0,0,0,0,0,0,0,0,0,0,0,0,0,0,0,0,0,0,0,0,0,0,0,0,0,0,0,0,0,0,0,0,0,0,0,0,0,0,0,0,0,0,0,0,0,0,0,0,0,0,0,0,0,0,0,0,0,0,0,0,0,0,0,0,0,0,0,0,0,0,0,0,0,0,0,0,0,0,0,0,0,0,0,0,0,0,0,0,0,0,0,0,0,0,0,0,0,0,0,0,0,0,0,0,0,0,0,0,0,0,0,0,0,0,0,0,0,0,0,0,0,0,0,0,0,0,0,0,0,0,0,0,0,0,0,0,0,0,0,0,0,0,0,0,0,0,0,0,0,0,0,0,0,0,0,0,0,0,0,0,0,0,0,0,0,0,0,0,0,0,0,0,0,0,0,0,0,0,0,0,0,0,0,0,0,0,0,0,0,0,0,0,0,0,0,0,0,0,0,0,0,0,0,0,0,0,0,0,0,0,0,0,0,0,0,0,0,0,0,0,0,0,0,0,0,0,0,0,0,0,0,0,0,0,0,0,0,0,0,0,0,0,0,0,0,0,0,0,0,0
Abuja,3277740,World Population Review,1,97,02/08/2020,1193,0,0,0,0,0,0,0,0,0,0,0,0,0,0,6,0,0,0,0,0,0,0,0,0,0,0,0,0,0,0,0,0,6,5,0,0,41,41,31,0,0,0,6,0,0,0,33,33,0,0,0,0,0,0,0,0,4,1,1,1,0,0,0,0,0,0,0,0,0,0,0,0,0,0,0,0,0,0,0,0,0,0,0,0,0,0,0,0,0,0,0,0,0,0,0,1,0,0,5,5,5,5,5,5,3,34,41,0,0,0,0,0,0,0,0,0,0,0,0,0,0,0,0,0,0,0,36,0,36,0,0,1,0,2,1,1,1,0,0,0,0,0,0,0,8,8,8,8,8,5,0,0,5,0,0,0,0,0,0,0,0,0,0,34,0,0,42,1,0,5,5,5,47,35,0,1,9,0,9,2,0,0,0,20,0,9,2,46,0,0,0,0,0,83,0,0,8,8,5,7,13,0,0,0,0,0,0,0,0,9,0,0,1,0,0,0,0,0,0,0,0,0,0,1,0,0,0,3,38,38,38,4,2,48,3,0,0,0,0,0,0,0,0,3,3,4,4,4,4,0,0,0,0,0,0,0,0,0,0,0,0,0,0,0,2,4,2,1,1,0,0,0,0,0,0,0,0,0,0,0,0,0,9,0,0,0,0,0,0,0,0,0,12,12,4,12,12,0,5,15,15,15,4,15,1,0,0,0,0,0,3,0,0,1,0,1
Amsterdam,1148972,World Population Review,8,11,02/08/2020,1642976,875,468,19,0,3,381,187,492,492,168,305,2,2,492,1837,965,389,492,305,0,2,16,406,16,16,90,16,16,16,16,428,18,1825,723,11,11,73450,73452,54539,18,0,2,7616,926,7,0,35800,35803,3,3,3,3,3,0,113,73,7949,7391,7375,7457,128,3,3,3,3,3,3,3,4,4,4,0,0,5,7,12,12,12,12,12,12,12,5,5,5,72,6,5,5,0,72,72,77,72,150,91,4,0,979,979,1147,1020,1020,822,6578,35859,59000,494,25,1,1,1,1,1,1,1,5,5,5,5,5,5,5,1774,14,737,47468,35,47782,1,1,7690,81,8380,772,7693,7581,17585,18523,132,287,583,287,108,8251,8315,8316,8315,8316,1014,108,108,1189,1,1,1,1,1,1,1,1,2248,18,47806,1,1,73803,409,610,25925,25926,25925,85526,47124,12,1553,8910,626,8912,175,1,1,1,29536,108,9093,919,75898,1,1,1,1,1,1975,17633,18575,8618,8618,2820,7446,11199,785,785,785,785,786,786,786,712,9345,3,3,7672,1,1,1,1,1,7,1618,900,51,114,358,0,81,23,1582,52543,52547,52551,4739,3826,79399,345,0,67,1649,0,11,493,1,1,1341,1341,1963,2188,2188,2188,108,365,0,1,47,14101,139,18621,1,0,0,532,1,1655,0,859,8476,7616,10,10,26,11,699,699,699,1,1,1,1,311,311,61,362,9110,11,1,1,1,1,1,1,792,26,10458,10459,2866,10462,10461,14,1006,11874,11874,11874,1672,11874,2149,1,1,0,1,846,302,2,2,174,20,15
Ankara,5117603,World Population Review,4,74,02/08/2020,29723,3,3,1,0,0,22,14,24,24,9,10,0,0,24,23,14,14,24,10,0,0,0,3,0,0,1,0,0,0,0,18,0,23,6,0,0,803,803,599,0,0,0,401,3,0,0,598,598,0,0,0,0,0,0,29,11,183,137,136,140,7,0,0,0,0,0,0,0,0,0,0,0,0,0,0,1,1,1,1,1,1,1,0,0,0,1,0,0,0,0,1,1,1,1,7,90,0,0,15,15,20,16,16,6,83,603,1003,24,0,0,0,0,0,0,0,0,0,0,0,0,0,0,0,30,1,18,632,1,645,0,0,160,4,238,87,160,142,9,10,1,3,3,3,2,429,430,430,430,431,15,2,2,23,0,0,0,0,0,0,0,0,2,2,439,0,0,806,12,4,162,162,162,1186,408,0,59,457,25,457,1,0,0,0,428,2,460,30,945,0,0,0,0,0,608,9,10,433,433,156,399,522,5,5,5,5,5,5,5,52,469,0,0,158,0,0,0,0,0,0,0,40,1,1,36,0,1,1,102,563,563,563,89,59,949,158,0,1,7,0,0,7,0,0,50,50,64,69,69,69,3,4,0,0,0,5,0,10,0,0,0,13,0,7,0,87,242,155,0,0,0,0,51,51,51,0,0,0,0,5,5,1,5,463,0,0,0,0,0,0,0,5,0,518,518,77,518,518,1,16,553,553,553,63,553,53,0,0,0,0,5,87,0,0,19,0,5
Athens,3153355,World Population Review,2,95,02/08/2020,70775,5,9,0,0,5,30,13,39,39,14,26,0,0,39,119,44,26,38,26,0,0,0,9,0,0,1,0,0,0,0,146,0,113,20,0,0,1954,1954,846,0,0,0,706,5,0,0,1772,1772,5,5,5,5,5,0,25,19,436,283,282,286,10,0,0,0,0,0,0,0,0,0,0,0,0,0,1,0,0,0,0,0,0,0,0,0,0,10,0,0,0,0,10,10,10,10,14,259,0,0,97,97,126,103,103,22,240,1780,2610,39,1,0,0,0,0,0,0,0,0,0,0,0,0,0,0,57,0,37,1495,6,1519,0,0,303,4,349,46,302,293,841,841,0,6,10,6,6,759,764,764,764,764,98,6,6,167,0,0,0,0,0,0,0,0,18,0,1064,0,0,1965,19,11,435,435,435,3093,1042,0,142,857,35,857,3,0,0,0,487,6,860,77,2093,0,0,0,0,0,2213,843,843,804,804,265,753,918,11,11,11,11,11,11,11,83,858,5,5,302,0,0,0,0,0,0,5,63,1,16,28,0,18,1,125,1414,1415,1417,356,279,2358,238,0,5,4,0,0,41,0,0,51,51,77,83,83,83,45,25,0,0,2,826,3,835,0,0,0,8,0,4,0,61,362,301,7,7,0,0,81,81,81,0,0,0,0,22,22,5,25,856,0,0,0,0,0,0,0,11,0,924,924,106,925,924,1,94,1300,1300,1300,66,1300,82,0,0,0,0,11,38,0,0,10,0,4
Auckland,1606564,World Population Review,8,6,02/08/2020,57410,4,10,0,0,0,35,17,37,37,18,20,0,0,37,49,14,21,37,20,0,0,0,10,0,0,3,0,0,0,0,80,0,46,35,1,1,1875,1875,1471,0,0,0,498,4,0,0,1495,1495,0,0,0,0,0,0,14,8,271,196,195,199,14,0,0,0,0,0,0,0,0,0,0,0,0,0,0,0,0,0,0,0,0,0,0,0,0,4,0,0,0,0,4,4,4,4,16,138,0,0,36,36,47,40,40,37,222,1491,2114,36,0,0,0,0,0,0,0,0,0,0,0,0,0,0,0,45,2,25,1391,0,1418,0,0,282,4,345,70,282,272,48,51,2,6,11,6,3,520,520,520,520,520,37,3,3,115,0,0,0,0,0,0,0,0,14,2,1136,0,0,1874,12,16,454,454,454,2614,1087,1,202,697,22,697,10,0,0,0,1135,3,700,29,1980,0,0,0,0,0,1400,48,51,677,677,325,623,806,20,20,20,20,20,20,20,84,705,0,0,284,0,0,0,0,0,0,10,35,1,10,33,0,88,1,89,1353,1353,1353,225,196,2156,97,0,3,52,0,1,20,0,0,64,64,83,106,106,106,14,11,0,0,0,37,1,52,0,0,0,25,0,52,0,79,355,276,0,0,0,1,83,83,83,0,0,0,0,11,11,2,11,704,1,0,0,0,0,0,0,20,0,782,782,115,783,783,2,37,888,888,888,74,888,94,0,0,0,0,20,20,0,0,8,0,1
Bangkok,10539415,World Population Review,4,75,02/08/2020,236459,60,23,3,0,0,249,201,262,262,20,61,2,2,262,140,66,129,262,61,1,2,0,21,0,0,7,0,0,0,0,66,0,122,66,1,1,4130,4130,4616,0,1,2,4867,66,2,0,3407,3407,0,0,0,0,0,0,302,129,1502,1008,1004,1021,10,0,0,0,0,0,0,0,0,0,0,0,0,1,3,3,3,3,3,3,3,3,1,1,1,4,1,1,1,0,3,3,4,3,10,409,0,0,74,74,117,93,93,70,413,3420,6335,263,1,1,1,1,1,1,1,1,1,1,1,1,1,1,1,1589,0,81,3366,56,3507,1,2,1106,17,1339,243,1106,1058,327,441,6,18,29,18,4,5043,5063,5062,5063,5063,75,4,4,132,2,2,2,2,2,2,2,2,20,8,2229,2,2,4149,63,32,649,649,649,7225,2101,3,406,5260,170,5260,11,2,2,2,2754,4,5282,251,4594,2,2,2,2,2,6451,329,443,5137,5137,1084,4916,5683,41,41,41,41,41,41,41,55,5185,0,0,1111,2,2,2,2,2,0,122,215,2,3,97,1,5,2,465,2761,2761,2761,532,283,4834,808,0,2,153,0,1,17,2,2,374,374,450,476,476,476,15,14,0,2,0,393,6,444,2,0,1,138,3,163,0,303,1419,1116,78,78,7,1,55,55,55,2,2,2,2,13,13,3,14,5189,1,2,2,2,2,2,2,40,6,5530,5532,510,5532,5532,9,73,5943,5943,5943,421,5943,410,2,2,0,2,51,133,1,1,64,5,18
Barcelona,5585556,World Population Review,6,48,02/08/2020,114004,18,33,0,0,0,47,10,63,63,29,53,0,0,63,69,44,63,63,53,0,0,0,30,0,0,3,0,0,0,0,34,1,68,22,1,1,3954,3954,1914,1,0,0,1122,18,1,0,2771,2771,0,0,0,0,0,0,45,35,661,380,373,399,28,0,0,0,0,0,0,0,0,0,0,1,1,0,0,0,0,0,0,0,0,0,1,1,1,11,1,1,1,0,11,11,12,11,31,253,0,0,38,38,50,41,41,30,435,2772,4220,63,6,0,0,0,0,0,0,0,0,0,0,0,0,0,0,62,2,71,2796,7,2841,0,0,423,25,487,85,421,412,747,749,11,26,57,26,6,1189,1193,1193,1193,1193,40,6,6,59,0,0,0,0,0,0,0,0,15,3,2426,0,0,3962,30,39,1113,1113,1113,5394,2361,0,210,1288,84,1290,4,0,0,0,996,6,1295,130,4234,0,0,0,0,0,1544,747,749,1225,1226,384,1089,1468,70,70,70,70,70,70,70,34,1308,0,0,437,0,0,0,0,0,1,62,117,4,13,77,0,18,2,193,2941,2941,2941,516,387,4596,291,0,2,29,0,1,73,0,0,165,165,205,231,231,231,42,53,0,0,7,709,2,742,0,0,0,72,0,29,0,108,521,413,11,11,0,1,34,34,34,0,0,0,0,47,47,3,52,1292,1,0,0,0,0,0,0,70,2,1430,1430,262,1431,1431,1,39,1544,1544,1543,186,1544,217,0,0,0,0,74,85,0,0,7,0,2
Beijing,20462610,World Population Review,5,60,02/08/2020,331419,10,17,0,0,1,221,114,264,264,82,150,0,0,264,187,153,176,264,150,0,0,0,16,0,0,9,0,0,0,0,112,0,178,83,0,0,3211,3211,34409,0,0,0,3448,10,0,0,3037,3037,1,1,1,1,1,1,208,72,1145,722,714,932,72,0,0,0,0,0,0,0,0,0,0,1,1,0,0,0,0,0,0,0,0,0,1,1,1,10,1,1,1,0,9,9,10,9,75,1133,1,0,105,105,187,127,127,112,154,3044,4826,269,5,0,0,0,0,0,0,0,0,0,0,0,0,0,0,267,14,211,2648,15,3088,0,0,1014,217,1087,308,1012,973,16006,16007,4,11,19,11,22,3644,3673,3673,3673,3673,118,22,22,207,0,0,0,0,0,0,0,0,71,37,1840,0,0,3238,126,21,416,416,416,5740,1532,0,895,4171,298,4172,123,0,0,0,27963,22,4236,143,3714,0,0,0,0,0,2373,16026,16027,3858,3858,1544,3395,4657,25,25,25,25,25,25,25,245,4304,1,1,1002,0,0,0,0,0,0,7,349,8,16,132,0,19,2,316,2108,2108,2108,273,131,3827,3907,0,9,11,0,0,53,0,0,556,556,782,818,818,818,5,44,5,0,0,617,15,15948,0,0,0,8,1,11,0,430,1209,779,4,4,9,0,241,241,241,0,0,0,0,42,42,6,44,4263,0,0,0,0,0,0,0,25,2,4756,4755,893,4756,4758,5,119,5014,5015,5016,670,5018,670,0,0,0,0,26,11,0,0,434,6,5
Bengaluru,12327000,MacroTrends,3,79,02/08/2020,429357,92,51,2,2,6,43,24,56,56,17,32,1,1,56,789,90,37,56,32,0,1,4,40,4,4,15,4,4,4,4,83,8,781,244,0,0,24171,24171,5670,8,0,0,1024,92,2,0,7673,7674,6,6,6,6,6,0,27,13,1285,1190,1186,1200,14,2,2,2,2,2,2,2,0,0,0,1,1,1,0,0,0,0,0,0,0,0,2,2,2,16,2,2,2,0,14,14,16,14,16,69,4,0,275,275,328,289,289,260,323,7677,11044,56,2,1,0,1,0,0,0,0,0,0,0,0,0,0,0,198,2,65,9078,14,9144,0,0,1266,12,1834,578,1265,1248,709,709,17,30,78,30,23,1110,1136,1136,1136,1136,282,23,23,337,1,1,1,1,1,1,1,1,45,6,20922,0,0,24266,64,77,15112,15112,15112,26282,20686,5,189,1190,68,1189,37,1,1,1,4321,23,1215,363,24924,1,0,0,0,0,935,711,711,1136,1137,369,1027,1590,109,109,109,109,109,109,109,46,1266,6,6,1263,1,1,1,1,1,1,32,117,21,28,46,0,2,6,912,21617,21617,21617,769,411,25224,242,0,12,93,0,0,95,0,0,208,208,323,347,347,347,14,73,0,0,17,433,6,718,0,0,0,39,0,93,0,582,1873,1291,15,15,0,0,45,45,45,0,0,0,0,64,64,15,73,1234,0,0,0,0,0,0,0,112,4,1435,1435,365,1435,1435,10,282,1702,1702,1702,247,1702,242,0,0,0,0,124,132,0,0,108,1,28
Berlin,3562038,World Population Review,7,39,02/08/2020,247788,107,37,0,0,0,50,19,54,54,28,35,0,0,54,106,118,42,54,35,0,0,0,32,0,0,6,0,0,0,0,60,1,88,48,1,1,9651,9651,4391,1,0,0,1285,111,1,0,7609,7609,0,0,0,0,0,0,35,28,996,631,631,647,16,0,0,0,0,0,0,0,0,0,0,0,0,0,0,0,0,0,0,0,0,0,0,0,0,7,0,0,0,0,7,7,7,7,17,93,1,0,65,65,100,83,83,59,2658,7640,10141,54,0,0,0,0,0,0,0,0,0,0,0,0,0,0,0,90,0,58,7718,10,7807,0,0,714,15,801,92,714,665,4157,4162,2,16,54,16,4,1363,1366,1366,1366,1368,66,4,4,110,0,0,0,0,0,0,0,0,9,2,6151,0,0,9743,54,57,1919,1919,1919,12286,6027,0,244,1528,57,1529,31,0,0,0,2835,4,1536,143,10125,0,0,0,0,0,2004,4161,4166,1430,1430,446,1339,1743,59,59,59,59,59,59,59,271,1528,0,0,723,0,0,0,0,0,0,69,90,3,13,98,0,85,0,217,8800,8800,8801,2730,2590,12566,129,0,3,29,0,1,41,0,0,127,127,188,226,226,226,281,33,0,0,4,264,1,4144,0,0,0,194,0,29,0,122,837,715,7,7,1,1,270,270,270,0,0,0,0,30,30,4,33,1515,1,0,0,0,0,0,0,59,1,1680,1681,269,1681,1682,7,65,1909,1909,1909,171,1910,188,0,0,0,0,61,61,0,0,21,0,1
Bilbao,350000,Bilbao,8,9,02/08/2020,10884,1,11,0,0,0,8,2,9,9,8,7,0,0,9,5,8,7,9,7,0,0,0,11,0,0,2,0,0,0,0,2,0,5,2,0,0,318,318,201,0,0,0,146,1,0,0,332,332,0,0,0,0,0,0,4,4,55,26,27,28,6,0,0,0,0,0,0,0,0,0,0,0,0,0,0,0,0,0,0,0,0,0,0,0,0,0,0,0,0,0,0,0,0,0,6,72,0,0,4,4,6,5,5,4,51,329,464,8,0,0,0,0,0,0,0,0,0,0,0,0,0,0,0,9,0,6,249,2,251,0,0,29,1,31,3,29,29,2,2,0,11,11,11,2,153,155,155,155,155,5,2,2,6,0,0,0,0,0,0,0,0,0,1,182,0,0,316,3,12,63,63,63,534,174,0,20,166,9,166,0,0,0,0,122,2,168,3,323,0,0,0,0,0,168,2,2,163,163,52,154,175,12,12,12,12,12,12,12,7,169,0,0,28,0,0,0,0,0,0,0,13,1,0,0,0,1,1,5,220,220,220,38,35,356,31,0,0,1,0,0,4,0,0,8,8,11,11,11,11,4,2,0,0,0,2,0,2,0,0,0,2,0,1,0,4,32,28,1,1,0,0,7,7,7,0,0,0,0,2,2,1,2,167,0,0,0,0,0,0,0,12,1,169,169,14,169,169,0,5,186,186,186,9,186,12,0,0,0,0,13,17,0,0,0,0,0
Birmingham,2607437,World Population Review,6,52,02/08/2020,22639,4,2,1,0,1,14,6,14,14,8,8,0,0,14,4,11,9,14,8,0,0,0,2,0,0,1,0,0,0,0,2,0,3,3,0,0,698,699,511,0,0,0,252,4,0,0,460,460,1,1,1,1,1,0,4,3,249,199,196,203,7,0,0,0,0,0,0,0,0,0,0,0,0,0,0,1,1,1,1,1,1,1,0,0,0,0,0,0,0,0,0,0,0,0,7,50,0,0,3,3,4,4,4,3,49,457,784,14,0,0,0,0,0,0,0,0,0,0,0,0,0,0,0,11,0,12,582,0,603,0,0,213,7,232,26,213,207,6,7,0,1,3,1,0,260,260,260,260,260,3,0,0,5,0,0,0,0,0,0,0,0,0,0,371,0,0,709,5,3,103,103,103,925,355,0,53,299,17,298,2,0,0,0,365,0,300,9,743,0,0,0,0,0,777,6,7,288,288,96,268,318,3,3,3,3,3,3,3,9,301,1,1,212,0,0,0,0,0,0,13,23,0,2,7,0,30,0,29,453,454,454,80,71,814,27,0,0,28,0,0,5,0,0,14,14,20,22,22,22,1,3,1,0,0,6,0,6,0,0,0,9,0,28,0,29,232,203,4,4,0,0,9,9,9,0,0,0,0,3,3,0,3,306,0,0,0,0,0,0,0,3,1,328,328,44,328,328,0,3,365,365,366,19,366,36,0,0,0,0,4,13,0,0,0,0,0
Bogota,10978360,World Population Review,1,98,02/08/2020,74,0,0,0,0,0,0,0,0,0,0,0,0,0,0,1,0,0,0,0,0,0,0,0,0,0,0,0,0,0,0,1,0,0,0,0,0,2,2,4,0,0,0,0,0,0,0,4,4,0,0,0,0,0,0,0,0,1,1,1,1,0,0,0,0,0,0,0,0,0,0,0,0,0,0,0,0,0,0,0,0,0,0,0,0,0,0,0,0,0,0,0,0,0,0,0,0,0,0,0,0,1,1,1,0,0,4,5,0,0,0,0,0,0,0,0,0,0,0,0,0,0,0,0,0,0,0,1,0,1,0,0,1,0,1,0,1,1,0,0,0,0,0,0,0,0,0,0,0,0,0,0,0,1,0,0,0,0,0,0,0,0,0,0,1,0,0,2,0,0,1,1,1,6,1,0,0,0,0,0,0,0,0,0,1,0,0,0,2,0,0,0,0,0,4,0,0,0,0,0,0,0,0,0,0,0,0,0,0,0,0,0,0,1,0,0,0,0,0,0,0,0,0,0,0,0,0,0,0,1,1,1,0,0,2,1,0,0,0,0,0,0,0,0,0,0,0,0,0,0,0,0,0,0,0,0,0,0,0,0,0,0,0,0,0,0,1,1,0,0,0,0,0,0,0,0,0,0,0,0,0,0,0,0,0,0,0,0,0,0,0,0,0,0,0,0,0,0,0,0,1,1,1,0,1,0,0,0,0,0,0,0,0,0,0,0,0
Bologna,805986,World Population Review,7,18,02/08/2020,31778,0,5,0,1,0,13,5,13,13,8,8,0,0,13,16,3,10,13,8,0,0,0,4,0,0,0,0,0,0,0,7,0,15,12,0,0,849,849,503,0,0,0,548,0,0,0,677,677,0,0,0,0,0,0,17,15,289,200,193,202,7,0,0,0,0,0,0,0,0,0,0,0,0,0,0,0,0,0,0,0,0,0,0,0,0,0,0,0,0,0,0,0,0,0,8,23,0,0,13,13,17,15,15,13,101,675,1186,13,0,0,0,0,0,0,0,0,0,0,0,0,0,0,0,15,0,16,758,1,770,0,0,209,3,217,12,203,202,11,11,0,4,4,4,1,575,575,575,575,575,14,1,1,19,0,0,0,0,0,0,0,0,4,1,311,0,0,860,8,4,92,92,92,1298,302,0,59,612,16,612,0,0,0,0,286,1,612,11,903,0,0,0,0,0,491,11,11,550,551,100,525,575,4,4,4,4,4,4,4,23,596,0,0,207,0,0,0,0,0,0,0,29,0,1,13,0,2,0,20,469,469,470,150,139,1036,22,0,1,1,0,0,10,0,0,11,11,26,30,30,30,6,5,1,0,0,7,0,11,0,0,0,29,0,1,0,20,222,202,1,1,0,0,24,24,24,0,0,0,0,4,4,0,5,604,0,0,0,0,0,0,0,4,0,617,617,38,617,617,0,14,635,635,635,20,634,29,0,0,0,0,6,15,0,0,2,0,0
Boston,710195,World Population Review,7,32,02/08/2020,35017,1,2,0,0,0,7,2,7,7,5,5,0,0,7,12,1,6,7,5,0,0,0,2,0,0,1,0,0,0,0,4,1,12,3,0,0,1709,1709,617,1,0,0,323,1,0,0,523,523,0,0,0,0,0,0,0,0,118,93,93,93,5,0,0,0,0,0,0,0,0,0,0,0,0,0,0,0,0,0,0,0,0,0,0,0,0,1,0,0,0,0,1,1,1,1,5,28,0,0,5,5,7,5,5,4,23,524,1834,7,0,0,0,0,0,0,0,0,0,0,0,0,0,0,0,63,0,8,1529,0,1533,0,0,95,0,100,5,95,95,81,996,1,2,3,2,1,332,332,332,332,332,5,1,1,8,0,0,0,0,0,0,0,0,54,1,397,0,0,1706,5,3,172,172,172,2014,388,0,21,345,7,344,3,0,0,0,381,1,346,8,1727,0,0,0,0,0,174,81,999,338,338,37,329,366,4,4,4,4,4,4,4,26,346,0,0,95,0,0,0,0,0,0,1,10,0,3,4,0,7,0,12,420,420,420,26,18,1743,10,0,0,10,0,0,15,0,0,11,11,20,21,21,21,8,12,0,0,0,983,0,987,0,0,0,0,0,10,0,4,99,95,0,0,0,0,26,26,26,0,0,0,0,9,9,2,12,342,0,0,0,0,0,0,0,4,0,358,358,28,358,358,0,5,392,392,392,16,392,13,0,0,0,0,4,3,0,0,1,0,1
Bratislava,433000,MacroTrends,3,84,02/08/2020,51247,59,9,2,0,0,30,8,35,35,21,27,0,0,35,58,17,27,35,27,0,0,0,8,0,0,2,0,0,0,0,58,0,57,11,0,0,1663,1663,1420,0,0,0,462,60,0,0,1843,1843,0,0,0,0,0,0,13,10,380,242,242,247,19,0,0,0,0,0,0,0,1,1,1,0,0,0,1,1,1,1,1,1,1,1,0,0,0,0,0,0,0,0,0,0,0,0,19,25,0,0,47,47,59,48,48,44,289,1841,2487,34,1,0,0,0,0,0,0,0,0,0,0,0,0,0,0,68,3,32,1378,0,1395,0,0,252,5,267,20,252,250,32,252,2,7,12,7,3,477,479,479,479,479,49,3,3,70,0,0,0,0,0,0,0,0,0,3,855,0,0,1666,10,12,276,276,276,2784,838,0,79,521,33,521,4,0,0,0,969,3,522,55,1766,0,0,0,0,0,618,32,252,496,495,143,456,550,15,15,15,15,15,15,15,35,523,0,0,255,0,0,0,0,0,0,36,41,5,4,22,0,5,1,71,1202,1202,1202,343,287,2043,73,0,3,7,0,0,13,0,0,29,29,43,43,43,43,15,11,0,0,0,246,2,248,0,0,0,15,0,9,0,29,282,253,7,7,0,0,34,34,34,0,0,0,0,12,12,1,12,518,0,0,0,0,0,0,0,15,0,548,548,66,549,549,1,49,596,596,596,35,596,47,0,0,0,0,17,16,0,0,3,0,4
Brisbane,2406182,World Population Review,7,27,02/08/2020,55022,2,25,1,0,0,64,52,66,66,15,14,0,0,66,33,32,18,66,14,0,0,0,25,0,0,1,0,0,0,0,13,0,31,13,0,0,1621,1621,1312,0,0,0,567,2,0,0,1086,1086,0,0,0,0,0,0,65,60,484,284,281,285,10,0,0,0,0,0,0,0,0,0,0,0,0,0,1,1,1,1,1,1,1,1,0,0,0,2,0,0,0,0,2,2,2,2,11,71,3,0,17,17,24,19,19,16,200,1080,1710,67,0,0,0,0,0,0,0,0,0,0,0,0,0,0,0,38,0,22,1181,5,1223,0,0,294,4,351,61,294,288,18,18,1,23,28,23,1,598,602,602,602,602,17,1,1,26,0,0,0,0,0,0,0,0,2,3,1020,0,0,1645,11,27,437,437,437,2211,937,1,188,762,22,762,23,0,0,0,986,1,766,84,1841,0,0,0,0,0,1199,18,18,743,743,367,710,880,30,30,30,30,30,30,30,60,771,0,0,295,0,0,0,0,0,0,20,40,0,2,30,0,142,0,140,1298,1298,1298,282,200,2023,77,0,1,113,0,0,14,0,0,43,43,55,60,60,60,25,13,0,0,0,14,1,19,0,0,0,12,0,112,0,69,364,295,7,7,0,0,59,59,59,0,0,0,0,12,12,4,13,767,0,0,0,0,0,0,0,29,1,872,872,81,872,872,0,17,951,951,951,52,951,59,0,0,0,0,31,44,0,0,3,0,1
Brussels,2080788,World Population Review,5,64,02/08/2020,384095,11,64,1,0,0,328,100,416,416,173,316,0,0,416,263,38,358,416,316,0,0,1,55,1,1,4,1,1,1,1,37,1,262,137,0,0,11381,11382,19655,1,0,0,1439,11,0,0,8158,8158,0,0,0,0,0,0,56,42,1044,840,827,844,144,0,0,0,0,0,0,0,0,0,0,0,0,2,2,1,1,1,1,1,1,1,2,2,2,13,4,4,4,0,14,14,16,14,185,48,4,0,163,163,164,173,173,156,2878,8170,10766,417,23,0,0,0,0,0,0,0,1,1,1,1,1,1,1,72,4,632,9635,0,9720,0,0,860,9,926,76,853,843,439,943,19,43,97,43,19,1658,1682,1682,1682,1682,174,19,19,183,0,0,0,0,0,0,0,0,32,2,7172,0,0,11422,66,100,1707,1707,1707,12581,7112,2,778,1806,528,1805,72,0,0,0,18568,19,1871,235,11766,0,0,0,0,0,307,440,944,1800,1800,1240,1046,2385,127,126,126,126,126,126,126,22750,2061,0,0,855,0,0,0,0,0,2,11,608,18,22,39,0,15,14,301,8479,8479,8480,1332,1098,12795,57,0,15,44,0,0,116,0,0,514,514,606,649,649,649,13,94,0,0,11,947,14,951,0,0,0,82,0,44,0,101,945,843,1,1,0,0,22512,22514,22516,0,0,0,0,77,77,30,94,1880,0,0,0,0,0,0,0,125,0,2187,2187,1113,2187,2186,1,176,2460,2460,2460,513,2460,878,0,0,0,0,128,31,0,0,16,0,2
Bucharest,1803247,World Population Review,3,85,02/08/2020,132763,34,63,0,1,0,56,26,66,66,38,40,0,0,66,118,166,48,67,41,0,0,2,55,2,2,8,2,2,2,2,85,2,117,63,0,0,3978,3978,3288,2,0,0,1567,35,1,0,3196,3196,0,0,0,0,0,0,42,28,781,580,581,588,24,0,0,0,0,0,0,0,0,0,0,0,0,0,0,0,0,0,0,0,0,0,0,0,0,7,0,0,0,0,7,7,7,7,27,47,0,0,102,102,132,105,105,94,391,3208,5227,69,0,0,0,0,0,0,0,0,3,3,3,3,3,3,3,232,2,66,3266,6,3310,0,0,619,7,693,77,619,593,364,379,4,47,87,47,6,1629,1631,1631,1631,1631,105,6,6,151,0,0,0,0,0,0,0,0,10,0,1831,0,0,3990,25,105,682,682,682,5974,1783,0,165,1714,60,1714,12,0,0,0,2130,6,1740,140,4229,0,0,0,0,0,3344,364,379,1683,1683,365,1588,2049,111,111,110,110,110,110,110,147,1746,0,0,628,0,0,0,0,0,0,67,95,4,13,45,0,5,0,209,2446,2446,2446,599,459,4680,112,0,3,343,0,0,32,0,0,86,86,132,151,151,151,31,26,0,0,4,81,0,373,0,0,0,61,0,347,0,99,723,624,37,37,0,0,139,139,139,0,0,0,0,24,24,3,26,1740,0,0,0,0,0,0,0,110,0,2024,2024,395,2024,2025,1,104,2448,2448,2449,122,2448,339,0,0,0,0,110,217,0,0,22,0,39
Budapest,1768073,World Population Review,3,83,02/08/2020,188794,94,41,0,0,1,164,98,177,177,31,78,0,0,177,104,36,94,175,78,0,0,3,38,3,3,5,3,3,3,3,73,2,100,45,4,4,7625,7625,2247,2,0,0,1230,94,0,0,6306,6306,1,1,1,1,1,0,58,34,1334,483,448,496,27,0,0,0,0,0,0,0,0,0,0,1,1,0,2,0,0,0,0,0,0,0,1,1,1,26,1,1,1,0,26,26,27,26,28,78,1,0,66,66,99,70,70,64,1509,6312,7960,176,1,0,0,0,0,0,0,0,1,1,1,1,1,1,1,62,7,101,5282,0,5912,0,0,543,48,586,98,543,508,83,313,5,28,46,28,7,1286,1288,1288,1288,1288,66,7,7,120,0,0,0,0,0,0,0,0,15,3,5186,0,0,7653,61,50,1792,1792,1793,10412,5100,0,313,1465,118,1465,11,0,0,0,1513,7,1482,120,7921,0,0,0,0,0,3151,82,313,1393,1394,733,1251,1658,56,56,56,56,56,56,56,207,1508,1,1,547,0,0,0,0,0,0,75,148,9,37,68,0,29,6,163,6694,6696,6697,1532,1412,9286,229,0,4,4,0,4,134,0,0,165,165,237,253,254,254,52,104,0,0,1,301,4,313,0,0,0,130,0,4,0,118,621,503,4,4,0,4,204,204,204,0,0,0,0,98,97,17,101,1485,4,0,0,0,0,0,0,57,0,1619,1619,302,1619,1619,0,68,1892,1892,1892,228,1893,197,0,0,0,0,59,180,0,0,11,0,9
Buenos Aires,15153729,World Population Review,3,87,02/08/2020,29,0,0,0,0,0,0,0,0,0,0,0,0,0,0,0,0,0,0,0,0,0,0,0,0,0,0,0,0,0,0,0,0,0,0,0,0,0,0,0,0,0,0,1,0,0,0,1,1,0,0,0,0,0,0,0,0,0,0,0,0,0,0,0,0,0,0,0,0,0,0,0,0,0,0,0,0,0,0,0,0,0,0,0,0,0,0,0,0,0,0,0,0,0,0,0,0,0,0,0,0,0,0,0,0,0,1,1,0,0,0,0,0,0,0,0,0,0,0,0,0,0,0,0,1,0,0,0,0,0,0,0,0,0,0,0,0,0,0,0,0,0,0,0,0,1,1,1,1,1,0,0,0,0,0,0,0,0,0,0,0,0,0,0,0,0,0,0,0,0,0,0,0,1,0,0,0,1,0,1,0,0,0,0,0,0,1,0,0,0,0,0,0,0,0,0,0,1,1,0,1,1,0,0,0,0,0,0,0,0,1,0,0,0,0,0,0,0,0,0,0,0,0,0,0,0,0,0,0,0,0,0,0,0,0,0,0,0,0,0,0,0,0,0,0,0,0,0,0,0,0,0,0,0,0,0,0,0,0,0,0,0,0,0,0,0,0,0,0,0,0,0,0,0,0,0,0,0,0,0,0,0,0,1,0,0,0,0,0,0,0,0,0,1,1,0,1,1,0,0,1,1,1,0,1,0,0,0,0,0,0,0,0,0,0,0,0
Busan,3465190,World Population Review,6,50,02/08/2020,88153,0,7,1,0,0,82,67,93,93,18,26,0,0,93,51,66,26,93,26,0,0,0,5,0,0,1,0,0,0,0,360,0,50,15,0,0,1892,1893,2054,0,0,0,1711,0,0,0,1051,1052,0,0,0,0,0,0,19,12,959,642,638,647,12,1,1,1,1,1,1,1,0,0,0,0,0,0,0,0,0,0,0,0,0,0,0,0,0,1,0,0,0,0,1,1,1,1,13,89,0,0,16,16,23,19,19,15,32,1050,2593,93,11,0,0,0,0,0,0,0,0,0,0,0,0,0,0,599,0,32,1708,3,1738,0,0,659,8,678,27,659,657,21,22,1,3,8,3,4,1743,1745,1746,1746,1746,18,4,4,376,0,0,0,0,0,0,0,0,7,1,469,0,0,1914,6,8,176,176,176,2831,398,0,77,1780,36,1781,34,0,0,0,1597,4,1783,41,2042,0,0,0,0,0,5668,21,22,1708,1708,257,1663,1799,9,9,9,9,9,9,9,31,1774,0,0,661,0,0,0,0,0,0,3,42,0,0,17,0,1,0,59,580,580,580,105,65,2082,627,0,4,0,0,0,0,0,0,71,71,78,82,82,82,8,1,1,0,0,19,0,21,0,0,0,7,0,0,0,33,686,653,0,0,0,0,31,31,31,0,0,0,0,1,1,0,1,1784,0,0,0,0,0,0,0,10,0,1844,1844,105,1844,1844,1,18,1880,1880,1880,57,1880,80,0,0,0,0,10,30,0,0,36,0,0
Cairo,20900604,World Population Review,1,99,02/08/2020,33479,0,2,0,0,0,32,15,32,32,16,17,0,0,32,33,14,20,32,17,0,0,0,1,0,0,0,0,0,0,0,41,1,30,19,0,0,769,769,812,1,0,0,349,0,0,0,1000,1000,0,0,0,0,0,0,257,246,419,394,390,405,12,0,0,0,0,0,0,0,0,0,0,0,0,0,0,0,0,0,0,0,0,0,0,0,0,0,0,0,0,0,0,0,0,0,14,117,0,0,22,22,54,26,26,23,61,1003,1339,33,1,0,0,0,0,0,0,0,0,0,0,0,0,0,0,6,0,20,590,7,629,0,0,416,15,463,56,416,410,34,35,0,1,2,1,2,370,377,377,377,377,23,2,2,61,0,0,0,0,0,0,0,0,3,0,445,0,0,773,12,2,140,140,140,1530,417,0,44,385,25,385,6,0,0,0,592,2,386,16,829,0,0,0,0,0,856,34,35,364,364,103,336,403,2,2,2,2,2,2,2,7,386,0,0,420,0,0,0,0,0,0,15,32,0,0,24,0,15,0,60,491,492,492,37,22,844,666,0,1,0,0,0,1,0,0,22,22,35,39,39,39,6,0,1,0,0,17,0,34,0,0,0,0,0,0,0,65,469,404,4,4,0,0,5,5,5,0,0,0,0,0,0,0,0,383,0,0,0,0,0,0,0,2,0,405,405,57,405,405,0,22,458,458,458,32,458,39,0,0,0,0,2,470,0,0,15,0,92
Cape Town,4617560,World Population Review,2,93,02/08/2020,0,0,0,0,0,0,0,0,0,0,0,0,0,0,0,0,0,0,0,0,0,0,0,0,0,0,0,0,0,0,0,0,0,0,0,0,0,0,0,0,0,0,0,0,0,0,0,0,0,0,0,0,0,0,0,0,0,0,0,0,0,0,0,0,0,0,0,0,0,0,0,0,0,0,0,0,0,0,0,0,0,0,0,0,0,0,0,0,0,0,0,0,0,0,0,0,0,0,0,0,0,0,0,0,0,0,0,0,0,0,0,0,0,0,0,0,0,0,0,0,0,0,0,0,0,0,0,0,0,0,0,0,0,0,0,0,0,0,0,0,0,0,0,0,0,0,0,0,0,0,0,0,0,0,0,0,0,0,0,0,0,0,0,0,0,0,0,0,0,0,0,0,0,0,0,0,0,0,0,0,0,0,0,0,0,0,0,0,0,0,0,0,0,0,0,0,0,0,0,0,0,0,0,0,0,0,0,0,0,0,0,0,0,0,0,0,0,0,0,0,0,0,0,0,0,0,0,0,0,0,0,0,0,0,0,0,0,0,0,0,0,0,0,0,0,0,0,0,0,0,0,0,0,0,0,0,0,0,0,0,0,0,0,0,0,0,0,0,0,0,0,0,0,0,0,0,0,0,0,0,0,0,0,0,0,0,0,0,0,0,0,0,0,0,0,0,0,0,0,0,0,0,0,0,0,0,0,0,0,0,0,0,0,0,0,0,0
Chengdu,9135768,World Population Review,5,58,02/08/2020,50162,6,1,0,0,0,41,24,44,44,16,20,0,0,44,44,33,21,44,20,0,0,0,0,0,0,0,0,0,0,0,19,0,44,20,0,0,551,551,7994,0,0,0,694,6,0,0,531,531,0,0,0,0,0,0,69,11,290,129,129,129,14,0,0,0,0,0,0,0,0,0,0,0,0,0,0,0,0,0,0,0,0,0,0,0,0,0,0,0,0,0,0,0,0,0,14,346,0,0,23,23,41,31,31,30,47,534,825,44,0,0,0,0,0,0,0,0,0,0,0,0,0,0,0,27,3,26,505,0,520,0,0,149,0,170,25,149,140,72,72,0,0,1,0,9,739,752,752,752,752,31,9,9,47,0,0,0,0,0,0,0,0,16,1,337,0,0,564,25,1,31,31,31,897,329,0,81,776,25,776,25,0,0,0,6704,9,798,30,624,0,0,0,0,0,765,72,72,721,721,218,668,864,1,1,1,1,1,1,1,55,799,0,0,147,0,0,0,0,0,0,1,44,0,0,12,0,2,0,87,418,418,418,75,44,664,1152,0,3,3,0,0,0,0,0,101,101,151,163,163,163,0,0,0,0,0,47,5,75,0,0,0,23,0,3,0,62,210,148,1,1,0,0,55,55,56,0,0,0,0,0,0,0,0,788,0,0,0,0,0,0,0,1,1,854,854,143,854,854,1,31,907,907,907,114,907,78,0,0,0,0,2,1,0,0,97,0,1
Chicago,2694240,World Population Review,6,53,02/08/2020,1367896,62,45,0,0,0,124,27,191,191,98,164,0,0,191,100,8198,188,191,164,0,0,0,40,0,0,9,0,0,0,0,36,0,98,39,1,1,15940,15940,34532,0,0,0,16404,68,2,0,13472,13473,0,0,0,0,0,0,275,21,3097,2748,2744,2757,91,0,0,0,0,0,0,0,0,0,0,0,0,1,0,0,0,0,0,0,0,0,1,1,1,9,1,1,1,0,9,9,10,9,92,232,0,0,52,52,66,56,56,47,370,13501,20538,191,1,0,0,0,0,0,0,0,0,0,0,0,0,0,0,946,4,221,13978,6,14406,0,0,9983,12,10307,334,9990,9972,98487,98795,8,35,61,35,4,16699,16703,16704,16706,16705,55,4,4,77,0,0,0,0,0,0,0,0,85,3,5337,0,0,16089,28,61,1622,1622,1623,22775,5281,0,2461,17053,2109,17052,38,0,0,0,25895,4,17109,568,17901,0,0,0,0,0,2323,98660,98965,17067,17069,2941,14873,17819,73,73,73,73,73,73,73,422,16319,0,0,9762,0,0,0,0,0,0,36,1661,4,10,1174,0,106,3,1092,6155,6156,6156,848,282,18110,265,0,1,261,0,1,63,0,0,1575,1575,1618,1633,1633,1633,24,42,2,0,4,51329,220,98551,0,0,0,13,0,274,0,549,10355,9808,22,22,5,1,426,426,426,0,0,0,0,38,38,4,42,16370,1,0,0,0,0,0,0,74,2,17036,17036,2385,17036,17037,1,54,20600,20600,20602,1594,20603,2333,0,0,0,0,78,65,0,0,13,3,11
Chongqing,15872179,World Population Review,6,42,02/08/2020,24476,1,0,0,0,0,15,3,15,15,8,12,0,0,15,15,8,13,15,12,0,0,0,0,0,0,0,0,0,0,0,15,0,15,5,0,0,151,151,4491,0,0,0,289,1,0,0,141,141,0,0,0,0,0,0,33,2,78,50,48,52,8,0,0,0,0,0,0,0,0,0,0,0,0,0,0,0,0,0,0,0,0,0,0,0,0,0,0,0,0,0,0,0,0,0,8,220,0,0,9,9,22,11,11,11,7,141,228,15,0,0,0,0,0,0,0,0,0,0,0,0,0,0,0,10,0,14,119,0,139,0,0,62,4,65,11,62,55,273,273,0,0,0,0,4,316,316,316,316,316,12,4,4,23,0,0,0,0,0,0,0,0,5,3,103,0,0,154,5,0,14,14,14,265,101,0,60,330,29,330,12,0,0,0,3868,4,330,8,175,0,0,0,0,0,822,275,275,298,298,110,249,339,0,0,0,0,0,0,0,18,325,0,0,59,0,0,0,0,0,0,0,43,0,0,9,0,0,0,25,124,124,124,23,14,185,1115,0,1,0,0,0,0,0,0,57,57,72,75,75,75,2,0,0,0,0,221,0,273,0,0,0,6,0,0,0,26,77,51,0,0,1,0,19,19,19,0,0,0,0,0,0,0,0,321,0,0,0,0,0,0,0,0,0,354,354,77,354,354,1,12,374,373,373,62,373,66,0,0,0,0,0,0,0,0,51,1,0
Copenhagen,1346485,World Population Review,9,5,02/08/2020,30264,1,5,0,0,0,5,2,5,5,2,3,0,0,5,3,16,5,5,3,0,0,0,5,0,0,1,0,0,0,0,8,0,3,0,0,0,1020,1020,768,0,0,0,305,1,0,0,1031,1031,0,0,0,0,0,0,4,4,233,165,163,166,1,0,0,0,0,0,0,0,0,0,0,0,0,0,0,0,0,0,0,0,0,0,0,0,0,0,0,0,0,0,0,0,0,0,1,56,0,0,1,1,3,1,1,1,124,1031,1460,5,0,0,0,0,0,0,0,0,0,0,0,0,0,0,0,12,0,6,832,1,840,0,0,170,2,174,9,169,166,61,262,1,5,8,5,0,310,311,311,312,312,1,0,0,8,0,0,0,0,0,0,0,0,14,2,510,0,0,1025,6,6,177,177,178,1652,482,0,21,321,6,321,3,0,0,0,474,0,321,13,1084,0,0,0,0,0,324,61,262,306,306,42,295,351,9,9,9,9,9,9,9,15,324,0,0,173,0,0,0,0,0,1,10,13,1,1,15,0,15,0,22,634,634,634,124,111,1190,26,0,0,9,0,0,10,0,0,18,18,25,39,39,39,6,6,0,0,0,258,0,260,0,0,0,2,0,9,0,14,182,168,4,4,0,0,15,15,15,0,0,0,0,6,6,0,6,322,0,0,0,0,0,0,0,9,0,346,346,34,346,346,0,1,383,383,383,24,383,31,0,0,0,0,10,31,0,0,3,0,0
Denver,734134,World Population Review,7,33,02/08/2020,208758,4,21,0,0,0,45,27,46,46,21,19,0,0,45,36,147,62,45,19,0,0,0,21,0,0,4,0,0,0,0,31,1,30,18,0,0,4902,4902,3801,1,0,0,2015,4,0,0,5235,5235,0,0,0,0,0,0,8,4,427,314,313,314,17,0,0,0,0,0,0,0,0,0,0,0,0,0,0,0,0,0,0,0,0,0,0,0,0,0,0,0,0,0,0,0,0,0,17,434,0,0,24,24,46,30,30,22,2887,5235,6577,46,0,0,0,0,0,0,0,0,3,3,3,3,3,3,3,148,1,26,4644,0,4746,0,0,345,1,395,44,347,334,11201,11201,2,13,24,13,2,2043,2043,2043,2042,2042,24,2,2,51,0,0,0,0,0,0,0,0,5,1,3577,0,0,4951,4,24,244,244,244,6956,3548,0,100,2071,63,2071,6,0,0,0,2536,2,2076,19,5025,0,0,0,0,0,1119,11216,11216,2058,2056,267,1983,2129,26,26,26,26,26,26,26,46,2003,0,0,358,0,0,0,0,0,0,78,68,2,4,22,0,48,0,63,3673,3673,3673,124,106,5103,71,0,1,260,0,0,18,0,0,63,63,68,74,74,74,27,11,1,0,0,3432,0,11156,0,0,0,4,0,306,0,51,412,362,10,10,0,0,45,45,45,0,0,0,0,9,9,0,11,2012,0,0,0,0,0,0,0,25,0,2072,2072,121,2073,2073,1,23,2241,2242,2242,66,2242,110,0,0,0,0,25,17,0,0,3,0,3
Dubai,2878344,World Population Review,6,45,02/08/2020,51421,1,5,0,0,0,25,14,27,27,14,13,0,0,27,41,78,16,27,13,0,0,0,4,0,0,1,0,0,0,0,7,0,38,18,0,0,1712,1712,2773,0,0,0,475,1,0,0,760,760,0,0,0,0,0,0,20,9,607,553,550,558,9,0,0,0,0,0,0,0,0,0,0,0,0,0,1,0,0,0,0,0,0,0,0,0,0,0,0,0,0,0,0,0,0,0,9,37,0,0,23,23,26,26,26,21,52,762,1969,27,0,0,0,0,0,0,0,0,0,0,0,0,0,0,0,55,0,19,1406,1,1420,0,0,594,8,670,79,594,563,25,25,0,3,6,3,6,504,510,510,510,510,23,6,6,27,0,0,0,0,0,0,0,0,5,0,551,0,0,1737,11,8,311,311,311,2314,526,0,68,555,17,555,9,0,0,0,1392,6,555,43,1854,0,0,0,0,0,2159,25,25,542,542,187,509,616,8,8,8,8,8,8,8,33,555,0,0,599,0,0,0,0,0,0,3,32,0,0,57,0,11,0,117,628,628,628,74,32,1882,278,0,3,2,0,0,8,0,0,39,39,52,57,57,57,7,5,1,0,0,26,0,26,0,0,0,3,0,2,0,93,687,595,23,23,1,0,33,33,33,0,0,0,0,5,5,2,5,559,0,0,0,0,0,0,0,8,0,610,611,78,611,611,4,23,711,711,711,47,711,64,0,0,0,0,9,83,0,0,5,1,8
Dublin,1228179,World Population Review,7,30,02/08/2020,2358118,52,495,26,0,2,1689,562,2128,2128,710,1566,5,5,2128,5573,973,2093,2127,1565,0,5,17,411,17,17,112,17,17,17,17,171,26,5573,2564,8,8,78649,78653,93076,27,0,0,21777,55,7,0,40408,40410,2,2,2,2,2,0,180,133,16055,14893,14873,14948,616,7,7,7,7,7,7,7,1,1,1,7,7,9,25,19,19,19,19,19,19,19,10,10,19,162,21,20,20,0,149,149,159,149,720,353,17,0,2668,2668,2708,2709,2709,2622,5930,40474,67454,2131,37,5,0,5,0,5,0,0,7,7,7,7,7,7,7,1314,27,5079,56332,38,63346,5,5,15381,73,15931,535,15382,15061,1085,1089,100,268,665,268,70,23829,24021,24024,24026,24025,2714,70,70,2765,5,5,5,5,5,5,5,5,430,59,52592,5,5,79049,923,700,20452,20451,20452,95298,50592,15,6035,26330,2617,26333,96,5,5,5,89419,70,27752,1825,85035,6,6,1,6,6,1853,1088,1092,26703,26705,10602,20697,34135,833,833,833,833,832,832,832,857,28036,2,2,15327,5,5,5,5,5,12,133,3581,149,256,2083,0,30,69,2265,58332,58334,58332,5923,4114,88601,514,0,46,85,0,8,1161,6,1,3753,3753,5773,6358,6358,6358,78,930,0,6,134,1144,168,1249,6,0,1,124,133,85,0,652,15940,15287,11,11,16,8,840,840,840,6,6,6,6,798,798,152,927,27580,8,6,6,6,6,6,6,832,34,31592,31593,10690,31599,31601,25,2705,34766,34767,34767,4379,34771,8638,1,1,1,1,903,114,4,4,111,4,26
Dusseldorf,632386,PopulationStat,8,10,02/08/2020,0,0,0,0,0,0,0,0,0,0,0,0,0,0,0,0,0,0,0,0,0,0,0,0,0,0,0,0,0,0,0,0,0,0,0,0,0,0,0,0,0,0,0,0,0,0,0,0,0,0,0,0,0,0,0,0,0,0,0,0,0,0,0,0,0,0,0,0,0,0,0,0,0,0,0,0,0,0,0,0,0,0,0,0,0,0,0,0,0,0,0,0,0,0,0,0,0,0,0,0,0,0,0,0,0,0,0,0,0,0,0,0,0,0,0,0,0,0,0,0,0,0,0,0,0,0,0,0,0,0,0,0,0,0,0,0,0,0,0,0,0,0,0,0,0,0,0,0,0,0,0,0,0,0,0,0,0,0,0,0,0,0,0,0,0,0,0,0,0,0,0,0,0,0,0,0,0,0,0,0,0,0,0,0,0,0,0,0,0,0,0,0,0,0,0,0,0,0,0,0,0,0,0,0,0,0,0,0,0,0,0,0,0,0,0,0,0,0,0,0,0,0,0,0,0,0,0,0,0,0,0,0,0,0,0,0,0,0,0,0,0,0,0,0,0,0,0,0,0,0,0,0,0,0,0,0,0,0,0,0,0,0,0,0,0,0,0,0,0,0,0,0,0,0,0,0,0,0,0,0,0,0,0,0,0,0,0,0,0,0,0,0,0,0,0,0,0,0,0,0,0,0,0,0,0,0,0,0,0,0,0,0,0,0,0,0,0
Geneva,613373,World Population Review,9,4,02/08/2020,33192,30,12,1,0,0,7,3,12,12,10,9,0,0,12,34,7,11,12,9,0,0,0,11,0,0,1,0,0,0,0,8,0,34,15,0,0,1344,1344,1045,0,0,0,240,31,0,0,777,777,0,0,0,0,0,0,6,4,247,191,189,191,4,1,1,1,1,1,1,1,0,0,0,0,0,0,0,0,0,0,0,0,0,0,0,0,0,3,0,0,0,0,3,3,3,3,4,7,0,0,20,20,21,21,21,18,214,776,1342,12,0,0,0,0,0,0,0,0,0,0,0,0,0,0,0,19,0,11,1079,1,1095,0,0,194,2,201,6,194,192,13,13,0,12,14,12,2,258,259,259,259,259,21,2,2,24,0,0,0,0,0,0,0,0,5,0,691,0,0,1355,6,14,251,251,251,1626,675,0,34,273,16,273,5,0,0,0,931,2,274,35,1419,0,0,0,0,0,757,13,13,261,261,87,242,311,14,14,14,14,14,14,14,33,273,0,0,196,0,0,0,0,0,0,0,21,3,4,8,0,20,2,37,881,881,881,189,154,1570,25,0,1,20,0,0,12,0,0,14,14,20,21,21,21,10,11,0,0,2,12,1,14,0,0,0,335,0,20,0,8,202,194,1,1,0,0,33,33,33,0,0,0,0,9,9,1,10,273,0,0,0,0,0,0,0,13,1,306,305,55,305,305,0,20,322,322,322,20,323,45,0,0,0,0,14,9,0,0,1,0,0
Gothenburg,610521,World Population Review,7,28,02/08/2020,23468,8,10,0,1,0,7,4,7,7,5,3,0,0,7,4,11,5,7,3,0,0,0,9,0,0,1,0,0,0,0,12,0,4,2,1,1,718,718,405,0,0,0,263,8,0,0,602,602,0,0,0,0,0,0,7,5,119,84,84,84,3,0,0,0,0,0,0,0,0,0,0,0,0,0,0,0,0,0,0,0,0,0,0,0,0,3,0,0,0,0,3,3,3,3,2,26,0,0,2,2,9,2,2,2,84,603,864,7,0,0,0,0,0,0,0,0,0,0,0,0,0,0,0,13,0,8,513,0,531,0,0,87,0,99,11,87,85,10,10,3,3,8,3,0,285,287,288,288,288,2,0,0,14,0,0,0,0,0,0,0,0,2,1,428,0,0,709,8,10,188,188,188,1072,414,0,41,313,6,313,3,0,0,0,264,0,317,21,753,0,0,0,0,0,894,10,10,304,304,77,287,331,12,12,12,12,12,12,12,81,315,0,0,89,0,0,0,0,0,0,9,19,0,3,10,0,1,0,36,619,619,620,188,167,922,17,0,0,1,0,1,6,0,0,21,21,33,37,37,37,8,5,0,0,0,6,0,10,0,0,0,4,0,1,0,17,109,92,6,6,0,1,77,77,77,0,0,0,0,5,5,0,5,318,1,0,0,0,0,0,0,12,0,329,329,31,329,329,1,2,339,339,339,25,339,21,0,0,0,0,14,47,0,0,2,0,0
Guangzhou,13301532,World Population Review,5,57,02/08/2020,127392,13,6,0,0,0,102,50,159,159,49,109,0,0,159,55,143,133,159,109,0,0,1,5,1,1,3,1,1,1,1,83,1,52,25,0,0,1577,1577,9304,1,0,0,2673,13,0,0,1328,1328,0,0,0,0,0,0,170,56,545,347,348,357,43,0,0,0,0,0,0,0,0,0,0,0,0,0,2,0,0,0,0,0,0,0,0,0,0,0,0,0,0,0,0,0,0,0,46,684,2,0,29,29,57,38,38,32,76,1331,2319,157,3,0,0,0,0,0,0,0,0,0,0,0,0,0,0,172,13,143,1377,6,1505,0,0,408,9,447,49,408,378,131,133,0,5,11,5,8,2797,2815,2815,2814,2815,37,8,8,116,0,0,0,0,0,0,0,0,24,6,654,0,0,1589,78,12,154,154,154,2620,619,0,338,2923,158,2924,35,0,0,0,7273,8,2957,76,1745,0,0,0,0,0,1377,131,134,2825,2825,600,2588,3197,12,12,12,12,12,12,12,86,2926,0,0,415,0,0,0,0,0,1,3,184,0,0,47,0,0,0,187,798,798,798,154,78,1790,1908,0,4,3,0,0,5,0,0,233,233,362,391,391,391,11,3,4,0,1,126,6,138,0,0,0,14,0,3,0,138,541,403,2,2,0,0,85,85,85,0,0,0,0,3,3,0,3,2925,0,0,0,0,0,0,0,12,0,3124,3124,473,3126,3127,8,39,3284,3284,3284,309,3284,347,0,0,0,0,13,1,0,0,167,0,0
Hangzhou,7642147,World Population Review,6,44,02/08/2020,63076,3,2,0,0,0,45,18,48,48,30,30,0,0,48,52,28,32,48,30,0,0,0,2,0,0,1,0,0,0,0,18,0,51,22,0,0,448,452,9185,0,0,0,800,3,0,0,1390,1390,0,0,0,0,0,0,60,22,190,119,119,120,24,0,0,0,0,0,0,0,0,0,0,0,0,0,2,0,0,0,0,0,0,0,0,0,0,1,0,0,0,0,1,1,1,1,24,441,0,0,24,24,35,29,29,26,28,1390,1631,48,1,0,0,0,0,0,0,0,1,1,1,1,1,1,1,42,1,36,366,2,420,0,0,146,1,161,28,146,125,447,448,0,1,2,1,8,875,879,879,879,879,29,8,8,44,0,0,0,0,0,0,0,0,34,0,281,0,0,451,16,2,25,25,25,1732,263,0,103,921,40,920,21,0,0,0,6659,7,935,19,531,0,0,0,0,0,1262,448,449,883,883,251,811,1025,2,2,2,2,2,2,2,61,934,0,0,147,0,0,0,0,0,0,3,56,0,1,37,0,1,0,78,344,344,344,56,37,563,3820,0,4,0,0,0,1,0,0,89,89,122,122,122,122,7,1,0,0,0,287,8,445,0,0,0,2,0,0,0,78,213,135,4,4,2,0,60,60,60,0,0,0,0,1,1,0,1,923,0,0,0,0,0,0,0,1,0,1016,1016,173,1015,1015,0,28,1069,1069,1069,99,1069,127,0,0,0,0,1,1,0,0,101,0,0
Hanoi,4678198,World Population Review,4,66,02/08/2020,87157,28,4,0,0,1,66,34,72,72,40,38,1,1,72,89,26,52,72,38,0,1,0,3,0,0,2,0,0,0,0,30,1,75,44,0,0,1539,1539,2485,1,0,0,1119,28,0,0,1243,1243,1,1,1,1,1,0,60,42,696,359,357,630,28,0,0,0,0,0,0,0,0,0,0,1,1,0,0,0,0,0,0,0,0,0,1,1,1,8,1,1,1,0,7,7,8,7,28,80,0,0,49,49,73,66,66,49,100,1243,2174,72,2,1,0,1,0,1,0,0,0,0,0,0,0,0,0,54,0,55,1230,15,1251,1,1,670,277,784,369,670,650,572,573,3,2,6,2,7,1493,1496,1497,1497,1497,53,7,7,78,1,1,1,1,1,1,1,1,66,305,700,1,1,1561,319,7,304,304,304,2543,610,0,406,1525,370,1525,29,1,1,1,2041,7,1545,71,1705,1,1,0,1,1,1776,575,576,1202,1202,653,1116,1762,10,10,10,10,10,10,10,21,1607,1,1,681,1,1,1,1,1,0,17,377,1,8,17,0,8,1,166,899,900,900,196,127,1809,268,0,3,94,0,0,18,1,0,180,180,498,511,511,511,11,14,0,1,3,567,2,571,1,0,0,4,0,94,0,387,813,426,2,2,2,0,19,19,19,1,1,1,1,14,14,0,14,1530,0,1,1,1,1,1,1,10,1,1699,1699,548,1699,1699,4,52,1847,1847,1847,485,1847,145,0,0,0,0,14,310,0,0,14,1,27
Hanover,537000,MacroTrends,7,26,02/08/2020,22298,1,1,0,0,0,6,1,7,7,12,6,0,0,7,9,0,7,7,6,0,0,0,1,0,0,0,0,0,0,0,7,0,6,2,0,0,779,779,374,0,0,0,194,1,0,0,657,657,0,0,0,0,0,0,5,4,96,55,55,55,5,0,0,0,0,0,0,0,0,0,0,0,0,0,0,0,0,0,0,0,0,0,0,0,0,6,0,0,0,0,6,6,6,6,5,12,1,0,5,5,9,8,8,3,156,661,825,7,0,0,0,0,0,0,0,0,0,0,0,0,0,0,0,16,0,7,579,0,591,0,0,62,0,64,3,62,60,21,23,1,1,2,1,1,202,202,202,202,202,5,1,1,9,0,0,0,0,0,0,0,0,5,0,520,0,0,791,11,1,206,206,206,1047,509,0,42,238,7,239,6,0,0,0,237,1,241,17,837,0,0,0,0,0,504,21,23,223,223,89,215,256,3,3,3,3,3,3,3,29,243,0,0,63,0,0,0,0,0,0,7,9,0,7,15,0,12,0,19,774,774,774,261,243,1071,13,0,1,0,0,0,10,0,0,7,7,20,21,21,21,43,9,0,0,0,25,3,27,0,0,0,11,0,0,0,3,69,66,2,2,0,0,28,28,28,0,0,0,0,9,9,0,9,246,0,0,0,0,0,0,0,3,0,261,261,26,261,261,0,5,283,283,283,19,283,13,0,0,0,0,3,8,0,0,1,0,0
Helsinki,1304851,World Population Review,8,8,02/08/2020,331487,471,40,2,0,5,35,23,41,41,13,18,0,0,41,651,243,28,41,18,0,0,1,37,1,1,7,1,1,1,1,58,0,649,249,4,4,14175,14175,10231,0,0,0,1610,485,0,0,6346,6347,5,5,5,5,5,0,43,29,1936,1731,1725,1743,10,1,1,1,1,1,1,1,0,0,0,0,0,0,1,1,1,1,1,1,1,1,0,0,0,9,0,0,0,0,10,10,10,10,11,29,3,0,273,273,301,279,279,265,2158,6355,10620,42,0,0,0,0,0,0,0,0,2,2,2,2,2,2,2,88,1,73,8707,3,8799,0,0,1782,17,1972,206,1782,1760,756,757,19,25,56,25,8,1718,1744,1744,1744,1744,278,8,8,309,0,0,0,0,0,0,0,0,80,1,9397,0,0,14216,85,57,5398,5398,5398,16179,9275,0,263,1871,59,1871,40,0,0,0,9418,8,1902,605,15022,0,0,0,0,0,928,756,757,1795,1796,511,1627,2467,79,79,79,79,78,78,78,244,1980,5,5,1776,0,0,0,0,0,2,62,114,9,24,64,0,1,3,826,13041,13044,13044,3679,3079,18015,58,0,6,176,0,4,94,1,1,357,357,497,552,552,552,83,68,0,1,5,618,27,776,1,0,1,265,0,178,1,275,2038,1763,9,9,0,4,241,241,241,1,1,1,1,63,63,8,68,1925,4,1,1,1,1,1,1,79,10,2213,2213,516,2213,2213,8,277,2790,2790,2790,415,2790,368,1,1,1,1,101,321,1,1,20,0,14
Ho Chi Minh City,8602317,World Population Review,4,65,02/08/2020,0,0,0,0,0,0,0,0,0,0,0,0,0,0,0,0,0,0,0,0,0,0,0,0,0,0,0,0,0,0,0,0,0,0,0,0,0,0,0,0,0,0,0,0,0,0,0,0,0,0,0,0,0,0,0,0,0,0,0,0,0,0,0,0,0,0,0,0,0,0,0,0,0,0,0,0,0,0,0,0,0,0,0,0,0,0,0,0,0,0,0,0,0,0,0,0,0,0,0,0,0,0,0,0,0,0,0,0,0,0,0,0,0,0,0,0,0,0,0,0,0,0,0,0,0,0,0,0,0,0,0,0,0,0,0,0,0,0,0,0,0,0,0,0,0,0,0,0,0,0,0,0,0,0,0,0,0,0,0,0,0,0,0,0,0,0,0,0,0,0,0,0,0,0,0,0,0,0,0,0,0,0,0,0,0,0,0,0,0,0,0,0,0,0,0,0,0,0,0,0,0,0,0,0,0,0,0,0,0,0,0,0,0,0,0,0,0,0,0,0,0,0,0,0,0,0,0,0,0,0,0,0,0,0,0,0,0,0,0,0,0,0,0,0,0,0,0,0,0,0,0,0,0,0,0,0,0,0,0,0,0,0,0,0,0,0,0,0,0,0,0,0,0,0,0,0,0,0,0,0,0,0,0,0,0,0,0,0,0,0,0,0,0,0,0,0,0,0,0,0,0,0,0,0,0,0,0,0,0,0,0,0,0,0,0,0,0
Hong Kong,7547652,World Population Review,7,37,02/08/2020,0,0,0,0,0,0,0,0,0,0,0,0,0,0,0,0,0,0,0,0,0,0,0,0,0,0,0,0,0,0,0,0,0,0,0,0,0,0,0,0,0,0,0,0,0,0,0,0,0,0,0,0,0,0,0,0,0,0,0,0,0,0,0,0,0,0,0,0,0,0,0,0,0,0,0,0,0,0,0,0,0,0,0,0,0,0,0,0,0,0,0,0,0,0,0,0,0,0,0,0,0,0,0,0,0,0,0,0,0,0,0,0,0,0,0,0,0,0,0,0,0,0,0,0,0,0,0,0,0,0,0,0,0,0,0,0,0,0,0,0,0,0,0,0,0,0,0,0,0,0,0,0,0,0,0,0,0,0,0,0,0,0,0,0,0,0,0,0,0,0,0,0,0,0,0,0,0,0,0,0,0,0,0,0,0,0,0,0,0,0,0,0,0,0,0,0,0,0,0,0,0,0,0,0,0,0,0,0,0,0,0,0,0,0,0,0,0,0,0,0,0,0,0,0,0,0,0,0,0,0,0,0,0,0,0,0,0,0,0,0,0,0,0,0,0,0,0,0,0,0,0,0,0,0,0,0,0,0,0,0,0,0,0,0,0,0,0,0,0,0,0,0,0,0,0,0,0,0,0,0,0,0,0,0,0,0,0,0,0,0,0,0,0,0,0,0,0,0,0,0,0,0,0,0,0,0,0,0,0,0,0,0,0,0,0,0,0
Hyderabad,10004144,World Population Review,4,67,02/08/2020,65087,5,4,0,0,0,11,3,11,11,9,8,0,0,11,33,6,14,11,8,0,0,0,4,0,0,0,0,0,0,0,23,0,33,8,0,0,1289,1289,1951,0,0,0,620,5,0,0,912,912,0,0,0,0,0,0,25,20,1631,1554,1553,1558,7,0,0,0,0,0,0,0,0,0,0,0,0,0,0,0,0,0,0,0,0,0,0,0,0,3,0,0,0,0,3,3,3,3,7,67,0,0,15,15,29,17,17,9,33,913,1625,11,0,0,0,0,0,0,0,0,0,0,0,0,0,0,0,120,0,16,982,9,1005,0,0,1582,5,1642,69,1583,1570,10,10,5,3,6,3,2,650,661,661,661,661,18,2,2,33,0,0,0,0,0,0,0,0,0,0,833,0,0,1285,18,5,243,243,243,1942,547,0,265,680,226,680,16,0,0,0,1412,2,682,43,1633,0,0,0,0,0,314,10,10,661,661,338,419,972,12,12,12,12,12,12,12,10,685,0,0,1583,0,0,0,0,0,0,5,246,7,10,23,0,4,0,98,915,915,915,81,39,1665,154,0,1,16,0,0,13,0,0,240,240,261,269,269,269,11,13,0,0,1,6,1,11,0,0,0,9,0,16,0,76,1646,1570,13,13,4,0,9,9,9,0,0,0,0,12,12,1,13,683,0,0,0,0,0,0,0,12,0,955,955,522,955,955,1,17,996,996,996,256,996,496,0,0,0,0,12,146,0,0,38,0,18
Jakarta,10770487,World Population Review,3,81,02/08/2020,447364,27,44,3,0,0,978,920,1031,1032,48,111,0,0,1033,432,91,137,1033,111,0,0,1,38,1,1,9,1,1,1,1,156,0,387,166,0,0,11555,11555,6525,0,0,0,6665,27,0,0,7654,7655,0,0,0,0,0,0,1941,1092,5785,3357,3358,3396,30,0,0,0,0,0,0,0,0,0,0,0,0,0,4,3,3,3,3,3,3,3,0,0,0,4,0,0,0,0,5,5,5,5,31,199,3,0,199,199,311,261,261,191,1027,7659,12253,1042,3,0,0,0,0,0,0,0,2,2,2,2,2,2,2,381,4,172,8922,97,9028,0,0,3680,38,4105,235,3680,3485,297,298,5,27,53,27,30,6931,6952,6952,6951,6951,217,30,30,333,0,0,0,0,0,0,0,0,41,4,6894,0,0,11604,160,55,2559,2558,2558,15068,6281,1,510,7151,227,7150,13,0,0,0,5126,30,7207,664,12811,0,0,0,0,0,1598,299,300,6990,6990,3217,6680,8856,63,63,63,63,63,63,63,479,7189,0,0,3865,0,0,0,0,0,0,23,334,0,5,210,0,15,0,895,8292,8292,8292,1376,721,13435,403,0,18,209,0,0,20,0,0,522,522,852,908,908,908,17,12,1,0,1,311,31,327,0,0,0,41,1,214,0,390,4716,4326,6,6,5,0,478,478,478,0,0,0,0,10,10,0,12,7159,0,0,0,0,0,0,0,65,4,8409,8409,822,8407,8407,20,212,9303,9303,9303,657,9303,596,0,0,0,0,71,305,0,0,54,5,43
Kiev,2988176,World Population Review,2,92,02/08/2020,0,0,0,0,0,0,0,0,0,0,0,0,0,0,0,0,0,0,0,0,0,0,0,0,0,0,0,0,0,0,0,0,0,0,0,0,0,0,0,0,0,0,0,0,0,0,0,0,0,0,0,0,0,0,0,0,0,0,0,0,0,0,0,0,0,0,0,0,0,0,0,0,0,0,0,0,0,0,0,0,0,0,0,0,0,0,0,0,0,0,0,0,0,0,0,0,0,0,0,0,0,0,0,0,0,0,0,0,0,0,0,0,0,0,0,0,0,0,0,0,0,0,0,0,0,0,0,0,0,0,0,0,0,0,0,0,0,0,0,0,0,0,0,0,0,0,0,0,0,0,0,0,0,0,0,0,0,0,0,0,0,0,0,0,0,0,0,0,0,0,0,0,0,0,0,0,0,0,0,0,0,0,0,0,0,0,0,0,0,0,0,0,0,0,0,0,0,0,0,0,0,0,0,0,0,0,0,0,0,0,0,0,0,0,0,0,0,0,0,0,0,0,0,0,0,0,0,0,0,0,0,0,0,0,0,0,0,0,0,0,0,0,0,0,0,0,0,0,0,0,0,0,0,0,0,0,0,0,0,0,0,0,0,0,0,0,0,0,0,0,0,0,0,0,0,0,0,0,0,0,0,0,0,0,0,0,0,0,0,0,0,0,0,0,0,0,0,0,0,0,0,0,0,0,0,0,0,0,0,0,0,0,0,0,0,0,0
Krakow,768731,World Population Review,4,69,02/08/2020,54034,19,25,0,1,1,25,15,26,26,7,11,0,0,26,58,7,13,26,11,0,0,1,21,1,1,3,1,1,1,1,41,0,55,32,0,0,1916,1916,757,0,0,0,340,19,0,0,2011,2011,1,1,1,1,1,0,10,5,709,479,480,481,7,0,0,0,0,0,0,0,0,0,0,0,0,0,1,0,0,0,0,0,0,0,0,0,0,3,0,0,0,0,4,4,4,4,7,10,0,0,41,41,68,46,46,41,511,2008,2564,26,1,0,0,0,0,0,0,0,0,0,0,0,0,0,0,35,0,20,1598,2,1624,0,0,485,1,500,17,485,480,17,17,1,19,27,19,8,355,360,360,360,360,43,8,8,78,0,0,0,0,0,0,0,0,3,1,1110,0,0,1912,16,27,290,290,290,2888,1096,0,79,415,16,415,10,0,0,0,549,8,416,39,1976,0,0,0,0,0,896,19,19,388,388,148,362,456,28,28,28,28,28,28,28,27,423,1,1,482,0,0,0,0,0,0,33,26,1,5,10,0,1,0,51,1516,1516,1516,410,371,2333,46,0,3,109,0,0,14,0,0,23,23,39,40,40,40,18,10,1,0,0,18,1,20,0,0,0,33,0,111,0,18,497,479,5,5,0,0,26,26,26,0,0,0,0,8,8,0,9,418,0,0,0,0,0,0,0,28,0,463,463,63,463,463,0,42,511,511,511,40,511,41,0,0,0,0,28,22,1,1,6,0,2
Kuala Lumpur,7996830,World Population Review,4,70,02/08/2020,0,0,0,0,0,0,0,0,0,0,0,0,0,0,0,0,0,0,0,0,0,0,0,0,0,0,0,0,0,0,0,0,0,0,0,0,0,0,0,0,0,0,0,0,0,0,0,0,0,0,0,0,0,0,0,0,0,0,0,0,0,0,0,0,0,0,0,0,0,0,0,0,0,0,0,0,0,0,0,0,0,0,0,0,0,0,0,0,0,0,0,0,0,0,0,0,0,0,0,0,0,0,0,0,0,0,0,0,0,0,0,0,0,0,0,0,0,0,0,0,0,0,0,0,0,0,0,0,0,0,0,0,0,0,0,0,0,0,0,0,0,0,0,0,0,0,0,0,0,0,0,0,0,0,0,0,0,0,0,0,0,0,0,0,0,0,0,0,0,0,0,0,0,0,0,0,0,0,0,0,0,0,0,0,0,0,0,0,0,0,0,0,0,0,0,0,0,0,0,0,0,0,0,0,0,0,0,0,0,0,0,0,0,0,0,0,0,0,0,0,0,0,0,0,0,0,0,0,0,0,0,0,0,0,0,0,0,0,0,0,0,0,0,0,0,0,0,0,0,0,0,0,0,0,0,0,0,0,0,0,0,0,0,0,0,0,0,0,0,0,0,0,0,0,0,0,0,0,0,0,0,0,0,0,0,0,0,0,0,0,0,0,0,0,0,0,0,0,0,0,0,0,0,0,0,0,0,0,0,0,0,0,0,0,0,0,0
Lagos,14368332,World Population Review,1,102,02/08/2020,21107,3,1,0,0,0,13,9,15,15,4,6,0,0,15,17,3,11,15,6,0,0,1,1,1,1,1,1,1,1,1,4,0,16,9,0,0,669,669,455,0,0,0,290,3,0,0,360,360,0,0,0,0,0,0,8,5,148,93,93,93,4,0,0,0,0,0,0,0,0,0,0,0,0,0,0,0,0,0,0,0,0,0,0,0,0,0,0,0,0,0,0,0,0,0,4,7,0,0,9,9,12,10,10,9,71,361,681,15,2,0,0,0,0,0,0,0,0,0,0,0,0,0,0,23,0,6,517,4,526,0,0,98,0,106,7,98,94,8,8,0,1,1,1,0,300,303,303,303,303,9,0,0,13,0,0,0,0,0,0,0,0,1,0,333,0,0,669,9,2,145,145,145,835,317,0,26,314,11,314,3,0,0,0,298,0,315,9,704,0,0,0,0,0,1277,8,8,306,306,188,291,349,2,2,2,2,2,2,2,7,310,0,0,100,0,0,0,0,0,0,0,12,0,0,9,0,12,0,20,373,373,373,38,29,724,37,0,0,2,0,0,1,0,0,22,22,35,36,36,36,0,1,0,0,0,7,0,8,0,0,0,2,0,2,0,13,112,99,3,3,0,0,7,7,7,0,0,0,0,1,1,0,1,307,0,0,0,0,0,0,0,2,4,325,325,36,325,325,2,9,370,370,370,31,370,23,0,0,0,0,6,31,0,0,9,0,11
Lisbon,2956879,World Population Review,4,76,02/08/2020,75735,4,24,0,0,0,26,18,30,30,16,12,3,3,28,28,47,16,28,10,0,3,0,20,0,0,5,0,0,0,0,19,1,28,14,1,1,2085,2085,1553,1,1,1,850,6,0,0,1558,1558,0,0,0,0,0,0,36,28,453,285,285,286,7,0,0,0,0,0,0,0,0,0,0,0,0,0,0,0,0,0,0,0,0,0,0,0,0,9,0,0,0,0,9,9,9,9,8,142,0,0,20,20,26,21,21,20,238,1563,2420,27,0,3,0,3,0,2,0,0,0,0,0,0,0,0,0,82,0,33,1470,1,1501,2,2,304,1,333,30,304,292,731,731,1,14,33,14,4,893,903,903,903,903,21,4,4,33,4,4,4,4,4,4,4,4,699,0,1327,3,3,2159,42,30,660,660,660,3132,1268,0,166,1014,25,1015,3,4,4,4,934,4,1025,51,2347,5,4,2,4,4,1253,731,731,966,966,326,910,1160,33,33,33,33,33,33,33,76,1027,0,0,301,4,4,4,4,4,0,36,39,0,10,85,1,16,0,90,1644,1645,1646,290,240,2585,110,0,2,111,0,1,34,5,1,70,70,119,131,131,131,18,28,0,3,2,726,3,734,4,0,1,28,0,111,0,52,354,302,3,3,0,1,74,74,74,3,3,3,3,28,28,0,28,1026,1,3,3,3,4,3,3,32,0,1139,1139,176,1139,1138,10,21,1278,1278,1278,111,1277,116,1,1,1,1,32,77,0,0,7,0,2
London,9304016,World Population Review,7,20,02/08/2020,2808970,1192,507,29,0,1,584,217,979,980,157,763,1,1,981,2608,623,1154,981,763,0,1,14,411,14,14,114,14,14,14,14,341,27,2598,703,11,11,106967,106968,86494,27,0,0,17581,1205,9,0,46386,46386,1,1,1,1,1,0,127,104,11388,10643,10624,10687,128,3,3,3,3,3,3,3,4,4,4,11,11,10,10,22,22,22,22,22,22,22,12,12,16,110,18,18,18,0,104,104,116,104,195,157,10,0,932,932,1041,976,976,814,6089,46472,78240,982,34,1,0,1,0,0,0,0,12,12,12,12,12,12,12,1571,22,3905,66752,38,68115,0,0,10988,63,11647,808,10988,10854,50048,53123,130,303,759,303,75,19525,19623,19623,19627,19627,965,75,75,1080,1,1,1,1,1,1,1,1,12606,21,71907,0,0,107470,342,805,39845,39846,39849,119859,70785,25,3825,21074,1494,21077,422,1,1,1,70222,75,22465,2972,112371,2,1,1,1,1,2657,50139,53223,22059,22058,6743,17585,27966,989,989,989,990,990,990,990,5504,22537,1,1,10950,1,1,1,1,1,10,625,2767,97,165,624,0,129,65,3626,79766,79772,79772,8000,5033,116961,466,0,31,1253,0,11,767,2,1,3059,3059,4939,5390,5390,5391,175,588,1,1,89,32949,166,52764,2,0,1,388,48,1254,0,916,11771,10857,9,9,5,11,5462,5462,5462,1,1,1,1,521,521,93,575,22253,11,1,1,1,2,1,1,998,39,25338,25340,7929,25344,25343,32,958,29361,29364,29362,3161,29366,6373,1,1,1,1,1107,202,2,2,267,3,147
Los Angeles,4015940,World Population Review,7,35,02/08/2020,102,0,0,0,0,0,0,0,0,0,0,0,0,0,0,0,0,0,0,0,0,0,0,0,0,0,0,0,0,0,0,0,0,0,0,0,0,2,2,0,0,0,0,2,0,0,0,1,1,0,0,0,0,0,0,0,0,0,0,0,0,0,0,0,0,0,0,0,0,0,0,0,0,0,0,0,0,0,0,0,0,0,0,0,0,0,0,0,0,0,0,0,0,0,0,0,0,0,0,0,0,0,0,0,0,0,1,2,0,0,0,0,0,0,0,0,0,0,0,0,0,0,0,0,0,0,0,1,0,1,0,0,0,0,0,0,0,0,0,0,0,0,0,0,0,2,2,2,2,2,0,0,0,0,0,0,0,0,0,0,0,0,0,0,1,0,0,2,0,0,1,1,1,3,1,0,1,3,0,3,0,0,0,0,0,0,3,0,2,0,0,0,0,0,0,0,0,3,3,1,3,4,0,0,0,0,0,0,0,0,3,0,0,0,0,0,0,0,0,0,0,0,0,0,0,0,0,0,0,1,1,1,0,0,2,1,0,0,0,0,0,0,0,0,0,0,0,1,1,1,0,0,0,0,0,0,0,0,0,0,0,0,0,0,0,0,0,0,0,0,0,0,0,0,0,0,0,0,0,0,0,0,0,3,0,0,0,0,0,0,0,0,0,3,3,0,3,3,0,0,4,4,4,0,4,0,0,0,0,0,0,0,0,0,0,0,0
Lyon,1719268,World Population Review,7,23,02/08/2020,50042,1,3,1,0,0,12,6,16,16,5,10,0,0,16,13,6,11,16,10,0,0,0,3,0,0,1,0,0,0,0,10,0,10,7,0,0,2581,2582,500,0,0,0,224,1,0,0,794,794,0,0,0,0,0,0,8,4,952,887,887,889,3,0,0,0,0,0,0,0,0,0,0,0,0,0,0,1,1,1,1,1,1,1,0,0,0,1,0,0,0,0,1,1,1,1,3,23,2,0,7,7,11,11,11,7,210,789,2683,17,0,0,0,0,0,0,0,0,0,0,0,0,0,0,0,15,0,14,2360,0,2429,0,0,881,2,894,13,880,874,24,24,0,2,3,2,0,237,239,239,239,239,7,0,0,18,0,0,0,0,0,0,0,0,10,1,597,0,0,2553,6,4,149,149,149,2875,573,0,68,283,16,283,18,0,0,0,382,0,284,12,2594,0,0,0,0,0,261,24,24,272,272,115,251,333,4,4,4,4,4,4,4,42,311,0,0,867,0,0,0,0,0,0,1,25,1,2,16,0,6,0,26,853,853,853,252,240,2815,38,0,0,1,0,0,11,0,0,41,41,50,53,53,53,14,9,0,0,0,23,0,23,0,0,0,18,0,1,0,15,876,861,5,5,0,0,40,40,40,0,0,0,0,8,8,0,9,290,0,0,0,0,0,0,0,4,0,336,336,62,336,336,0,8,363,363,363,45,363,31,0,0,0,0,5,9,0,0,0,0,1
Madrid,6617513,World Population Review,7,21,02/08/2020,197341,33,32,1,0,0,62,32,69,69,31,37,0,0,69,61,50,55,69,37,0,0,2,29,2,2,6,2,2,2,2,43,1,58,33,0,0,6225,6226,5955,1,0,0,1886,34,1,0,5181,5181,0,0,0,0,0,0,62,44,1213,826,819,846,23,1,1,1,1,1,1,1,0,0,0,0,0,0,0,0,0,0,0,0,0,0,0,0,0,10,1,0,0,0,10,10,10,10,25,386,0,0,44,44,72,48,48,38,939,5179,7631,70,1,0,0,0,0,0,0,0,0,0,0,0,0,0,0,232,2,61,5138,11,5214,0,0,888,27,983,107,888,866,2211,2702,12,21,49,21,8,1983,1998,2000,2000,2001,45,8,8,80,0,0,0,0,0,0,0,0,83,4,3271,0,0,6263,36,44,1029,1029,1029,8806,3152,2,262,2146,83,2145,10,0,0,0,3378,8,2154,151,6605,0,0,0,0,0,2915,2200,2691,2042,2042,551,1919,2369,65,65,65,65,65,65,65,76,2145,0,0,896,0,0,0,0,0,0,17,125,13,15,77,0,23,9,225,4349,4349,4349,1072,924,7492,456,0,3,53,0,0,69,0,0,161,161,205,242,242,242,108,56,6,0,1,2613,16,2670,0,0,0,75,0,53,0,129,999,869,3,3,1,0,72,72,72,0,0,0,0,56,56,4,56,2126,0,0,0,0,0,0,0,63,2,2345,2345,303,2343,2345,3,44,2569,2567,2567,181,2566,235,0,0,0,0,68,254,0,0,6,0,12
Makassar,1583553,World Population Review,3,80,02/08/2020,17827,0,0,0,0,0,55,55,55,55,4,0,0,0,55,12,23,0,55,0,0,0,0,0,0,0,0,0,0,0,0,3,0,12,5,0,0,326,326,65,0,0,0,169,0,0,0,233,233,0,0,0,0,0,0,79,28,156,93,93,97,0,0,0,0,0,0,0,0,0,0,0,0,0,0,0,0,0,0,0,0,0,0,0,0,0,0,0,0,0,0,0,0,0,0,0,0,0,0,6,6,8,6,6,5,35,234,301,61,0,0,0,0,0,0,0,0,0,0,0,0,0,0,0,3,0,0,251,6,252,0,0,111,4,123,9,111,102,2,2,0,0,0,0,0,190,190,190,190,190,6,0,0,8,0,0,0,0,0,0,0,0,1,0,252,0,0,336,12,0,80,80,80,395,232,0,16,197,1,197,0,0,0,0,48,0,197,63,415,0,0,0,0,0,35,2,2,183,183,120,182,204,0,0,0,0,0,0,0,0,184,0,0,111,0,0,0,0,0,0,0,10,0,0,7,0,0,0,261,371,371,371,120,57,469,21,0,0,0,0,0,0,0,0,252,252,264,265,265,265,0,0,0,0,0,1,0,2,0,0,0,0,0,0,0,225,515,290,0,0,0,0,0,0,0,0,0,0,0,0,0,0,0,191,0,0,0,0,0,0,0,0,0,196,196,262,198,198,2,5,673,673,673,264,673,251,0,0,0,0,0,15,0,0,1,0,3
Manila,13923452,World Population Review,2,94,02/08/2020,16963,0,4,0,0,0,12,8,12,12,3,4,0,0,12,7,5,4,12,4,0,0,0,4,0,0,0,0,0,0,0,2,0,7,6,0,0,333,333,429,0,0,0,283,0,0,0,336,336,0,0,0,0,0,0,13,9,117,53,51,55,3,0,0,0,0,0,0,0,0,0,0,0,0,0,0,0,0,0,0,0,0,0,0,0,0,3,0,0,0,0,3,3,3,3,4,21,0,0,7,7,8,7,7,7,17,346,506,11,0,0,0,0,0,0,0,0,0,0,0,0,0,0,0,13,0,4,265,9,269,0,0,67,4,84,31,67,55,143,143,0,4,4,4,0,322,326,326,326,326,7,0,0,8,0,0,0,0,0,0,0,0,1,0,174,0,0,330,14,4,61,61,61,594,164,0,25,338,9,338,0,0,0,0,346,0,342,16,369,0,0,0,0,0,61,142,142,325,325,60,314,352,4,4,4,4,4,4,4,5,349,0,0,67,0,0,0,0,0,0,0,13,0,3,19,0,2,0,31,209,209,209,34,18,385,29,0,0,0,0,0,3,0,0,20,20,35,36,36,36,0,3,0,0,2,134,0,141,0,0,0,0,0,0,0,36,91,55,2,2,0,0,4,4,4,0,0,0,0,3,3,0,3,360,0,0,0,0,0,0,0,4,0,371,371,38,371,371,4,7,376,376,377,33,377,19,0,0,0,0,4,14,0,0,1,0,0
Medan,2337958,World Population Review,3,82,02/08/2020,18607,0,0,0,0,0,9,9,19,19,2,10,0,0,19,5,0,11,19,10,0,0,0,0,0,0,0,0,0,0,0,0,0,5,1,0,0,396,397,94,0,0,0,262,0,0,0,250,250,0,0,0,0,0,0,21,13,96,46,46,46,0,0,0,0,0,0,0,0,0,0,0,0,0,0,0,0,0,0,0,0,0,0,0,0,0,0,0,0,0,0,0,0,0,0,0,5,0,0,1,1,1,1,1,1,28,251,355,20,2,0,0,0,0,0,0,0,0,0,0,0,0,0,0,2,0,11,289,4,295,0,0,361,0,373,9,361,55,2,2,0,0,0,0,0,269,269,269,269,269,1,0,0,1,0,0,0,0,0,0,0,0,0,0,361,0,0,401,31,0,101,101,101,471,281,0,46,300,13,300,0,0,0,0,78,0,303,48,564,0,0,0,0,0,185,2,2,269,270,99,256,378,0,0,0,0,0,0,0,0,307,0,0,363,0,0,0,0,0,0,0,16,0,0,44,0,0,0,68,435,434,433,77,31,585,22,0,0,0,0,0,0,0,0,49,49,85,85,85,85,0,0,0,0,0,2,0,2,0,0,0,0,0,0,0,35,399,364,0,0,0,0,0,0,0,0,0,0,0,0,0,0,0,315,0,0,0,0,0,0,0,0,0,377,377,110,377,377,6,1,411,411,411,78,411,82,0,0,0,0,0,14,0,0,0,0,2
Medellin,4000263,World Population Review,2,91,02/08/2020,283,0,0,0,0,0,0,0,0,0,0,0,0,0,0,2,0,0,0,0,0,0,0,0,0,0,0,0,0,0,0,7,0,2,1,0,0,7,7,27,0,0,0,1,0,0,0,13,13,0,0,0,0,0,0,0,0,0,0,0,0,0,0,0,0,0,0,0,0,0,0,0,0,0,0,0,0,0,0,0,0,0,0,0,0,0,0,0,0,0,0,0,0,0,0,0,1,0,0,2,2,2,2,2,1,1,13,16,0,0,0,0,0,0,0,0,0,0,0,0,0,0,0,0,0,0,0,7,0,7,0,0,0,0,0,0,0,0,2,2,0,0,0,0,0,1,1,1,1,1,2,0,0,8,0,0,0,0,0,0,0,0,0,0,3,0,0,8,0,0,1,1,1,18,3,0,0,1,0,1,0,0,0,0,19,0,1,0,8,0,0,0,0,0,10,3,3,1,1,0,1,1,0,0,0,0,0,0,0,0,1,0,0,0,0,0,0,0,0,0,0,0,0,0,0,0,0,0,0,4,4,4,1,1,9,1,0,0,0,0,0,0,0,0,0,0,0,0,0,0,0,0,0,0,0,3,0,3,0,0,0,0,0,0,0,0,0,0,0,0,0,0,0,0,0,0,0,0,0,0,0,0,0,1,0,0,0,0,0,0,0,0,0,1,1,0,1,1,0,2,1,1,1,0,1,0,0,0,0,0,0,1,0,0,0,0,0
Melbourne,4967733,World Population Review,7,24,02/08/2020,122388,6,30,1,0,0,72,36,78,78,30,42,0,0,78,42,138,46,78,42,0,0,0,25,0,0,2,0,0,0,0,22,0,41,21,0,0,3843,3843,3903,0,0,0,1397,8,0,0,1684,1684,0,0,0,0,0,0,17,5,1229,1139,1134,1148,24,0,0,0,0,0,0,0,1,1,1,0,0,0,0,0,0,0,0,0,0,0,0,0,0,9,0,0,0,0,12,12,12,12,28,68,1,0,24,24,37,25,25,23,137,1686,4165,79,3,0,0,0,0,0,0,0,0,0,0,0,0,0,0,714,0,78,3136,1,3180,0,0,1167,14,1219,67,1167,1152,68,68,4,24,40,24,0,1502,1504,1503,1504,1504,25,0,0,45,0,0,0,0,0,0,0,0,8,1,1315,0,0,3863,23,39,664,664,664,4907,1249,1,245,1670,60,1670,61,0,0,0,3212,0,1682,78,4052,0,0,0,0,0,1354,68,68,1652,1652,431,1559,1956,46,46,46,46,46,46,46,96,1667,0,0,1147,0,0,0,0,0,0,16,109,0,12,44,0,173,0,137,1649,1649,1650,342,263,4265,93,0,0,295,0,0,31,0,0,71,71,106,114,114,114,34,23,1,0,7,59,2,64,0,0,0,7,0,295,0,81,1218,1138,6,6,0,0,93,93,93,0,0,0,0,21,21,0,21,1674,0,0,0,0,0,0,0,45,1,1908,1910,249,1910,1911,0,26,2888,2888,2887,83,2887,218,0,0,0,0,47,94,0,0,8,1,3
Mexico City,21782378,World Population Review,3,88,02/08/2020,0,0,0,0,0,0,0,0,0,0,0,0,0,0,0,0,0,0,0,0,0,0,0,0,0,0,0,0,0,0,0,0,0,0,0,0,0,0,0,0,0,0,0,0,0,0,0,0,0,0,0,0,0,0,0,0,0,0,0,0,0,0,0,0,0,0,0,0,0,0,0,0,0,0,0,0,0,0,0,0,0,0,0,0,0,0,0,0,0,0,0,0,0,0,0,0,0,0,0,0,0,0,0,0,0,0,0,0,0,0,0,0,0,0,0,0,0,0,0,0,0,0,0,0,0,0,0,0,0,0,0,0,0,0,0,0,0,0,0,0,0,0,0,0,0,0,0,0,0,0,0,0,0,0,0,0,0,0,0,0,0,0,0,0,0,0,0,0,0,0,0,0,0,0,0,0,0,0,0,0,0,0,0,0,0,0,0,0,0,0,0,0,0,0,0,0,0,0,0,0,0,0,0,0,0,0,0,0,0,0,0,0,0,0,0,0,0,0,0,0,0,0,0,0,0,0,0,0,0,0,0,0,0,0,0,0,0,0,0,0,0,0,0,0,0,0,0,0,0,0,0,0,0,0,0,0,0,0,0,0,0,0,0,0,0,0,0,0,0,0,0,0,0,0,0,0,0,0,0,0,0,0,0,0,0,0,0,0,0,0,0,0,0,0,0,0,0,0,0,0,0,0,0,0,0,0,0,0,0,0,0,0,0,0,0,0,0
Milan,3140181,World Population Review,7,22,02/08/2020,378139,7,25,1,0,1,82,44,88,88,28,44,0,0,88,55,41,55,88,44,0,0,0,21,0,0,4,0,0,0,0,39,1,52,22,2,2,6036,6036,8351,1,0,0,10381,7,0,0,4278,4279,1,1,1,1,1,0,50,40,1691,1232,1231,1241,24,0,0,0,0,0,0,0,0,0,0,0,0,1,2,1,1,1,1,1,1,1,1,1,1,10,1,1,1,0,9,9,10,9,28,285,0,0,28,28,44,32,32,26,534,4289,7684,87,2,0,0,0,0,0,0,0,0,0,0,0,0,0,0,354,0,60,5085,5,5200,0,0,1279,9,1339,78,1278,1255,701,704,1,15,32,15,2,10572,10580,10581,10583,10582,29,2,2,60,0,0,0,0,0,0,0,0,72,5,2505,0,0,6064,34,37,912,912,912,8775,2424,0,275,10769,71,10769,13,0,0,0,7059,2,10786,124,6344,1,1,1,1,1,2550,705,708,10678,10679,552,10573,10910,38,38,38,38,38,38,38,68,10426,1,1,1274,0,0,0,0,0,0,56,113,1,12,73,0,43,1,198,3108,3108,3108,607,481,6783,155,0,2,10,0,2,44,1,1,120,120,158,172,172,172,23,35,2,1,4,719,34,740,1,0,1,33,28,10,0,112,1371,1259,5,5,4,2,66,66,66,1,1,1,1,33,33,1,33,10488,2,1,1,1,1,1,1,39,0,10644,10644,229,10649,10649,2,29,10790,10791,10792,146,10793,175,1,1,1,1,41,84,1,1,11,0,6
Montreal,4220566,World Population Review,8,16,02/08/2020,877436,367,146,8,0,0,248,100,294,294,92,194,0,0,294,458,198,242,294,194,0,0,4,124,4,4,28,4,4,4,4,144,2,424,219,1,1,24479,24479,30432,2,0,0,13016,386,1,0,15454,15454,0,0,0,0,0,0,55,44,4016,3205,3200,3215,74,0,0,0,0,0,0,0,0,0,0,2,2,2,19,8,8,8,8,8,8,8,2,2,2,19,2,2,2,0,20,20,22,20,92,166,6,0,292,292,357,333,333,262,2394,15459,23342,292,10,0,0,0,0,0,0,0,4,4,4,4,4,4,4,596,3,1164,16744,29,17812,0,0,3315,13,3545,225,3314,3273,2906,3568,37,78,206,78,31,13484,13507,13507,13508,13507,301,31,31,376,0,0,0,0,0,0,0,0,318,18,15187,0,0,24588,110,209,7574,7574,7575,32121,14842,7,1133,14153,338,14155,58,0,0,0,24350,31,14686,381,25630,0,0,0,0,0,2295,2908,3571,14535,14534,2149,13153,16769,266,266,266,266,266,266,266,1756,14500,0,0,3326,0,0,0,0,0,6,229,515,12,33,302,0,53,9,603,17594,17596,17597,2436,2062,27541,297,0,17,1096,0,1,180,0,0,990,990,1617,1795,1795,1795,111,146,0,0,31,2375,9,3560,0,0,0,152,0,1111,0,280,3611,3332,21,21,3,1,1739,1739,1739,0,0,0,0,122,122,27,137,14435,1,0,0,0,0,0,0,268,7,15714,15715,2745,15716,15717,7,306,17052,17052,17053,1032,17054,2286,0,0,0,0,286,97,0,0,79,2,34
Moscow,12537954,World Population Review,4,72,02/08/2020,710733,1544,87,0,3,0,294,176,375,375,126,200,9,9,376,928,601,266,376,200,1,11,4,75,4,4,12,4,4,4,4,379,1,916,347,19,19,18400,18401,22122,1,1,4,9332,1602,0,0,21055,21055,0,0,0,0,0,0,166,113,3647,2431,2421,2456,88,0,0,0,0,0,0,0,0,0,0,0,0,0,1,0,0,0,0,0,0,0,0,0,2,34,2,2,2,0,34,34,34,34,96,377,3,0,557,557,706,603,603,478,2278,21077,28369,376,18,10,4,10,4,8,4,4,2,2,2,2,2,2,2,2785,4,497,15036,23,15877,7,7,2644,34,2837,227,2641,2489,2520,2523,12,57,123,58,81,9702,9735,9736,9736,9733,586,81,81,763,10,10,10,10,10,10,10,10,73,7,9797,7,7,18521,229,119,2631,2631,2632,32000,9595,3,1254,10410,439,10410,73,10,10,10,14274,81,10537,460,19430,11,8,5,8,8,7972,2540,2544,10224,10224,2629,9303,12168,141,141,141,141,141,141,141,385,10814,0,0,2647,10,10,10,10,10,2,1472,592,19,60,209,2,85,6,708,11956,11956,11957,2100,1641,20974,1809,0,35,357,0,18,181,11,4,1039,1039,1505,1577,1577,1577,47,118,0,8,11,2406,25,2537,12,0,3,840,7,366,0,341,2960,2619,5,5,0,18,382,382,382,8,8,8,8,109,109,8,116,10721,18,8,8,8,12,8,8,142,6,11712,11714,1956,11717,11717,28,585,12943,12943,12943,1210,12941,1523,4,4,1,5,155,1102,2,2,69,0,129
Mumbai,20411274,World Population Review,3,78,02/08/2020,1278648,18,113,2,0,1,282,134,471,471,89,337,1,1,470,1118,246,477,470,336,1,2,11,92,11,11,31,11,11,11,11,71,10,1111,363,1,1,47487,47491,49114,10,1,1,11630,18,4,0,15423,15424,1,1,1,1,1,0,139,100,7773,7695,7681,7733,72,0,0,0,0,0,0,0,0,0,0,0,0,0,7,2,2,2,2,2,2,2,4,4,11,47,13,11,11,0,51,51,55,51,82,169,4,0,393,393,431,420,421,393,1079,15443,25069,471,62,1,0,1,0,1,0,0,0,0,0,0,0,0,0,185,3,1781,22583,22,24793,1,1,7992,52,8905,950,7992,7912,1146,1155,46,72,166,72,26,12535,12601,12601,12601,12602,413,26,26,442,2,2,2,2,2,2,2,2,284,20,39526,2,2,47802,180,180,24292,24292,24292,51709,38606,17,1838,13249,841,13251,38,2,2,2,47392,26,13789,1099,50435,2,2,1,2,2,749,1150,1159,13632,13632,3188,11578,17444,257,257,257,257,257,257,257,1173,13653,1,1,7971,2,2,2,2,2,0,33,1203,85,68,580,1,4,72,1994,41557,41559,41563,2238,1146,51230,465,0,16,48,0,1,366,2,1,1413,1413,2339,2618,2618,2618,5,298,0,2,59,1156,58,1178,2,0,1,20,48,48,0,1009,8970,7961,8,8,3,1,1176,1177,1177,2,2,2,2,250,250,90,287,13562,1,2,2,2,2,2,2,257,16,15762,15761,4177,15763,15764,29,405,17358,17362,17364,1389,17369,3536,1,1,0,1,297,164,0,0,185,2,28
Nairobi,4734881,World Population Review,1,100,02/08/2020,26266,0,3,0,0,0,18,9,18,18,9,9,0,0,18,28,1,14,18,9,0,0,0,3,0,0,3,0,0,0,0,4,0,28,13,0,0,885,885,694,0,0,0,179,0,0,0,727,727,0,0,0,0,0,0,16,12,152,109,109,114,9,0,0,0,0,0,0,0,0,0,0,0,0,0,1,0,0,0,0,0,0,0,0,0,0,0,0,0,0,0,0,0,0,0,9,10,0,0,13,13,13,13,13,12,45,727,1061,19,0,0,0,0,0,0,0,0,0,0,0,0,0,0,0,24,0,50,626,5,632,0,0,322,4,342,25,321,315,8,8,0,3,4,3,1,230,233,233,233,233,13,1,1,16,0,0,0,0,0,0,0,0,3,0,536,0,0,883,9,3,251,251,251,1324,522,0,75,247,52,247,7,0,0,0,431,1,255,31,944,0,0,0,0,0,581,8,8,239,239,132,176,299,4,4,4,4,4,4,4,4,261,0,0,313,0,0,0,0,0,0,2,61,0,0,12,0,4,0,47,606,606,606,66,35,968,48,0,1,2,0,0,5,0,0,41,41,54,59,59,59,0,4,1,0,0,8,0,8,0,0,0,1,0,2,0,29,341,312,0,0,0,0,4,4,4,0,0,0,0,1,1,1,4,262,0,0,0,0,0,0,0,4,0,280,280,99,280,280,4,13,305,305,305,47,305,78,0,0,0,0,6,19,0,0,7,0,7
Nanjing,8847372,World Population Review,6,55,02/08/2020,44800,1,3,0,0,0,35,19,47,47,14,28,0,0,47,33,19,33,47,28,0,0,0,3,0,0,0,0,0,0,0,13,0,33,14,0,0,412,412,6674,0,0,0,633,1,0,0,452,452,0,0,0,0,0,0,47,15,163,97,98,98,12,0,0,0,0,0,0,0,0,0,0,0,0,0,0,0,0,0,0,0,0,0,0,0,0,0,0,0,0,0,0,0,0,0,12,240,0,0,23,23,28,24,24,23,31,454,675,46,2,0,0,0,0,0,0,0,0,0,0,0,0,0,0,28,5,29,343,4,354,0,0,226,0,242,22,226,105,250,250,1,2,3,2,3,660,662,662,662,662,24,3,3,29,0,0,0,0,0,0,0,0,9,5,257,0,0,418,15,3,57,57,57,761,213,1,77,693,43,694,14,0,0,0,5370,3,698,15,488,0,0,0,0,0,875,252,252,667,667,360,616,763,5,5,5,5,5,5,5,50,697,0,0,226,0,0,0,0,0,0,1,48,1,0,17,0,4,1,61,321,321,321,60,45,531,1688,0,1,0,0,0,3,0,0,73,73,111,120,120,120,1,2,1,0,0,238,7,251,0,0,0,5,0,0,0,54,276,222,1,1,0,0,51,51,51,0,0,0,0,1,1,1,2,696,0,0,0,0,0,0,0,3,0,735,735,106,735,735,2,24,776,776,776,83,776,74,0,0,0,0,3,2,0,0,67,0,5
New Delhi,30290936,World Population Review,4,68,02/08/2020,20,0,0,0,0,0,0,0,0,0,0,0,0,0,0,0,0,0,0,0,0,0,0,0,0,0,0,0,0,0,0,0,0,0,0,0,0,1,1,0,0,0,0,0,0,0,0,0,0,0,0,0,0,0,0,0,0,0,0,0,0,0,0,0,0,0,0,0,0,0,0,0,0,0,0,0,0,0,0,0,0,0,0,0,0,0,0,0,0,0,0,0,0,0,0,0,0,0,0,0,0,0,0,0,0,0,0,1,0,0,0,0,0,0,0,0,0,0,0,0,0,0,0,0,0,0,0,1,0,1,0,0,0,0,0,0,0,0,0,0,0,0,0,0,0,0,0,0,0,0,0,0,0,0,0,0,0,0,0,0,0,0,0,0,0,0,0,1,0,0,0,0,0,1,0,0,0,0,0,0,0,0,0,0,0,0,0,0,1,0,0,0,0,0,0,0,0,0,0,0,0,1,0,0,0,0,0,0,0,0,0,0,0,0,0,0,0,0,0,0,0,0,0,0,0,0,0,0,0,0,0,0,0,0,1,0,0,0,0,0,0,0,0,0,0,0,0,0,0,0,0,0,0,0,0,0,0,0,0,0,0,0,0,0,0,0,0,0,0,0,0,0,0,0,0,0,0,0,0,0,0,0,0,0,0,0,0,0,0,0,0,0,0,1,1,1,1,1,0,0,1,1,1,0,1,1,0,0,0,0,0,0,0,0,0,0,0
New York,8323340,World Population Review,7,38,02/08/2020,106,0,0,0,0,0,0,0,0,0,0,0,0,0,0,0,0,0,0,0,0,0,0,0,0,0,0,0,0,0,0,0,0,0,0,0,0,5,5,0,0,0,0,0,0,0,0,7,7,0,0,0,0,0,0,0,0,0,0,0,0,0,0,0,0,0,0,0,0,0,0,0,0,0,0,0,0,0,0,0,0,0,0,0,0,0,0,0,0,0,0,0,0,0,0,0,0,0,0,0,0,0,0,0,0,5,7,7,0,0,0,0,0,0,0,0,0,0,0,0,0,0,0,0,0,0,0,5,0,5,0,0,0,0,0,0,0,0,1,1,0,0,0,0,0,0,0,0,0,0,0,0,0,0,0,0,0,0,0,0,0,0,0,0,5,0,0,5,0,0,0,0,0,7,5,0,0,0,0,0,0,0,0,0,0,0,0,0,5,0,0,0,0,0,0,1,1,0,0,0,0,0,0,0,0,0,0,0,0,0,0,0,0,0,0,0,0,0,0,0,0,0,0,0,0,0,0,0,0,5,5,5,0,0,5,0,0,0,0,0,0,0,0,0,0,0,0,0,0,0,0,0,0,0,0,0,0,1,0,0,0,0,0,0,0,0,0,0,0,0,0,0,0,0,0,0,0,0,0,0,0,0,0,0,0,0,0,0,0,0,0,0,0,0,0,0,0,0,0,0,0,0,0,0,0,0,0,0,0,0,1,0,0,0,0,0,0
Osaka,19165340,World Population Review,5,63,02/08/2020,457725,9,52,13,0,0,71,39,80,80,19,41,0,0,80,75,124,45,80,41,0,0,1,49,1,1,18,1,1,1,1,82,0,74,31,1,1,10651,10651,12306,0,0,0,9951,9,0,0,4422,4424,0,0,0,0,0,0,54,30,4747,3772,3773,3782,15,1,1,1,1,1,1,1,0,0,0,0,0,0,10,12,12,12,12,12,12,12,0,0,0,0,0,0,0,0,0,0,0,0,18,108,0,0,54,54,83,57,57,46,381,4440,13527,81,0,0,0,0,0,0,0,0,0,0,0,0,0,0,0,823,0,74,10116,11,10442,0,0,3847,9,3868,41,3850,3805,1481,1485,12,51,63,51,10,10251,10265,10265,10266,10266,57,10,10,116,0,0,0,0,0,0,0,0,9,1,1605,0,0,10739,25,68,328,328,328,14490,1564,1,254,10448,71,10452,23,0,0,0,10711,10,10475,290,11276,0,0,0,0,0,2880,1485,1489,10250,10250,568,10130,10771,82,82,82,82,82,82,82,362,10167,0,0,3838,0,0,0,0,0,1,4,113,0,0,166,0,1,0,315,2074,2074,2075,457,169,11390,144,0,8,17,0,1,2,0,0,305,305,391,452,452,452,0,2,6,0,9,1366,1,1471,0,0,0,23,0,17,0,70,3898,3827,0,0,0,1,359,359,359,0,0,0,0,2,2,0,2,10220,1,0,0,0,0,0,0,81,1,10464,10465,362,10467,10466,4,57,10928,10930,10931,285,10933,332,0,0,0,0,86,1059,0,0,8,0,18
Oslo,1041377,World Population Review,9,3,02/08/2020,54098,15,5,0,0,0,15,8,16,16,6,8,0,0,16,19,13,11,16,8,0,0,0,3,0,0,2,0,0,0,0,17,0,17,2,0,0,2356,2356,1584,0,0,0,281,15,0,0,1734,1734,0,0,0,0,0,0,7,5,181,139,140,142,4,0,0,0,0,0,0,0,0,0,0,1,1,0,0,0,0,0,0,0,0,0,1,1,1,2,1,1,1,0,1,1,2,1,3,62,0,0,9,9,15,11,11,7,240,1737,2402,15,0,0,0,0,0,0,0,0,2,2,2,2,2,2,2,19,1,28,1800,1,1815,0,0,156,2,178,26,156,147,130,369,2,1,8,1,0,297,298,298,298,298,9,0,0,19,0,0,0,0,0,0,0,0,38,0,1306,0,0,2379,3,8,554,554,554,2995,1270,0,55,328,15,328,25,0,0,0,980,0,340,68,2508,0,0,0,0,0,1080,131,371,335,335,125,299,385,10,10,10,10,10,10,10,89,345,0,0,154,0,0,0,0,0,0,15,24,1,1,26,0,12,1,96,1678,1678,1678,380,311,2800,49,0,0,7,0,0,8,0,0,27,27,33,47,47,47,32,7,0,0,0,327,2,367,0,0,0,16,0,7,0,36,192,156,8,8,0,0,88,88,88,0,0,0,0,7,7,0,7,350,0,0,0,0,0,0,0,10,0,376,376,61,376,377,0,9,441,441,441,28,441,56,0,0,0,0,16,38,1,1,5,0,1
Paris,11017230,World Population Review,6,51,02/08/2020,1216286,341,129,3,0,5,180,104,237,237,70,133,0,0,237,707,443,180,237,133,0,0,2,120,2,2,35,2,2,2,2,207,5,677,274,5,5,40793,40797,33040,5,0,0,14049,356,1,0,26168,26170,5,5,5,5,5,0,136,100,7008,6168,6151,6190,42,0,0,0,0,0,0,0,1,1,1,0,0,2,2,2,2,2,2,2,2,2,2,2,2,50,3,2,2,0,50,50,52,50,48,319,7,0,363,363,449,409,409,328,7387,26198,40514,239,24,0,0,0,0,0,0,0,13,13,13,13,13,13,13,431,5,851,31129,7,31663,0,0,6329,38,6744,451,6329,6276,7554,8036,33,81,159,81,53,14630,14668,14670,14671,14673,378,53,53,498,0,0,0,0,0,0,0,0,372,23,22817,0,0,41089,482,166,9495,9494,9495,50839,22332,2,1359,15589,266,15591,90,0,0,0,28795,53,16045,504,42533,0,0,0,0,0,2482,7576,8060,15435,15435,2572,14373,17828,207,207,207,207,207,207,207,448,15889,5,5,6309,0,0,0,0,0,2,136,494,28,70,370,0,61,15,898,28116,28117,28122,5313,4813,47104,428,0,24,197,0,5,284,0,0,1185,1186,2142,2351,2352,2353,179,237,1,0,45,7960,66,8060,0,0,0,715,26,199,0,509,6808,6297,44,44,1,5,447,447,447,0,0,0,0,202,202,34,237,15904,5,0,0,0,0,0,0,208,8,16942,16943,2522,16947,16947,42,367,17795,17793,17795,1599,17799,1682,0,0,0,0,221,197,1,1,44,8,39
Philadelphia,1591800,World Population Review,6,54,02/08/2020,48675,6,5,0,0,0,13,5,13,13,8,8,0,0,13,9,4,10,13,8,0,0,0,4,0,0,1,0,0,0,0,8,0,9,4,0,0,1846,1846,662,0,0,0,284,6,0,0,1414,1414,0,0,0,0,0,0,7,5,116,77,78,78,7,0,0,0,0,0,0,0,0,0,0,0,0,0,0,1,1,1,1,1,1,1,0,0,0,0,0,0,0,0,0,0,0,0,7,70,0,0,6,6,11,6,6,6,75,1412,2652,12,0,0,0,0,0,0,0,0,0,0,0,0,0,0,0,10,0,11,1700,3,1732,0,0,93,0,107,18,93,82,1435,1918,3,5,8,5,0,289,289,289,289,289,6,0,0,12,0,0,0,0,0,0,0,0,0,0,620,0,0,1849,10,9,118,118,118,2809,606,1,28,305,11,305,6,0,0,0,472,0,305,15,1911,0,0,0,0,0,700,1434,1918,290,290,76,276,325,13,13,13,13,13,13,13,18,304,0,0,90,0,0,0,0,0,0,5,15,0,0,40,0,34,0,28,716,717,718,100,86,1987,35,0,0,18,0,0,3,0,0,7,7,17,22,22,22,299,2,0,0,0,1898,0,1900,0,0,0,4,0,18,0,18,105,87,12,12,0,0,18,18,18,0,0,0,0,1,1,1,2,304,0,0,0,0,0,0,0,13,0,322,321,34,321,321,0,7,392,392,392,17,391,22,0,0,0,0,13,16,0,0,3,0,1
Prague,1305737,World Population Review,7,19,02/08/2020,166675,56,38,1,0,0,63,23,71,71,57,48,0,0,71,81,26,56,71,48,0,0,1,36,1,1,6,1,1,1,1,80,0,78,31,5,5,6122,6121,3414,0,0,0,1144,56,0,0,5765,5766,0,0,0,0,0,0,43,27,1375,763,760,775,31,0,0,0,0,0,0,0,0,0,0,0,0,0,1,1,1,1,1,1,1,1,0,0,0,9,0,0,0,0,12,12,12,12,31,125,0,0,45,45,82,51,51,42,1550,5775,7989,71,0,0,0,0,0,0,0,0,1,1,1,1,1,1,1,137,0,68,5381,3,5458,0,0,800,13,860,77,798,777,519,732,3,28,42,28,6,1222,1232,1232,1232,1232,48,6,6,113,0,0,0,0,0,0,0,0,16,12,3059,0,0,6143,43,44,680,680,680,8773,2962,1,180,1308,76,1308,35,0,0,0,2339,6,1322,196,6532,0,0,0,0,0,2193,518,731,1216,1216,393,1110,1575,48,48,48,48,48,48,48,282,1491,0,0,801,0,0,0,0,0,1,34,99,2,22,78,0,17,1,245,4642,4642,4642,1563,1366,7867,147,0,4,17,0,5,62,0,0,262,262,308,329,329,329,84,37,0,0,5,716,7,731,0,0,0,72,0,17,0,96,883,787,16,16,3,5,281,281,281,0,0,0,0,35,35,2,37,1325,5,0,0,0,0,0,0,47,1,1580,1579,383,1581,1581,1,49,1713,1713,1713,299,1713,154,0,0,0,0,49,57,0,0,14,0,4
Rabat,1884802,World Population Review,1,101,02/08/2020,12656,0,1,0,0,0,5,1,5,5,3,4,0,0,5,2,1,7,5,4,0,0,0,1,0,0,0,0,0,0,0,3,0,2,0,0,0,444,444,146,0,0,0,133,0,0,0,407,407,0,0,0,0,0,0,6,5,47,32,32,33,3,0,0,0,0,0,0,0,0,0,0,1,1,0,0,0,0,0,0,0,0,0,1,1,1,4,1,1,1,0,4,4,5,4,4,9,0,0,0,0,1,0,0,0,21,407,551,5,0,0,0,0,0,0,0,0,0,0,0,0,0,0,0,8,0,4,428,0,433,0,0,45,1,50,7,45,35,1,1,0,0,1,0,0,135,135,135,135,135,0,0,0,3,0,0,0,0,0,0,0,0,1,0,321,0,0,446,0,1,12,12,12,575,313,0,10,139,7,139,6,0,0,0,89,0,139,20,485,0,0,0,0,0,723,1,1,138,138,33,130,157,1,1,1,1,1,1,1,7,141,0,0,46,0,0,0,0,0,0,0,8,2,5,9,0,1,1,24,348,348,348,29,10,486,47,0,0,0,0,0,10,0,0,15,15,15,15,15,15,0,9,0,0,0,1,0,1,0,0,0,0,0,0,0,10,56,46,1,1,0,0,7,7,7,0,0,0,0,9,9,2,9,142,0,0,0,0,0,0,0,1,0,155,155,24,154,154,1,0,168,168,168,15,168,22,0,0,0,0,1,13,0,0,0,0,2
Rio de Janeiro,13458075,World Population Review,2,96,02/08/2020,29,0,0,0,0,0,0,0,0,0,0,0,0,0,0,0,0,0,0,0,0,0,0,0,0,0,0,0,0,0,0,0,0,0,0,0,0,0,0,0,0,0,0,1,0,0,0,1,1,0,0,0,0,0,0,0,0,0,0,0,0,0,0,0,0,0,0,0,0,0,0,0,0,0,0,0,0,0,0,0,0,0,0,0,0,0,0,0,0,0,0,0,0,0,0,0,0,0,0,0,0,0,0,0,0,0,1,1,0,0,0,0,0,0,0,0,0,0,0,0,0,0,0,0,1,0,0,0,0,0,0,0,0,0,0,0,0,0,0,0,0,0,0,0,0,1,1,1,1,1,0,0,0,0,0,0,0,0,0,0,0,0,0,0,0,0,0,0,0,0,0,0,0,1,0,0,0,1,0,1,0,0,0,0,0,0,1,0,0,0,0,0,0,0,0,0,0,1,1,0,1,1,0,0,0,0,0,0,0,0,1,0,0,0,0,0,0,0,0,0,0,0,0,0,0,0,0,0,0,0,0,0,0,0,0,0,0,0,0,0,0,0,0,0,0,0,0,0,0,0,0,0,0,0,0,0,0,0,0,0,0,0,0,0,0,0,0,0,0,0,0,0,0,0,0,0,0,0,0,0,0,0,0,1,0,0,0,0,0,0,0,0,0,1,1,0,1,1,0,0,1,1,1,0,1,0,0,0,0,0,0,0,0,0,0,0,0
Riyadh,7231447,World Population Review,4,71,02/08/2020,29671,0,1,0,0,0,18,15,18,18,3,3,0,0,18,28,2,9,18,3,0,0,0,1,0,0,0,0,0,0,0,8,0,24,11,0,0,868,867,818,0,0,0,428,0,0,0,361,361,0,0,0,0,0,0,21,10,126,104,103,109,2,0,0,0,0,0,0,0,0,0,0,0,0,0,0,0,0,0,0,0,0,0,0,0,0,3,0,0,0,0,3,3,3,3,2,71,0,0,12,12,18,16,16,12,36,366,803,19,0,0,0,0,0,0,0,0,0,0,0,0,0,0,0,22,0,15,626,3,640,0,0,116,6,198,88,116,110,27,27,0,1,1,1,0,454,454,454,454,454,12,0,0,19,0,0,0,0,0,0,0,0,0,1,449,0,0,883,6,1,237,237,237,1063,430,0,54,482,18,482,5,0,0,0,550,0,490,24,935,0,0,0,0,0,1704,27,27,481,481,207,450,516,1,1,1,1,1,1,1,4,488,0,0,117,0,0,0,0,0,0,4,28,2,5,5,0,9,0,102,494,494,494,49,25,945,85,0,0,6,0,0,26,0,0,32,32,39,43,43,43,0,18,0,0,2,26,1,27,0,0,0,3,1,6,0,90,202,112,6,6,3,0,4,4,4,0,0,0,0,16,16,1,17,484,0,0,0,0,0,0,0,1,0,504,504,55,504,504,0,12,534,534,534,39,534,43,0,0,0,0,2,148,0,0,21,4,11
Rome,4257056,World Population Review,4,77,02/08/2020,145914,3,34,1,0,0,62,40,65,65,23,25,0,0,66,31,56,37,66,25,0,0,1,31,1,1,5,1,1,1,1,26,2,29,19,1,1,4609,4609,2079,2,0,0,1300,3,0,0,3211,3211,0,0,0,0,0,0,57,47,1504,1134,1112,1143,15,0,0,0,0,0,0,0,0,0,0,0,0,0,2,1,1,1,1,1,1,1,0,0,0,10,0,0,0,0,11,11,11,11,16,305,0,0,24,24,39,26,26,20,406,3218,6142,66,0,0,0,0,0,0,0,0,1,1,1,1,1,1,1,138,0,46,4078,3,4125,0,0,1183,7,1258,73,1160,1140,867,1346,1,26,41,26,4,1638,1641,1641,1641,1640,24,4,4,46,0,0,0,0,0,0,0,0,7,3,1618,0,0,4646,24,47,504,504,504,6736,1560,1,505,1803,59,1804,6,0,0,0,1211,4,1811,117,4878,0,0,0,0,0,3403,867,1349,1692,1693,752,1341,1918,51,51,51,51,51,51,51,99,1805,0,0,1186,0,0,0,0,0,0,4,353,9,19,49,0,26,3,183,2170,2168,2168,550,439,5291,201,0,2,3,0,1,70,0,0,371,371,401,422,422,422,76,57,2,0,3,1319,3,1328,0,0,0,36,0,3,0,96,1283,1187,7,7,0,1,101,101,101,0,0,0,0,52,52,6,52,1808,1,0,0,0,0,0,0,50,0,1938,1937,430,1936,1936,1,23,2281,2281,2281,387,2280,398,0,0,0,0,51,151,0,0,21,0,11
Rotterdam,1010026,World Population Review,7,36,02/08/2020,54829,41,9,0,0,0,31,13,39,39,21,26,0,0,39,34,12,28,39,26,0,0,0,9,0,0,5,0,0,0,0,14,0,31,18,2,2,1947,1947,2069,0,0,0,518,48,0,0,1420,1420,0,0,0,0,0,0,11,5,370,291,290,294,15,0,0,0,0,0,0,0,0,0,0,0,0,0,0,0,0,0,0,0,0,0,0,0,0,0,0,0,0,0,0,0,0,0,15,24,0,0,22,22,27,26,26,22,191,1418,2170,40,0,0,0,0,0,0,0,0,1,1,1,1,1,1,1,52,0,34,1624,0,1631,0,0,296,4,332,40,296,293,12,12,1,7,12,7,6,536,538,538,538,538,23,6,6,32,0,0,0,0,0,0,0,0,0,3,1054,0,0,1957,11,14,307,307,307,2509,1035,0,83,576,38,575,5,0,0,0,1669,6,580,37,2036,0,0,0,0,0,362,12,12,564,564,153,511,661,15,15,15,15,15,15,15,94,595,0,0,296,0,0,0,0,0,0,35,42,2,2,19,0,34,0,73,1337,1338,1339,289,251,2275,23,0,6,137,0,2,9,0,0,56,56,72,77,77,77,12,6,0,0,0,8,0,12,0,0,0,22,0,140,0,43,337,294,0,0,0,2,94,94,94,0,0,0,0,6,6,0,6,587,2,0,0,0,0,0,0,15,0,650,651,124,651,651,4,23,727,727,727,58,726,96,0,0,0,0,16,5,0,0,5,0,3
San Francisco,896047,World Population Review,8,12,02/08/2020,32,0,0,0,0,0,0,0,0,0,0,0,0,0,0,0,0,0,0,0,0,0,0,0,0,0,0,0,0,0,0,0,0,0,0,0,0,2,2,0,0,0,0,0,0,0,0,1,1,0,0,0,0,0,0,0,0,0,0,0,0,0,0,0,0,0,0,0,0,0,0,0,0,0,0,0,0,0,0,0,0,0,0,0,0,0,0,0,0,0,0,0,0,0,0,0,0,0,0,0,0,0,0,0,0,0,1,1,0,0,0,0,0,0,0,0,0,0,0,0,0,0,0,0,0,0,0,1,0,1,0,0,0,0,0,0,0,0,0,0,0,0,0,0,0,0,0,0,0,0,0,0,0,0,0,0,0,0,0,0,0,0,0,0,2,0,0,2,0,0,1,1,1,2,2,0,0,0,0,0,0,0,0,0,0,0,0,0,2,0,0,0,0,0,0,0,0,0,0,0,0,0,0,0,0,0,0,0,0,0,0,0,0,0,0,0,0,0,0,0,0,0,0,0,0,0,0,0,0,2,2,2,0,0,2,1,0,0,0,0,0,0,0,0,0,0,0,0,0,0,0,0,0,0,0,0,0,0,0,0,0,0,0,0,0,0,0,0,0,0,0,0,0,0,0,0,0,0,0,0,0,0,0,0,0,0,0,0,0,0,0,0,0,0,0,0,0,0,0,0,0,0,0,0,0,0,0,0,0,0,0,0,0,0,0,0,0
Santiago,6767223,World Population Review,3,86,02/08/2020,173180,35,33,5,0,6,72,51,76,76,26,25,0,0,76,162,170,38,76,25,0,0,1,27,1,1,10,1,1,1,1,88,0,155,90,0,0,4071,4071,2905,0,0,0,2471,36,1,0,4391,4392,6,6,6,6,6,0,96,59,1001,776,774,784,15,2,2,2,2,2,2,2,0,0,0,0,0,1,0,3,3,3,3,3,3,3,1,1,1,6,1,1,1,0,5,5,6,5,18,214,0,0,104,104,147,123,123,107,327,4403,6560,76,3,0,0,0,0,0,0,0,1,1,1,1,1,1,1,452,0,57,3592,11,3639,0,0,846,9,974,125,845,817,2733,2735,6,21,39,21,19,2566,2569,2569,2569,2569,116,19,19,181,0,0,0,0,0,0,0,0,14,0,1802,0,0,4102,64,36,457,457,457,7123,1672,0,195,2669,62,2669,12,0,0,0,1680,19,2680,159,4425,0,0,0,0,0,2853,2739,2741,2586,2586,618,2489,2869,46,46,46,46,46,46,46,33,2696,6,6,856,0,0,0,0,0,0,60,90,2,7,52,0,13,1,270,2295,2296,2296,491,334,4700,520,0,15,142,0,0,19,0,0,122,122,198,212,212,212,8,14,0,0,0,2693,2,2713,0,0,0,13,0,146,0,155,1006,851,19,19,1,0,33,33,33,0,0,0,0,13,13,0,13,2681,0,0,0,0,0,0,0,46,2,2814,2814,257,2814,2814,2,113,2991,2992,2992,181,2991,157,0,0,0,0,50,151,0,0,10,0,21
So Paulo,22043028,World Population Review,3,90,02/08/2020,54,0,0,0,0,0,0,0,0,0,0,0,0,0,0,0,0,0,0,0,0,0,0,0,0,0,0,0,0,0,0,0,0,0,0,0,0,2,2,0,0,0,0,0,0,0,0,1,1,0,0,0,0,0,0,0,0,0,0,0,0,0,0,0,0,0,0,0,0,0,0,0,0,0,0,0,0,0,0,0,0,0,0,0,0,0,0,0,0,0,0,0,0,0,0,0,0,0,0,0,0,0,0,0,0,0,1,2,0,0,0,0,0,0,0,0,0,0,0,0,0,0,0,0,0,0,0,2,0,2,0,0,0,0,0,0,0,0,0,0,0,0,0,0,0,0,0,0,0,0,0,0,0,0,0,0,0,0,0,0,0,0,0,0,1,0,0,2,0,0,0,0,0,2,1,0,0,0,0,0,0,0,0,0,0,0,0,0,2,0,0,0,0,0,0,0,0,0,0,0,0,0,0,0,0,0,0,0,0,0,0,0,0,0,0,0,0,0,0,0,0,0,0,0,0,0,0,0,0,3,3,3,2,2,4,0,0,0,0,0,0,0,0,0,0,0,0,0,0,0,0,0,0,0,0,0,0,0,0,0,0,0,0,0,0,0,2,2,0,0,0,0,0,0,0,0,0,0,0,0,0,0,0,0,0,0,0,0,0,0,0,0,0,0,0,0,0,0,0,0,3,3,3,0,3,0,0,0,0,0,0,0,0,0,0,0,0
Seattle,783137,World Population Review,7,34,02/08/2020,219414,43,46,0,0,0,35,21,56,56,12,36,0,0,57,87,59,42,57,36,0,0,1,45,1,1,16,1,1,1,1,29,0,88,22,0,0,5754,5754,7958,0,0,0,1112,46,0,0,2275,2275,0,0,0,0,0,0,13,6,960,708,708,711,12,0,0,0,0,0,0,0,0,0,0,0,0,0,0,0,0,0,0,0,0,0,0,0,0,1,0,0,0,0,1,1,1,1,14,184,3,0,36,36,52,37,37,31,264,2278,6343,57,4,0,0,0,0,0,0,0,0,0,0,0,0,0,0,67,8,59,4998,0,5106,0,0,730,3,769,40,730,719,12441,14624,9,26,58,26,4,1179,1183,1183,1183,1184,37,4,4,53,0,0,0,0,0,0,0,0,17,1,1659,0,0,5788,41,60,703,703,703,7220,1612,1,204,1286,68,1286,13,0,0,0,6021,4,1293,102,5979,0,0,0,0,0,878,12453,14642,1231,1231,355,1123,1416,70,70,70,70,70,70,70,97,1301,0,0,734,0,0,0,0,0,1,58,103,3,2,26,0,42,2,140,3941,3941,3942,2274,2172,8150,139,0,2,509,0,0,20,0,0,123,123,177,196,196,196,46,18,0,0,1,6155,4,14555,0,0,0,10,0,509,0,42,775,733,5,5,0,0,99,99,99,0,0,0,0,18,18,4,18,1288,0,0,0,0,0,0,0,69,2,1371,1371,213,1371,1371,3,36,1637,1637,1637,155,1638,149,0,0,0,0,74,36,0,0,19,0,12
Seoul,9963452,World Population Review,6,47,02/08/2020,319709,43,36,7,0,0,159,65,233,233,81,168,0,0,233,318,184,194,233,168,0,0,0,34,0,0,14,0,0,0,0,528,1,253,112,0,0,9111,9111,16891,1,0,0,4544,47,1,0,4924,4925,0,0,0,0,0,0,58,23,2575,1573,1557,1585,75,0,0,0,0,0,0,0,5,5,5,0,0,1,5,2,2,2,2,2,2,2,2,2,2,3,2,2,2,0,1,1,3,1,74,390,3,0,148,148,251,222,222,132,470,4939,11267,232,43,0,0,0,0,0,0,0,1,1,1,1,1,1,1,940,13,227,7977,30,8106,0,0,1627,23,1770,163,1622,1595,180,184,13,30,54,30,17,4672,4694,4694,4695,4697,159,17,17,654,0,0,0,0,0,0,0,0,17,5,2697,0,0,9132,31,58,1030,1030,1030,12520,2535,2,505,4906,241,4904,77,0,0,0,13410,17,4922,249,9576,0,0,0,0,0,13421,182,186,4692,4692,1084,4378,5159,75,75,75,75,75,75,75,886,4961,0,0,1622,0,0,0,0,0,0,21,276,2,3,55,0,8,2,384,3287,3288,3288,588,342,9758,1132,0,12,39,0,0,18,0,0,324,324,386,415,415,414,40,10,3,0,6,116,4,178,0,0,0,44,0,39,0,194,1798,1604,5,5,0,0,889,889,889,0,0,0,0,9,9,1,10,4936,0,0,0,0,0,0,0,75,0,5222,5222,620,5222,5222,7,158,5504,5504,5504,332,5507,510,0,0,0,0,76,81,0,0,186,3,4
Shanghai,27058480,World Population Review,5,59,02/08/2020,288948,7,14,2,0,0,271,60,381,381,121,322,0,0,382,174,157,363,382,322,0,0,0,13,0,0,3,0,0,0,0,106,0,166,66,0,0,3411,3411,29436,0,0,0,4960,7,0,0,2886,2885,0,0,0,0,0,0,193,54,1558,905,909,919,105,0,0,0,0,0,0,0,0,0,0,0,0,0,14,2,2,2,2,2,2,2,0,0,0,9,1,1,1,0,9,9,9,9,105,1256,4,0,106,106,165,126,126,105,109,2897,5074,384,19,0,0,0,0,0,0,0,0,0,0,0,0,0,0,275,30,420,2887,12,3098,0,0,1025,10,1114,132,1025,955,948,1156,1,11,17,11,26,5190,5211,5211,5211,5212,118,26,26,191,0,0,0,0,0,0,0,0,70,97,1489,0,0,3468,73,18,360,360,360,5729,1390,0,1436,5530,986,5529,99,0,0,0,23488,26,5571,103,3758,0,0,0,0,0,3682,955,1165,5433,5432,1958,4242,5997,19,19,19,19,19,19,19,144,5643,0,0,1027,0,0,0,0,0,0,13,1083,3,11,100,0,22,1,474,1740,1740,1740,243,140,3875,4370,0,6,105,0,0,29,0,0,1167,1168,1304,1333,1333,1333,4,28,6,0,1,988,8,1161,0,0,0,11,0,105,0,438,1455,1017,6,6,17,0,145,145,145,0,0,0,0,28,28,3,28,5556,0,0,0,0,0,0,0,19,0,5895,5896,1543,5898,5898,11,119,6260,6260,6260,1215,6263,1405,0,0,0,0,22,32,0,0,236,6,2
Shenzhen,12356820,World Population Review,6,43,02/08/2020,358526,94,30,2,0,0,473,283,620,620,169,337,0,0,620,68,284,417,621,338,0,0,3,25,3,3,12,3,3,3,3,90,1,64,21,0,0,4200,4200,12437,1,0,0,8741,96,1,0,3110,3110,0,0,0,0,0,0,883,449,1739,1401,1400,1413,156,0,0,0,0,0,0,0,0,0,0,0,0,0,4,2,2,2,2,2,2,2,0,0,0,2,0,0,0,0,2,2,2,2,157,517,5,0,29,29,44,37,37,28,162,3125,4936,621,19,0,0,0,0,0,0,0,4,4,4,4,4,4,4,263,61,424,3642,15,3893,0,0,1534,14,1635,154,1534,1442,89,91,0,18,43,18,11,9076,9128,9129,9128,9129,34,11,11,120,0,0,0,0,0,0,0,0,20,22,2419,0,0,4250,195,45,350,350,350,5618,2294,2,1143,9620,511,9624,39,0,0,0,9614,11,9715,204,4670,0,0,0,0,0,1012,90,92,9440,9441,2151,8720,10406,48,48,48,48,48,48,48,84,9728,0,0,1530,0,0,0,0,0,0,21,610,0,2,130,0,2,0,636,2824,2825,2824,420,217,4833,1454,0,5,19,0,0,8,0,0,745,745,1134,1348,1348,1348,1,6,2,0,3,86,7,98,0,0,0,5,0,19,0,524,2031,1507,1,1,1,0,84,84,84,0,0,0,0,5,5,0,6,9721,0,0,0,0,0,0,0,49,6,10215,10217,1352,10216,10217,19,33,10845,10847,10846,876,10849,1010,0,0,0,0,54,4,0,0,360,0,0
Singapore,5935053,World Population Review,10,1,02/08/2020,1997152,883,380,19,1,23,1220,507,1576,1576,540,1069,1,1,1575,2845,716,1439,1575,1069,0,1,11,298,11,11,88,11,11,11,11,296,18,2805,775,4,4,61967,61971,99115,18,0,0,19204,929,10,0,28609,28613,23,23,23,23,23,0,358,221,11374,10601,10621,10731,456,4,4,4,4,4,4,4,4,4,4,14,14,10,17,12,12,12,12,12,12,12,16,16,22,147,22,22,22,0,133,133,150,134,511,304,12,0,924,924,1062,977,977,866,4021,28667,47853,1575,48,1,0,1,0,1,0,0,13,13,13,13,13,13,13,1393,52,3432,40206,97,43741,0,0,11049,108,12232,1277,11050,10902,2793,3289,81,195,537,195,73,20837,21070,21071,21072,21073,940,73,73,1113,1,1,1,1,1,1,1,1,326,76,43947,1,0,62327,481,569,20764,20762,20763,72551,42329,22,4523,22743,1965,22748,208,1,1,1,87747,73,23829,1881,66919,1,0,0,0,0,18667,2807,3302,23216,23217,8221,18798,30596,699,699,698,698,698,698,698,5005,24226,22,22,11052,1,1,1,1,1,11,180,2701,91,187,1026,0,39,47,3110,49258,49256,49254,5375,3503,69968,1072,0,35,1936,0,5,580,1,0,3768,3768,5610,6296,6296,6296,83,460,0,1,59,2961,292,3546,1,0,0,84,9,1950,0,1513,12582,11071,16,16,8,5,5047,5049,5050,0,0,0,0,406,405,70,460,23674,5,0,0,0,1,0,0,693,45,27521,27523,8161,27526,27526,54,932,30816,30818,30818,3933,30823,6622,0,0,0,0,782,327,2,2,229,10,40
Sofia,1280968,World Population Review,3,89,02/08/2020,141600,218,59,1,0,0,80,46,87,87,37,41,4,4,87,123,53,45,87,41,0,4,0,57,0,0,6,0,0,0,0,37,0,121,98,3,3,5438,5440,2601,0,0,1,1243,223,0,0,3637,3637,0,0,0,0,0,0,72,25,800,467,467,473,22,1,1,1,1,1,1,1,0,0,0,0,0,0,5,0,0,0,0,0,0,0,0,0,0,7,0,0,0,0,7,7,7,7,23,92,1,0,103,103,121,104,104,101,602,3640,6434,87,0,4,1,4,1,4,1,1,0,0,0,0,0,0,0,119,3,70,4753,8,4805,4,4,505,6,550,50,505,491,219,431,6,38,65,38,1,1369,1376,1376,1376,1376,103,1,1,135,4,4,4,4,4,4,4,4,55,7,1960,4,4,5458,72,65,665,665,665,7175,1902,0,230,1482,91,1482,330,4,4,4,1704,1,1494,125,5665,4,4,1,4,4,1445,220,432,1403,1403,563,1285,1838,73,73,73,73,73,73,73,67,1527,0,0,507,4,4,4,4,4,0,154,141,2,9,26,0,5,1,165,3136,3136,3136,1164,1040,6689,331,0,1,126,0,3,26,4,1,235,235,396,412,412,412,25,17,0,4,0,335,7,435,4,0,0,58,0,129,0,74,579,505,16,16,0,3,67,67,67,3,3,3,3,15,15,1,17,1505,3,3,3,3,3,3,3,71,1,1738,1738,314,1738,1738,6,99,2039,2039,2039,284,2039,184,1,1,0,1,73,145,0,0,8,0,15
St. Petersburg,5467808,World Population Review,4,73,02/08/2020,0,0,0,0,0,0,0,0,0,0,0,0,0,0,0,0,0,0,0,0,0,0,0,0,0,0,0,0,0,0,0,0,0,0,0,0,0,0,0,0,0,0,0,0,0,0,0,0,0,0,0,0,0,0,0,0,0,0,0,0,0,0,0,0,0,0,0,0,0,0,0,0,0,0,0,0,0,0,0,0,0,0,0,0,0,0,0,0,0,0,0,0,0,0,0,0,0,0,0,0,0,0,0,0,0,0,0,0,0,0,0,0,0,0,0,0,0,0,0,0,0,0,0,0,0,0,0,0,0,0,0,0,0,0,0,0,0,0,0,0,0,0,0,0,0,0,0,0,0,0,0,0,0,0,0,0,0,0,0,0,0,0,0,0,0,0,0,0,0,0,0,0,0,0,0,0,0,0,0,0,0,0,0,0,0,0,0,0,0,0,0,0,0,0,0,0,0,0,0,0,0,0,0,0,0,0,0,0,0,0,0,0,0,0,0,0,0,0,0,0,0,0,0,0,0,0,0,0,0,0,0,0,0,0,0,0,0,0,0,0,0,0,0,0,0,0,0,0,0,0,0,0,0,0,0,0,0,0,0,0,0,0,0,0,0,0,0,0,0,0,0,0,0,0,0,0,0,0,0,0,0,0,0,0,0,0,0,0,0,0,0,0,0,0,0,0,0,0,0,0,0,0,0,0,0,0,0,0,0,0,0,0,0,0,0,0,0
Stockholm,1632798,World Population Review,7,25,02/08/2020,316925,30,31,1,0,0,30,16,41,41,12,25,0,0,41,100,54,25,41,25,0,0,0,28,0,0,3,0,0,0,0,38,0,97,23,0,0,4512,4513,12178,1,0,0,8538,31,0,0,2498,2498,0,0,0,0,0,0,11,6,1019,905,903,908,7,0,0,0,0,0,0,0,1,1,1,0,0,0,0,0,0,0,0,0,0,0,0,0,0,0,0,0,0,0,0,0,0,0,10,107,1,0,47,47,59,53,53,44,400,2505,3745,38,5,0,0,0,0,0,0,0,0,0,0,0,0,0,0,46,1,25,2772,1,3266,0,0,928,2,1010,65,926,918,98,424,25,21,41,21,5,8733,8735,8735,8735,8735,49,5,5,64,0,0,0,0,0,0,0,0,24,1,3153,0,0,4560,26,47,1748,1748,1749,6027,3040,0,109,8816,34,8818,61,0,0,0,10875,5,8833,159,4874,0,0,0,0,0,1642,98,428,8795,8795,227,8747,9066,75,75,75,75,75,75,75,166,8523,0,0,938,0,0,0,0,0,0,22,46,0,1,25,0,11,0,229,3735,3735,3735,582,425,5271,90,0,1,304,0,0,17,0,0,156,156,209,256,256,256,32,13,0,0,5,423,8,439,0,0,0,109,0,307,0,78,1018,940,13,13,2,0,167,167,167,0,0,0,0,13,13,1,13,8599,0,0,0,0,0,0,0,75,2,8752,8752,218,8754,8756,3,50,8913,8913,8914,161,8917,144,0,0,0,0,81,67,0,0,4,0,6
Sydney,4925987,World Population Review,8,14,02/08/2020,1575798,92,249,21,0,13,788,238,1075,1075,333,837,0,0,1075,700,8815,1237,1075,837,0,0,7,203,7,7,71,7,7,7,7,61,24,692,170,1,1,35257,35259,40893,24,0,0,26085,98,3,0,15647,15649,13,13,13,13,13,0,76,44,7298,6731,6725,6749,288,1,1,1,1,1,1,1,1,1,1,3,3,4,3,19,19,19,19,19,19,19,4,4,7,40,15,7,7,0,37,37,41,37,355,180,4,0,200,200,222,216,216,192,2312,15672,28079,1078,50,0,0,0,0,0,0,0,6,6,6,6,6,6,6,891,16,3761,23785,67,26716,0,0,14306,25,14601,328,14308,14267,2145,2153,67,146,352,146,16,27697,27804,27808,27809,27812,209,16,16,237,0,0,0,0,0,0,0,0,242,15,24209,0,0,35442,180,359,10738,10740,10740,41963,23295,12,6086,29453,3460,29454,174,0,0,0,37687,16,30634,885,39074,1,1,1,1,1,2594,2160,2167,30448,30449,8445,23946,35661,456,456,456,456,456,456,456,2183,29848,13,13,14076,0,0,0,0,0,5,69,3605,63,56,1815,0,247,48,1174,27151,27150,27151,3073,2193,41012,356,0,8,241,0,0,426,1,1,4492,4493,5879,6195,6194,6194,84,322,1,1,56,2232,129,2287,1,0,1,83,113,243,0,387,14486,14101,12,12,9,0,2202,2202,2202,1,1,1,1,284,284,59,316,29735,0,1,1,1,1,1,1,458,23,32448,32450,8657,32454,32454,5,207,34906,34910,34909,4003,34912,7629,1,1,1,1,516,112,2,2,51,7,33
Taipei City,23816775,Worldometers,8,7,02/08/2020,197,0,0,0,0,0,0,0,0,0,0,0,0,0,0,0,0,0,0,0,0,0,0,0,0,0,0,0,0,0,0,0,0,0,0,0,0,1,1,0,0,0,0,1,0,0,0,0,0,0,0,0,0,0,0,0,0,0,0,0,0,0,0,0,0,0,0,0,0,0,0,0,0,0,0,0,0,0,0,0,0,0,0,0,0,0,0,0,0,0,0,0,0,0,0,0,0,0,0,0,0,0,0,0,0,0,0,1,0,0,0,0,0,0,0,0,0,0,0,0,0,0,0,0,0,0,4,1,0,1,0,0,0,0,0,0,0,0,0,0,0,0,0,0,0,1,1,1,1,1,0,0,0,0,0,0,0,0,0,0,0,0,0,0,0,0,0,1,0,0,0,0,0,1,0,0,4,5,0,5,0,0,0,0,0,0,5,0,1,0,0,0,0,0,0,0,0,5,5,5,1,9,0,0,0,0,0,0,0,0,9,0,0,0,0,0,0,0,0,0,0,0,0,0,0,0,0,0,0,0,0,0,0,0,1,0,0,0,0,0,0,0,0,0,4,4,4,4,4,4,0,0,0,0,0,0,0,0,0,0,0,0,0,0,0,0,0,0,0,0,0,0,0,0,0,0,0,0,0,0,0,0,0,5,0,0,0,0,0,0,0,0,0,9,9,8,9,9,0,0,10,10,10,4,10,8,0,0,0,0,0,0,0,0,0,0,0
Tel Aviv,4181479,World Population Review,6,46,02/08/2020,0,0,0,0,0,0,0,0,0,0,0,0,0,0,0,0,0,0,0,0,0,0,0,0,0,0,0,0,0,0,0,0,0,0,0,0,0,0,0,0,0,0,0,0,0,0,0,0,0,0,0,0,0,0,0,0,0,0,0,0,0,0,0,0,0,0,0,0,0,0,0,0,0,0,0,0,0,0,0,0,0,0,0,0,0,0,0,0,0,0,0,0,0,0,0,0,0,0,0,0,0,0,0,0,0,0,0,0,0,0,0,0,0,0,0,0,0,0,0,0,0,0,0,0,0,0,0,0,0,0,0,0,0,0,0,0,0,0,0,0,0,0,0,0,0,0,0,0,0,0,0,0,0,0,0,0,0,0,0,0,0,0,0,0,0,0,0,0,0,0,0,0,0,0,0,0,0,0,0,0,0,0,0,0,0,0,0,0,0,0,0,0,0,0,0,0,0,0,0,0,0,0,0,0,0,0,0,0,0,0,0,0,0,0,0,0,0,0,0,0,0,0,0,0,0,0,0,0,0,0,0,0,0,0,0,0,0,0,0,0,0,0,0,0,0,0,0,0,0,0,0,0,0,0,0,0,0,0,0,0,0,0,0,0,0,0,0,0,0,0,0,0,0,0,0,0,0,0,0,0,0,0,0,0,0,0,0,0,0,0,0,0,0,0,0,0,0,0,0,0,0,0,0,0,0,0,0,0,0,0,0,0,0,0,0,0,0
The Hague,697564,World Population Review,7,29,02/08/2020,0,0,0,0,0,0,0,0,0,0,0,0,0,0,0,0,0,0,0,0,0,0,0,0,0,0,0,0,0,0,0,0,0,0,0,0,0,0,0,0,0,0,0,0,0,0,0,0,0,0,0,0,0,0,0,0,0,0,0,0,0,0,0,0,0,0,0,0,0,0,0,0,0,0,0,0,0,0,0,0,0,0,0,0,0,0,0,0,0,0,0,0,0,0,0,0,0,0,0,0,0,0,0,0,0,0,0,0,0,0,0,0,0,0,0,0,0,0,0,0,0,0,0,0,0,0,0,0,0,0,0,0,0,0,0,0,0,0,0,0,0,0,0,0,0,0,0,0,0,0,0,0,0,0,0,0,0,0,0,0,0,0,0,0,0,0,0,0,0,0,0,0,0,0,0,0,0,0,0,0,0,0,0,0,0,0,0,0,0,0,0,0,0,0,0,0,0,0,0,0,0,0,0,0,0,0,0,0,0,0,0,0,0,0,0,0,0,0,0,0,0,0,0,0,0,0,0,0,0,0,0,0,0,0,0,0,0,0,0,0,0,0,0,0,0,0,0,0,0,0,0,0,0,0,0,0,0,0,0,0,0,0,0,0,0,0,0,0,0,0,0,0,0,0,0,0,0,0,0,0,0,0,0,0,0,0,0,0,0,0,0,0,0,0,0,0,0,0,0,0,0,0,0,0,0,0,0,0,0,0,0,0,0,0,0,0,0
Tianjin,13589078,World Population Review,6,41,02/08/2020,17029,0,0,0,0,0,6,3,12,12,3,9,0,0,12,13,2,10,12,9,0,0,0,0,0,0,0,0,0,0,0,18,0,13,5,0,0,136,136,1839,0,0,0,319,0,0,0,166,166,0,0,0,0,0,0,25,7,59,38,37,39,3,0,0,0,0,0,0,0,0,0,0,0,0,0,0,0,0,0,0,0,0,0,0,0,0,0,0,0,0,0,0,0,0,0,3,124,2,0,7,7,15,10,10,8,9,166,246,12,1,0,0,0,0,0,0,0,0,0,0,0,0,0,0,19,0,10,116,0,119,0,0,50,1,59,15,49,42,29,29,0,1,1,1,3,343,347,347,347,347,11,3,3,28,0,0,0,0,0,0,0,0,0,3,84,0,0,133,10,1,15,15,15,265,77,0,46,362,24,362,7,0,0,0,1222,3,371,7,159,0,0,0,0,0,410,29,29,338,338,112,306,382,1,1,1,1,1,1,1,20,367,0,0,50,0,0,0,0,0,0,0,31,0,0,13,0,1,0,24,113,113,113,27,20,179,507,0,0,0,0,0,0,0,0,40,40,62,63,63,63,0,0,0,0,0,18,0,29,0,0,0,3,0,0,0,24,69,45,2,2,7,0,21,21,21,0,0,0,0,0,0,0,0,367,0,0,0,0,0,0,0,1,0,385,385,62,385,385,0,12,401,401,401,48,401,42,0,0,0,0,1,0,0,0,28,0,0
Tokyo,37393128,World Population Review,5,62,02/08/2020,2854882,71,787,75,0,0,2853,1201,3731,3731,1432,2530,1,1,3732,879,1223,3350,3732,2530,0,1,56,696,56,56,261,56,56,56,56,246,33,851,449,11,11,60780,60783,135654,33,0,0,34809,92,19,0,43065,43068,0,0,0,0,0,0,845,717,25505,21273,21254,21322,990,3,3,3,3,3,3,3,1,1,1,5,5,13,31,70,70,70,70,70,70,70,18,18,21,61,21,21,21,0,41,41,59,41,1103,253,59,0,584,584,674,634,634,523,4322,43143,73814,3734,79,1,0,1,0,0,0,0,11,11,11,11,11,11,11,3044,47,7348,48182,119,64482,0,0,21541,45,21806,276,21519,21412,13273,13775,166,512,1052,512,69,38824,39202,39202,39202,39204,612,69,69,721,1,1,1,1,1,1,1,1,1890,161,33566,0,0,61096,1031,1156,7905,7905,7905,98524,29315,37,10025,42652,4477,42657,185,1,1,1,124017,69,44558,4352,72660,1,0,0,0,0,1101,13304,13807,42958,42958,18191,33212,55181,1386,1387,1387,1387,1387,1387,1387,5446,45718,0,0,21474,1,1,1,1,1,17,124,6070,33,48,2924,0,3,31,4566,40942,40944,40946,7370,3046,75299,609,0,40,88,0,11,211,1,0,8074,8073,11246,12080,12081,12081,45,152,1,0,39,9451,50,13735,1,0,0,121,0,108,0,411,21907,21496,0,0,9,11,5494,5494,5495,0,0,0,0,119,119,37,149,44459,11,0,0,0,1,0,0,1385,46,50540,50540,16321,50541,50542,92,607,55863,55865,55864,8405,55871,12742,0,0,0,0,1542,571,1,1,181,7,37
Toronto,6196731,World Population Review,8,15,02/08/2020,628379,128,125,6,0,4,135,52,147,147,80,95,0,0,147,419,349,133,147,95,0,0,1,112,1,1,30,1,1,1,1,81,3,417,171,1,1,26663,26663,15047,3,0,0,4279,130,4,0,12088,12091,4,4,4,4,4,0,34,19,3840,2884,2875,2892,73,3,3,3,3,3,3,3,0,0,0,4,4,3,1,3,3,3,3,3,3,3,4,4,4,12,4,4,4,0,9,9,13,9,77,628,0,0,208,208,240,211,211,181,1121,12116,20947,148,3,0,0,0,0,0,0,0,2,2,2,2,2,2,2,846,5,175,15689,5,15819,0,0,2962,17,3227,285,2961,2929,6642,6646,42,70,171,70,13,4439,4459,4459,4459,4458,210,13,13,256,0,0,0,0,0,0,0,0,179,3,17660,0,0,26778,71,181,10938,10939,10939,32107,17452,10,457,4652,189,4652,50,0,0,0,11486,13,4680,501,27687,0,0,0,0,0,2851,6659,6663,4551,4552,825,4275,5477,243,243,243,243,243,243,243,258,4727,4,4,2944,0,0,0,0,0,5,84,266,26,30,144,0,88,9,761,19418,19418,19419,1778,1279,28823,202,0,5,535,0,1,185,0,0,336,336,440,490,490,490,99,136,0,0,19,6374,12,6650,0,0,0,147,0,536,0,310,3243,2934,72,72,0,1,257,257,257,0,0,0,0,124,124,6,133,4685,1,0,0,0,0,0,0,244,10,5341,5342,936,5344,5344,6,206,6269,6271,6271,385,6272,755,0,0,0,0,265,76,1,1,27,2,12
Vancouver,2581079,World Population Review,8,13,02/08/2020,111446,5,42,3,0,0,43,16,43,43,30,27,0,0,43,39,33,31,43,27,0,0,1,35,1,1,5,1,1,1,1,33,1,30,1,0,0,4727,4727,1941,1,0,0,933,7,0,0,3728,3727,0,0,0,0,0,0,15,7,640,411,410,414,26,0,0,0,0,0,0,0,0,0,0,0,0,0,0,3,3,3,3,3,3,3,0,0,0,4,0,0,0,0,4,4,4,4,24,172,0,0,14,14,29,23,23,7,136,3733,6057,42,0,0,0,0,0,0,0,0,0,0,0,0,0,0,0,111,0,30,4425,5,4470,0,0,434,4,476,45,435,419,322,322,1,27,46,27,0,971,972,972,972,972,15,0,0,35,0,0,0,0,0,0,0,0,1,4,2424,0,0,4742,24,49,267,267,267,6420,2376,0,95,1028,32,1026,7,0,0,0,905,0,1028,63,4900,0,0,0,0,0,1241,322,322,944,944,197,908,1074,49,49,49,49,49,49,49,202,1043,0,0,446,0,0,0,0,0,0,26,52,1,12,38,0,52,0,106,2587,2587,2588,158,97,4990,68,0,0,317,0,0,59,0,0,36,36,62,71,71,71,43,33,0,0,1,285,0,319,0,0,0,19,0,327,0,54,495,441,21,21,0,0,202,202,202,0,0,0,0,33,33,0,33,1037,0,0,0,0,0,0,0,49,1,1119,1119,120,1119,1119,0,15,1403,1403,1404,56,1404,83,0,0,0,0,52,66,0,0,3,0,1
Vienna,1929944,World Population Review,7,17,02/08/2020,159762,41,17,0,2,0,76,42,81,81,33,39,0,0,81,57,38,47,81,39,0,0,1,16,1,1,1,1,1,1,1,29,1,52,40,0,0,5972,5972,2651,1,0,0,1264,41,0,0,5019,5020,0,0,0,0,0,0,22,10,747,511,512,514,27,0,0,0,0,0,0,0,0,0,0,0,0,1,3,0,0,0,0,0,0,0,1,1,1,3,1,1,1,0,2,2,3,2,30,120,0,0,46,46,59,51,51,44,1388,5025,6654,81,3,0,0,0,0,0,0,0,0,0,0,0,0,0,0,241,0,64,4532,4,4578,0,0,548,2,670,130,548,523,208,439,6,11,23,11,3,1319,1322,1322,1322,1323,46,3,3,69,0,0,0,0,0,0,0,0,12,1,3855,0,0,5988,53,22,1375,1373,1372,8124,3757,0,293,1537,54,1537,20,0,0,0,1560,3,1555,151,6316,0,0,0,0,0,1075,206,439,1427,1427,561,1329,1672,29,29,29,29,29,29,29,87,1558,0,0,547,0,0,0,0,0,0,51,97,1,5,87,0,71,1,268,5520,5520,5521,1691,1540,7813,135,0,3,3,0,0,24,0,0,90,90,160,179,179,179,113,16,2,0,0,433,29,468,0,0,0,79,25,3,0,139,691,552,28,28,0,0,87,87,87,0,0,0,0,14,14,2,16,1546,0,0,0,0,0,0,0,28,1,1684,1684,207,1684,1684,2,46,1781,1782,1782,142,1785,125,0,0,0,0,30,65,1,1,15,3,6
Warsaw,1783251,World Population Review,5,61,02/08/2020,199581,246,79,2,0,0,52,29,61,61,30,32,1,1,61,221,125,56,61,32,0,1,0,75,0,0,10,0,0,0,0,84,1,217,132,1,1,7422,7421,5861,1,0,0,1324,248,0,0,5871,5873,0,0,0,0,0,0,21,15,1210,788,792,798,14,0,0,0,0,0,0,0,0,0,0,0,0,0,2,2,2,2,2,2,2,2,0,0,0,12,0,0,0,0,12,12,12,12,15,63,2,0,162,162,198,167,167,156,1725,5873,8618,61,0,1,0,1,0,0,0,0,5,5,5,5,5,5,5,219,1,76,6121,2,6202,0,0,823,6,904,91,823,810,888,1699,10,51,92,51,12,1400,1404,1403,1403,1403,164,12,12,219,1,1,1,1,1,1,1,1,36,1,3905,0,0,7441,74,96,1248,1248,1248,9984,3858,1,311,1617,78,1617,20,1,1,1,4155,12,1632,205,7730,1,0,0,0,0,1999,889,1702,1484,1485,555,1340,1862,109,109,109,109,109,109,109,85,1670,0,0,819,1,1,1,1,1,0,122,106,4,14,30,0,14,3,291,5219,5221,5221,1336,1134,8812,138,0,8,68,0,1,36,1,0,197,197,285,298,298,298,42,27,0,0,7,1680,5,1701,1,0,0,161,0,103,0,119,930,811,17,17,0,1,86,87,87,0,0,0,0,27,27,3,27,1643,1,0,0,0,1,0,0,110,1,1865,1866,400,1865,1865,0,164,2370,2371,2372,267,2373,273,0,0,0,0,117,38,1,1,21,0,6
Washington,720687,World Population Review,7,31,02/08/2020,554958,11,54,0,0,2,181,67,231,231,80,164,0,0,231,369,677,197,231,164,0,0,6,49,6,6,15,6,6,6,6,62,0,367,151,0,0,22833,22833,19014,0,0,0,3934,11,0,0,8680,8682,2,2,2,2,2,0,74,50,4855,4772,4759,4792,66,0,0,0,0,0,0,0,0,0,0,1,1,0,1,0,0,0,0,0,0,0,1,1,1,11,3,3,3,0,11,11,12,11,95,60,1,0,188,188,205,197,197,165,985,8717,20629,230,16,0,0,0,0,0,0,0,0,0,0,0,0,0,0,984,1,407,17453,34,17594,0,0,4966,32,5188,254,4968,4917,2547,2552,13,40,76,40,22,4116,4135,4135,4136,4136,193,22,22,212,0,0,0,0,0,0,0,0,247,4,10469,0,0,23186,86,81,5421,5422,5422,26512,10353,0,553,4310,291,4311,60,0,0,0,16126,22,4400,493,23980,0,0,0,0,0,2216,2554,2561,4303,4303,1007,3794,5332,96,96,96,96,96,96,96,5117,4469,2,2,4957,0,0,0,0,0,0,34,372,11,15,93,0,33,11,713,11592,11592,11592,1126,634,24451,228,0,20,46,0,0,125,0,0,466,466,585,687,687,687,244,104,2,0,26,2471,22,2553,0,0,0,21,0,46,0,303,5266,4963,5,5,9,0,5152,5153,5153,0,0,0,0,86,86,26,105,4418,0,0,0,0,0,0,0,98,4,5051,5052,1235,5054,5055,2,192,5378,5378,5377,487,5379,1067,0,0,0,0,112,434,2,2,18,39,9
Zaragoza,730828,World Population Review,6,49,02/08/2020,13198,12,4,0,0,1,6,6,6,6,0,0,0,0,6,4,2,1,6,0,0,0,0,3,0,0,0,0,0,0,0,2,0,4,1,0,0,416,416,440,0,0,0,152,12,0,0,366,366,1,1,1,1,1,0,11,8,79,49,49,51,0,0,0,0,0,0,0,0,0,0,0,0,0,0,0,0,0,0,0,0,0,0,0,0,0,2,0,0,0,0,2,2,2,2,0,32,0,0,1,1,1,1,1,1,77,367,503,6,0,0,0,0,0,0,0,0,0,0,0,0,0,0,0,5,0,0,322,0,326,0,0,54,2,58,9,54,51,2,2,0,3,4,3,0,157,158,158,158,158,1,0,0,3,0,0,0,0,0,0,0,0,0,0,238,0,0,420,4,4,93,93,93,602,223,0,13,168,2,168,3,0,0,0,159,0,167,16,451,0,0,0,0,0,233,2,2,158,158,44,156,177,4,4,4,4,4,4,4,9,167,1,1,53,0,0,0,0,0,0,0,2,0,4,8,0,1,0,26,360,360,360,124,108,554,36,0,0,0,0,0,4,0,0,8,8,14,16,16,16,20,2,0,0,0,2,0,2,0,0,0,5,0,0,0,15,64,49,0,0,0,0,9,9,9,0,0,0,0,2,2,0,2,169,0,0,0,0,0,0,0,4,0,177,177,10,177,177,0,1,190,190,190,12,190,6,0,0,0,0,4,22,0,0,0,0,3
Zhuhai,1759378,World Population Review,6,40,02/08/2020,3451,0,0,0,0,0,5,4,5,5,1,1,0,0,5,2,0,1,5,1,0,0,0,0,0,0,0,0,0,0,0,1,0,2,1,0,0,38,38,311,0,0,0,57,1,0,0,47,47,0,0,0,0,0,0,5,5,23,11,11,11,1,0,0,0,0,0,0,0,0,0,0,0,0,0,0,0,0,0,0,0,0,0,0,0,0,0,0,0,0,0,0,0,0,0,1,43,0,0,1,1,1,1,1,1,2,48,67,5,0,0,0,0,0,0,0,0,0,0,0,0,0,0,0,3,0,1,33,1,36,0,0,15,0,16,1,15,13,13,13,0,0,0,0,0,61,63,63,63,63,1,0,0,2,0,0,0,0,0,0,0,0,0,1,29,0,0,39,3,0,5,5,5,76,26,0,9,65,2,65,3,0,0,0,144,0,65,1,47,0,0,0,0,0,47,12,12,59,59,14,54,74,0,0,0,0,0,0,0,6,62,0,0,15,0,0,0,0,0,0,0,4,0,0,4,0,2,0,2,32,32,32,4,3,49,199,0,0,0,0,0,0,0,0,9,9,14,16,16,16,0,0,0,0,0,12,0,12,0,0,0,0,0,0,0,2,16,14,0,0,0,0,6,6,6,0,0,0,0,0,0,0,0,60,0,0,0,0,0,0,0,0,0,68,68,12,68,68,0,1,69,69,69,10,69,6,0,0,0,0,0,0,0,0,6,0,0
Zurich,1395356,World Population Review,10,2,02/08/2020,204065,26,13,1,0,0,51,34,61,61,20,27,0,0,61,67,169,31,61,27,0,0,0,11,0,0,6,0,0,0,0,15,0,63,22,1,1,6624,6626,6266,0,0,0,921,26,0,0,3836,3836,0,0,0,0,0,0,23,15,1397,1252,1250,1256,14,0,0,0,0,0,0,0,0,0,0,0,0,0,0,1,1,1,1,1,1,1,0,0,0,7,0,0,0,0,7,7,7,7,15,82,0,0,25,25,35,30,30,25,925,3834,7175,61,4,0,0,0,0,0,0,0,0,0,0,0,0,0,0,108,5,38,5374,0,5424,0,0,1285,5,1365,82,1285,1264,7939,8441,1,11,15,11,3,952,954,954,954,954,26,3,3,40,0,0,0,0,0,0,0,0,53,2,3009,0,0,6647,19,15,1175,1175,1175,8475,2953,5,333,1244,36,1244,18,0,0,0,4908,3,1250,99,6858,0,0,0,0,0,730,7943,8448,1207,1206,537,922,1387,21,21,21,21,21,21,21,1227,1257,0,0,1277,0,0,0,0,0,1,20,43,0,9,60,0,44,0,172,3891,3891,3892,898,800,7603,38,0,1,29,0,1,22,0,0,300,300,327,347,347,347,72,14,0,0,6,752,30,8440,0,0,0,37,24,29,0,97,1375,1278,2,2,0,1,1237,1237,1237,0,0,0,0,13,13,1,14,1241,1,0,0,0,0,0,0,23,1,1355,1355,383,1357,1357,1,25,1499,1499,1499,314,1499,339,0,0,0,0,24,40,0,0,12,0,3